공방이름,평균별점,별점건수,리뷰건수,주소,지번주소,연락처,홈페이지
라온제이가죽공방,0.0,0건,리뷰 0,대구 달서구 달구벌대로323길 23 솔향기 1층상가,(지번) 감삼동 44-15,010-4779-7767,http://blog.naver.com/johyerim-_-
팔라스가죽공방,0.0,0건,리뷰 0,대구 남구 중앙대로31길 23 1층,(지번) 대명동 181-20,010-4779-7767,http://blog.naver.com/pallas_lh
가죽공방헤비츠,5.0,1건,리뷰 5,서울 성북구 고려대로7길 46 1층,(지번) 안암동1가 105-5,010-4779-7767,http://www.hevitz.com/
포티아 가죽공방,5.0,3건,리뷰 0,대구 수성구 동대구로80길 50,(지번) 범어동 53-24,010-4779-7767,http://blog.naver.com/epunji
가죽공방 수미워크룸,0.0,0건,리뷰 0,대구 중구 경상감영길 229 2층,(지번) 동문동 4-9,010-4779-7767,http://www.instagram.com/oh_sumi
구름가죽공방,0.0,0건,리뷰 0,대구 남구 중앙대로30길 75-1,(지번) 봉덕동 572-21,070-8840-2340,
소메드가죽공방,0.0,0건,리뷰 1,부산 부산진구 전포대로255번길 41 전포상가 라동 111호,(지번) 전포동 654-1,010-8250-8817,http://blog.naver.com/somadleather
가죽공방9525,0.0,0건,리뷰 4,대구 수성구 무학로11길 17,(지번) 상동 410-9,010-8250-8817,https://blog.naver.com/cuoio9525/
가죽공방땀,0.0,0건,리뷰 0,대구 수성구 무학로37길 47,(지번) 지산동 1023-4,연락처 없음,
마이레더가죽공방,3.0,2건,리뷰 0,부산 동구 수정동로13번길 2,(지번) 수정동 802-16,연락처 없음,http://www.myleather.co.kr/
수수한 가죽공방,0.0,0건,리뷰 0,대구 북구 구암로21길 6 상가동 3층 303호,(지번) 읍내동 1366-3,연락처 없음,
제이레더가죽공방,0.0,0건,리뷰 0,대구 북구 대천로18길 2 서인빌딩 3층,(지번) 동천동 933-3,연락처 없음,http://jleathercraft.kr/
꽃비가죽공방,0.0,0건,리뷰 0,대구 수성구 고산로4길 92-3,(지번) 신매동 603-2,연락처 없음,
레더펀가죽공예공방,0.0,0건,리뷰 0,세종특별자치시 한누리대로 245 SR파크원 512호,(지번) 나성동 747,044-864-5158,http://blog.naver.com/2navel
씨밀레가죽공방,5.0,1건,리뷰 0,경남 양산시 물금읍 오봉로 61 1층,(지번) 물금읍 범어리 537-6,연락처 없음,
캐서린가죽공방,0.0,0건,리뷰 0,대구 동구 팔공로51길 21 B-16호,(지번) 봉무동 1542-2,연락처 없음,https://blog.naver.com/hlove517/
바비가죽공방,5.0,1건,리뷰 12,서울 은평구 연서로 98-1 경동빌딩 2층,(지번) 역촌동 8-38,연락처 없음,http://blog.naver.com/ahhyeon_sea
가죽공방,0.0,0건,리뷰 0,경기 안양시 만안구 삼덕로 97,(지번) 안양동 714-3,연락처 없음,
,"D 지클레어가죽공방 미술,공예",0.0,0건,리뷰 1,(지번) 안양동 714-3,연락처 없음,http://www.gclare.com/
길가죽공방,0.0,0건,리뷰 1,대전 유성구 계룡로59번길 8 201호,(지번) 봉명동 444-16,010-5542-1002,https://blog.naver.com/sayjee1
메디치가죽공방,5.0,1건,리뷰 90,서울 성동구 성수일로 10 서울숲ITCT 303호,(지번) 성수동1가 72-8,02-6362-0117,http://blog.naver.com/scuola_medici
통파치가죽공방,0.0,0건,리뷰 0,대구 북구 태전로 3,(지번) 태전동 206-2,연락처 없음,
베르데가죽공방,0.0,0건,리뷰 14,부산 동래구 아시아드대로181번길 32 1층,(지번) 사직동 22-42,연락처 없음,https://blog.naver.com/kbobee
구스토피엘 가죽공방,0.0,0건,리뷰 0,부산 기장군 정관읍 정관덕산길 80 파스텔라 타운하우스 상가 1호,(지번) 정관읍 방곡리 437,연락처 없음,https://blog.naver.com/raesong86
카프가죽공방,0.0,0건,리뷰 8,부산 부산진구 중앙대로 954-1 4층,(지번) 양정동 272-8,051-804-6722,http://blog.naver.com/calf6700
레브가죽공방,0.0,0건,리뷰 0,경북 포항시 남구 효성로93번길 30-8,(지번) 효자동 581-11,연락처 없음,
일로가죽공방,0.0,0건,리뷰 4,부산 동구 망양로 891 3층,(지번) 범일동 1445-46,연락처 없음,https://blog.naver.com/leaf130117/
레브가죽공방,0.0,0건,리뷰 0,경북 구미시 신비로 39 e편한세상 구미파크벨리 상가동 112호,(지번) 공단동 601,010-4496-8808,http://blog.naver.com/qwert2qwe
팜트리가죽공방,0.0,0건,리뷰 0,전북 전주시 덕진구 심방죽로 49,(지번) 인후동2가 8-4,연락처 없음,https://www.instagram.com/jinhee_palm
벨루스가죽공방,5.0,1건,리뷰 0,경기 광주시 중앙로 130-34,(지번) 경안동 60-3,031-761-7688,
세르미오 가죽공방,0.0,0건,리뷰 1,광주 서구 내방로 54 현대아파트상가동 2층,(지번) 치평동 1166-1,062-375-3422,http://blog.naver.com/sermio17
아틀리에 후 가죽공방,0.0,0건,리뷰 0,서울 용산구 후암로 67-2,(지번) 후암동 93,연락처 없음,
해리앤가죽공방,0.0,0건,리뷰 1,서울 관악구 봉천로 442 태정빌딩 3층,(지번) 봉천동 884-6,010-9219-7159,https://blog.naver.com/harryanne
,"D 장아진가죽공방 혁신점 미술,공예",0.0,0건,리뷰 5,(지번) 봉천동 884-6,010-9219-7159,https://blog.naver.com/my_tango
갤러리가죽공방,0.0,0건,리뷰 13,충남 천안시 서북구 불당31길 38,(지번) 불당동 1648,041-553-2225,
리드가죽공방,0.0,0건,리뷰 2,경기 부천시 중동로254번길 28 3층,(지번) 중동 1151-3,070-8200-7214,
오유가죽공방&커피,0.0,0건,리뷰 0,경북 포항시 북구 대신로7번길 15,(지번) 덕수동 42-1,연락처 없음,http://blog.naver.com/happy5uj/
가죽공방카페비트원,0.0,0건,리뷰 0,부산 연제구 거제대로 246 신라빌딩 2~3층,(지번) 거제동 18-5,051-851-8089,
가죽공방 메리다,0.0,0건,리뷰 0,인천 부평구 부흥로386번길 13 모던하우스 1층,(지번) 부개동 85-14,연락처 없음,https://blog.naver.com/merida5946
삐삐s빈티지가죽공방,0.0,0건,리뷰 0,경북 경산시 백천길 69 매화동 상가 1층,(지번) 백천동 551-91,연락처 없음,http://blog.naver.com/ree4001
가죽공방 루니에,0.0,0건,리뷰 16,서울 성동구 성수이로7가길 21-17,(지번) 성수동2가 321-93,연락처 없음,http://blog.naver.com/purinane
오도르 가죽공방,0.0,0건,리뷰 0,서울 종로구 통일로12길 37,(지번) 무악동 46-937,010-2745-7928,
맹가미가죽공방 수원점,0.0,0건,리뷰 0,경기 수원시 팔달구 정조로 848-1,(지번) 북수동 339-3,031-242-0122,
홀츠가죽공방,0.0,0건,리뷰 1,경남 김해시 율하카페길 101-16 1층,(지번) 관동동 1111-5,031-242-0122,https://www.instagram.com/holtz_leathercraft
윤홍지가죽공방,5.0,5건,리뷰 0,충북 청주시 청원구 대성로 262,(지번) 우암동 154-5,연락처 없음,
가죽공방잔느,0.0,0건,리뷰 0,경남 진주시 새평거로 112 엘크루아파트상가 210호,(지번) 평거동 919,010-3343-0010,http://blog.naver.com/jeanne_leather
가죽공방 레더문,3.7,3건,리뷰 0,서울 영등포구 당산로 8,(지번) 문래동3가 58-92,연락처 없음,https://blog.naver.com/zerorikax
가죽공방한울,0.0,0건,리뷰 0,서울 동대문구 난계로 238 세양빌딩 2층,(지번) 신설동 114-25,02-2207-5464,http://www.xn--3o5bt1y.net/
,"D 스티치스가죽공방 미술,공예",0.0,0건,리뷰 17,(지번) 신설동 114-25,02-2207-5464,https://blog.naver.com/stitches87
잇녀 가죽공방,0.0,0건,리뷰 1,서울 서초구 마방로10길 54-24 1층,(지번) 양재동 271-15,연락처 없음,http://best08itg.hubweb.net/
가죽공방 라비무드,0.0,0건,리뷰 3,서울 영등포구 도림로 481 2층,(지번) 문래동4가 8-6,연락처 없음,http://www.laviemude.info/
스튜디오은은 가죽공방,5.0,1건,리뷰 15,충북 청주시 서원구 궁뜰로37번길 6,(지번) 장성동 1-4,연락처 없음,http://blog.naver.com/thorn43
해노리가죽공방,0.0,0건,리뷰 0,경남 창원시 성산구 가양로124번길 13,(지번) 대방동 364-1,연락처 없음,
마벨러스가죽공방,0.0,0건,리뷰 0,부산 수영구 연수로357번길 21,(지번) 수영동 465-6,010-9785-1203,https://www.instagram.com/marvellous_office/
가죽공방로비,0.0,0건,리뷰 0,충북 청주시 흥덕구 증안로22번길 35,(지번) 복대동 2598,연락처 없음,
가죽공방 토글,0.0,0건,리뷰 0,경북 포항시 북구 장량주택로21번길 7,(지번) 양덕동 677-2,연락처 없음,http://solglobal.blog.me/
아로파 가죽공방,1.0,1건,리뷰 1,전북 전주시 완산구 충경로 22-1,(지번) 중앙동1가 36-14,063-227-1907,http://blog.naver.com/kbl4893.do
이라디에 가죽공방,0.0,0건,리뷰 0,서울 동작구 신대방7길 14 지하1층,(지번) 신대방동 690-25,010-8827-6376,https://blog.naver.com/lovekind7
아이소피카 가죽공방,0.0,0건,리뷰 1,서울 서초구 방배천로4안길 52 1층,(지번) 방배동 454-1,연락처 없음,http://blog.naver.com/aesopica
아피스가죽공방,0.0,0건,리뷰 5,서울 강동구 천중로51길 48 지하,(지번) 길동 330-1,연락처 없음,http://blog.naver.com/apis-leather
시나브로가죽공방,5.0,1건,리뷰 2,경기 수원시 팔달구 효원로249번길 18-17 3층,(지번) 인계동 1044-13,0507-1339-0792,https://www.instagram.com/sinabro_leather/
토글가죽공방 본점,0.0,0건,리뷰 0,경기 광주시 오포읍 능평로 78-7,(지번) 오포읍 능평리 333-7,070-4001-0420,
공지안가죽공방,0.0,0건,리뷰 0,전남 목포시 연산백련로1번길 16-7 1층 102호,(지번) 연산동 1980-9,010-9220-1129,https://www.instagram.com/gongjian1024/
,"D 소란가죽공방 미술,공예",0.0,0건,리뷰 1,(지번) 연산동 1980-9,010-9220-1129,http://blog.naver.com/rain1978
가죽공방커플피그,5.0,9건,리뷰 0,서울 종로구 자하문로 64,(지번) 효자동 27,010-4663-0513,http://couplepig.com/
한슬가죽공방,0.0,0건,리뷰 18,서울 송파구 송파대로48길 3 1층 102호,(지번) 송파동 8-4,연락처 없음,https://blog.naver.com/seulvely5959
하모니코가죽공방,0.0,0건,리뷰 2,서울 강동구 진황도로49길 41 지하1층,(지번) 길동 229,연락처 없음,http://blog.naver.com/harmonyco
레디가죽공방,0.0,0건,리뷰 0,인천 연수구 송도동 161-3 캐슬앤해모로 상가 1층,(지번) 길동 229,연락처 없음,http://instagram.com/leathie_j
안지가죽공방,0.0,0건,리뷰 0,서울 송파구 백제고분로19길 12-23 1층,(지번) 잠실동 247-11,연락처 없음,https://blog.naver.com/anzeeacc
가죽공방뚝딱뚝딱,0.0,0건,리뷰 1,서울 은평구 갈현로3길 23 지하1층,(지번) 신사동 271-2,연락처 없음,https://blog.naver.com/standard22
가죽나라공방,0.0,0건,리뷰 0,서울 중랑구 봉우재로32길 64,(지번) 면목동 137-7,02-458-7204,
라온아토가죽공방,0.0,0건,리뷰 5,울산 중구 우정7길 4 1층,(지번) 우정동 385-13,010-5352-3422,http://www.instagram.com/raon_ato_atelier
가죽공방본,0.0,0건,리뷰 2,부산 수영구 수영성로 38,(지번) 수영동 253,연락처 없음,http://blog.naver.com/bornleather
메노라가죽공방,0.0,0건,리뷰 0,경북 안동시 서경지7길 35-32,(지번) 태화동 185-22,010-9680-2001,http://blog.naver.com/dhk1419
경아트가죽공방,0.0,0건,리뷰 0,전북 전주시 덕진구 장동 1086,,연락처 없음,
가죽공방라마노,0.0,0건,리뷰 0,울산 중구 문화의거리 31 지하 1층,(지번) 성남동 3-30,연락처 없음,http://blog.daum.net/jjy0370
엑소더스가죽공방,0.0,0건,리뷰 5,경기 의정부시 체육로 249-5,(지번) 녹양동 400-28,010-2886-5818,https://blog.naver.com/verfa
아이리에가죽공방,5.0,1건,리뷰 0,서울 용산구 대사관로5길 34 1층,(지번) 한남동 683-61,070-7752-8180,http://ilier.kr/
,"D 가죽공방 무이 미술,공예",0.0,0건,리뷰 0,(지번) 한남동 683-61,070-7752-8180,https://www.instagram.com/studio_mui_/
연희동가죽공방,0.0,0건,리뷰 0,서울 서대문구 연희맛로 17-7 1층,(지번) 연희동 189-1,070-7752-8180,https://instagram.com/yonheeboy
가죽공방마이레더,1.0,1건,리뷰 0,서울 동대문구 난계로28길 48 동남빌딩 5층 502호,(지번) 신설동 114-49,070-4062-1478,http://www.myleathertool.com/
가죽공방 손,0.0,0건,리뷰 0,충북 충주시 중앙로 111,(지번) 성내동 153,연락처 없음,
레도가죽공방,0.0,0건,리뷰 7,경기 고양시 일산동구 중앙로 1160 오원프라자 4층 415호,(지번) 마두동 805-2,010-6420-1205,https://blog.naver.com/ledocraft
가죽공방담음,0.0,0건,리뷰 9,경기 수원시 팔달구 정조로623번길 23,(지번) 매교동 269-5,연락처 없음,https://www.instagram.com/gregory.moonsbro/
피렌체가죽공방,0.0,0건,리뷰 11,경기 수원시 장안구 덕영대로407번길 15 성원탑빌,(지번) 율전동 164-9,070-4829-0216,https://blog.naver.com/goldentree__/
mlv가죽공방,0.0,0건,리뷰 0,경기 군포시 금산로 65 래미안하이어스2단지상가 1층,(지번) 산본동 1241,070-4829-0216,http://blog.naver.com/mlvleatherworkshop
앤가죽공방,0.0,0건,리뷰 0,충북 충주시 염밭로 84,(지번) 교현동 1069,연락처 없음,
노스텔지어가죽공방,0.0,0건,리뷰 0,전북 전주시 덕진구 동부대로 1073-14 1층,(지번) 송천동2가 166-11,연락처 없음,
가죽공방 크리,0.0,0건,리뷰 0,서울 광진구 천호대로127길 42-2 101호,(지번) 중곡동 112-1,010-7928-6704,http://blog.naver.com/sayshane
호피사랑가죽공방,0.0,0건,리뷰 0,부산 사하구 장림시장5길 226 1층,(지번) 장림동 615-203,010-3982-8200,http://blog.naver.com/82hopi
가죽공방 메다,5.0,1건,리뷰 0,경기 수원시 팔달구 수원천로255번길 6 영동시장 2층 28청춘청년몰 2208호,(지번) 영동 8,연락처 없음,http://www.instagram.com/maeda_leather
설렘(가죽 뜨개공방),0.0,0건,리뷰 0,부산 기장군 정관읍 정관로 350,(지번) 정관읍 모전리 730,051-728-1304,
담지가죽공방,0.0,0건,리뷰 0,경기 의정부시 의정로 96 401호,(지번) 가능동 830-9,010-2094-4338,https://blog.naver.com/damnji/
,"D 진솔가죽공방 미술,공예",0.0,0건,리뷰 1,(지번) 가능동 830-9,010-2094-4338,
가죽공방레더락,5.0,1건,리뷰 0,경기 부천시 신흥로238번길 25 1층,(지번) 중동 1066-8,032-323-5079,http://ssdude.blog.me/
강찬가죽공방,0.0,0건,리뷰 0,경기 구리시 안골로7번길 37,(지번) 교문동 729-1,010-6818-8970,
브라운앤드 가죽공방,5.0,1건,리뷰 2,경기 군포시 번영로 515 6층,(지번) 산본동 1142-1,010-6818-8970,
호즈가죽공방,0.0,0건,리뷰 0,서울 도봉구 도봉로143길 30,(지번) 방학동 675-33,연락처 없음,https://www.instagram.com/hoz_leather/
살곰살곰가죽공방,0.0,0건,리뷰 1,울산 동구 화진8길 34 2층,(지번) 화정동 652-34,연락처 없음,https://www.instagram.com/sgsg_leather/
뚝딱가죽공방,5.0,1건,리뷰 0,광주 북구 일곡마을로 10,(지번) 일곡동 819-3,062-418-1286,
수제가죽공방,0.0,0건,리뷰 0,서울 송파구 성내천로8길 7,(지번) 오금동 62-6,연락처 없음,
루트가죽공방,0.0,0건,리뷰 0,서울 강북구 한천로155길 43 수유벽산아파트 A상가 406호,(지번) 수유동 205,연락처 없음,http://leatherluth.modoo.at/
가죽공방하루,0.0,0건,리뷰 0,전북 전주시 완산구 모악로 4683,(지번) 평화동2가 312-6,010-9448-2873,
아브리오 가죽공방,0.0,0건,리뷰 1,서울 성북구 종암로36길 41-13 2층,(지번) 하월곡동 90-1503,010-9927-5141,http://abrio.co.kr/
강가죽공방,0.0,0건,리뷰 0,경기 수원시 장안구 수성로245번길 18,(지번) 정자동 74-19,연락처 없음,https://www.instagram.com/kanggajuk/
수수한가죽공방,0.0,0건,리뷰 0,경남 양산시 양주1길 2,(지번) 중부동 665,055-4165-1708,
알렉스가죽공방,5.0,1건,리뷰 0,서울 강남구 봉은사로29길 6 2층 201호,(지번) 논현동 235,0507-1406-6978,http://blog.naver.com/alx_leather
업가죽공방,0.0,0건,리뷰 0,부산 사하구 윤공단로17번길 122,(지번) 다대동 949-2,010-4556-1327,
,"D 빈코가죽공방 미술,공예",0.0,0건,리뷰 0,(지번) 다대동 949-2,010-4556-1327,
가죽공방 갖바치김,0.0,0건,리뷰 0,부산 중구 용두산길 6 1층,(지번) 대청동2가 28-7,010-4556-1327,https://www.instagram.com/capaci_kim
맹가미가죽공방,5.0,4건,리뷰 0,전북 전주시 완산구 기린대로 84,(지번) 풍남동3가 26-23,063-285-0940,https://www.instagram.com/maengami_jeonju/
사랑채가죽공방,0.0,0건,리뷰 0,부산 금정구 서금로 83-2,(지번) 금사동 525,010-2667-2326,
가죽공방,0.0,0건,리뷰 0,서울 강서구 강서로33길 106,(지번) 화곡동 1043-32,010-7557-9052,
하토르 가죽공방,0.0,0건,리뷰 1,경기 하남시 미사강변서로 16 F226호,(지번) 풍산동 490-2,010-2009-3567,http://hathorcraft.blog.me/
노아가죽공방디자인스튜디오,0.0,0건,리뷰 0,경기 화성시 여울로4길 20,(지번) 능동 1091-7,010-9019-7847,
가죽공방운조,0.0,0건,리뷰 1,서울 마포구 월드컵북로1길 56 장안빌딩 3층,(지번) 서교동 375-15,010-2062-9954,http://www.wunjo.co.kr/
제이앤제이(J&J)가죽공방,0.0,0건,리뷰 0,전북 전주시 완산구 감나무4길 10,(지번) 서신동 782-5,연락처 없음,
미루가죽공방,0.0,0건,리뷰 0,경기 고양시 일산동구 강송로88번길 29-2 1층,(지번) 백석동 1163-12,연락처 없음,http://meeruleather.modoo.at/
만지작가죽공방,0.0,0건,리뷰 0,경기 화성시 지산1길 18-22,(지번) 영천동 688-6,070-8841-2483,http://blog.naver.com/kimmymam70/
온미 가죽공방,0.0,0건,리뷰 0,서울 광진구 능동로15길 22 b동 101호,(지번) 화양동 529,070-8841-2483,https://www.instagram.com/onmi_leather/
그레이가죽공방,0.0,0건,리뷰 0,울산 남구 왕생로120번길 7 하나빌딩 3층,(지번) 달동 1319-12,연락처 없음,https://blog.naver.com/ririds/
컴패니언 가죽공방,0.0,0건,리뷰 0,대전 중구 보문로67번길 31 1층,(지번) 부사동 152-6,연락처 없음,https://instagram.com/companion_chan
하빌리스가죽공방,4.2,5건,리뷰 4,경기 안산시 상록구 성안길 69 1층,(지번) 사동 1563-10,연락처 없음,https://blog.naver.com/kahyun71/
,"D 맹가미가죽공방 미술,공예",0.0,0건,리뷰 0,(지번) 사동 1563-10,연락처 없음,
아인가죽공방,0.0,0건,리뷰 0,울산 남구 팔등로 60 2층,(지번) 신정동 492-20,연락처 없음,http://blog.naver.com/2296058
가죽공방토야,0.0,0건,리뷰 48,서울 금천구 디지털로9길 32 갑을그레이트밸리 B동 205호,(지번) 가산동 60-5,연락처 없음,https://toya.modoo.at/
109가죽공방,0.0,0건,리뷰 0,서울 용산구 한강대로40가길 20,(지번) 한강로2가 62-1,연락처 없음,http://www.109leathers.com/
뮤토가죽공방,4.2,6건,리뷰 0,서울 관악구 은천로 95 벽산블루밍아파트 상가 119호,(지번) 봉천동 1718,연락처 없음,http://blog.naver.com/bluemooks
휘스가죽공방,5.0,1건,리뷰 0,전남 나주시 배멧3길 19-7,(지번) 빛가람동 348-20,연락처 없음,
페리스가죽공방,0.0,0건,리뷰 46,경기 남양주시 경춘로1350번길 35 리치플러스 5층 503-2호,(지번) 평내동 140,031-510-7570,http://blog.naver.com/pelliss
라니가죽공방,0.0,0건,리뷰 0,울산 남구 수암로116번길 59-21,(지번) 야음동 763-2,연락처 없음,
레더79가죽공방,0.0,0건,리뷰 0,서울 성동구 마장로 137 텐즈힐상가 402동 214호,(지번) 상왕십리동 811,010-7145-5315,https://blog.naver.com/jssweet79
토브가죽공방,5.0,1건,리뷰 1,서울 동작구 장승배기로 64,(지번) 상도동 181-2,010-9155-3366,http://blog.naver.com/15vision
가란드가죽공방,0.0,0건,리뷰 8,부산 해운대구 해운대로 814 세종월드프라자 A동 302호,(지번) 좌동 1479-3,연락처 없음,https://blog.naver.com/gnworks/
라온아토가죽공방,0.0,0건,리뷰 2,울산 남구 돋질로239번길 16 2층,(지번) 삼산동 1511-6,010-5352-3422,https://www.instagram.com/raon_ato_atelier/
종로가죽공방,5.0,1건,리뷰 0,서울 종로구 사직로8길 24 경희궁의 아침 2단지 418호,(지번) 내수동 71,070-4025-1789,http://www.jongrogb.com/
가죽공방그냥,0.0,0건,리뷰 1,경기 수원시 팔달구 중부대로 215 선경아파트 101동 지하,(지번) 우만동 98,010-3211-3513,
너드 가죽공방,0.0,0건,리뷰 0,경기 화성시 꽃내음1길 25 3층,(지번) 새솔동 77-10,010-3211-3513,
,"D 모리스가죽공방 미술,공예",0.0,0건,리뷰 2,(지번) 새솔동 77-10,010-3211-3513,https://blog.naver.com/91morris/
레더가든가죽공방,0.0,0건,리뷰 0,충북 충주시 중앙탑면 원앙길 17 1층,(지번) 중앙탑면 용전리 816,연락처 없음,https://leathergardens.modoo.at/
필레더가죽공방,0.0,0건,리뷰 1,서울 구로구 고척로21가길 2 2층,(지번) 개봉동 97-6,연락처 없음,http://www.philleather.com/
보르가죽공방,0.0,0건,리뷰 0,울산 중구 당산1안길 28 1층,(지번) 우정동 276-52,연락처 없음,http://blog.naver.com/green70mi
호야가죽공방,0.0,0건,리뷰 0,전북 전주시 덕진구 견훤로 247,(지번) 인후동1가 448-36,연락처 없음,
메리J가죽공방,0.0,0건,리뷰 0,경기 김포시 김포한강11로140번길 67,(지번) 운양동 1409-14,연락처 없음,
미나미가죽공방,0.0,0건,리뷰 0,경기 고양시 덕양구 무원로 2,(지번) 행신동 706,연락처 없음,
훈민정음가죽공방,0.0,0건,리뷰 0,서울 강북구 4.19로 20,(지번) 수유동 279-237,연락처 없음,
까사가죽공방,0.0,0건,리뷰 0,인천 남동구 담방로47번길 14-11,(지번) 만수동 1021-5,연락처 없음,
레블릭가죽공방,0.0,0건,리뷰 8,경기 성남시 분당구 내정로119번길 35 지하 1층,(지번) 정자동 36-1,연락처 없음,http://blog.naver.com/leblic
예랑가죽공방,0.0,0건,리뷰 0,충북 청주시 청원구 상당로 314 한국공예관 공방 6호,(지번) 내덕동 201-31,연락처 없음,
렉시피온가죽공방,0.0,0건,리뷰 0,울산 남구 월평로135번길 7,(지번) 신정동 236-134,연락처 없음,
세컨홉가죽공방,0.0,0건,리뷰 2,서울 서초구 양재천로19길 11-3,(지번) 양재동 123-4,02-6080-7571,
체히 가죽공방,0.0,0건,리뷰 0,서울 동작구 동작대로15길 87,(지번) 사당동 1014,연락처 없음,
제이민가죽공방,0.0,0건,리뷰 1,전북 전주시 완산구 서곡1길 1-6 1층,(지번) 효자동3가 1457-4,010-3428-3333,https://www.instagram.com/hi_jmin_/
,"D 세피로트가죽공방 미술,공예",0.0,0건,리뷰 43,(지번) 효자동3가 1457-4,010-3428-3333,http://blog.naver.com/by_sephiroth
로뎀나무가죽공방,0.0,0건,리뷰 0,인천 계양구 계양대로205번길 3,(지번) 계산동 942-1,010-7163-0998,https://instagram.com/rodem_namu_leather
유브로가죽공방,0.0,0건,리뷰 0,서울 강북구 도봉로45길 27 1층,(지번) 미아동 309-20,010-7163-0998,https://www.instagram.com/ubro_leather/
루시디안 가죽공방,0.0,0건,리뷰 13,서울 강서구 공항대로 237 에이스타워마곡 2층 215호,(지번) 마곡동 727-1166,010-7163-0998,http://lucidian.co.kr/
순가죽공방,0.0,0건,리뷰 0,경기 화성시 효행로 1076-8,(지번) 병점동 845-2,연락처 없음,http://soonleather.ewebstory.com/
가죽공방 모이공작소,0.0,0건,리뷰 0,경기 성남시 분당구 판교역로 240 삼환하이펙스 A동 128호,(지번) 삼평동 678,010-3219-7084,https://www.instagram.com/crafts.moe/
케이디가죽공방,0.0,0건,리뷰 1,서울 마포구 월드컵로1길 28 1층,(지번) 합정동 387-22,연락처 없음,http://keidstudio.com/
라피네가죽공방,0.0,0건,리뷰 2,경기 의정부시 시민로 137 2층,(지번) 의정부동 172-21,010-9213-9106,http://raffineleather.modoo.at/
스티치엔 가죽공방,0.0,0건,리뷰 10,경기 군포시 산본천로 198 2층,(지번) 산본동 236-6,031-394-6620,https://stitchen.modoo.at/
가죽공방무이,0.0,0건,리뷰 0,경기 수원시 영통구 대학1로8번길 14,(지번) 이의동 1277-3,연락처 없음,
모아레더가죽공방,0.0,0건,리뷰 0,충북 청주시 흥덕구 강내면 탑연월곡길 73,(지번) 강내면 월곡리 228-16,010-9196-6737,
재미난가죽공방,0.0,0건,리뷰 2,인천 중구 제물량로 252-2,(지번) 선린동 27-5,연락처 없음,http://blog.naver.com/hohoinsuk
제이가죽공방,0.0,0건,리뷰 0,충북 청주시 흥덕구 오송읍 오송2길 25,(지번) 오송읍 오송리 60-39,연락처 없음,
가죽공방 워니레더,0.0,0건,리뷰 1,서울 영등포구 국회대로29길 3 현대2차아파트상가 지하 1층 워니레더,(지번) 당산동4가 92,연락처 없음,https://blog.naver.com/kimsc0803
가죽공방블로꼬,0.0,0건,리뷰 0,서울 성북구 동소문로 66 명인빌딩 4층,(지번) 동소문동3가 79,연락처 없음,http://blog.naver.com/bloccostudio
,"D 뽀시미네가죽공방 미술,공예",0.0,0건,리뷰 0,(지번) 동소문동3가 79,연락처 없음,https://posimine.modoo.at/
노엘라가죽공방,0.0,0건,리뷰 0,서울 동작구 신대방14길 5-1,(지번) 신대방동 601-79,연락처 없음,http://blog.naver.com/ellastore
가죽나무,0.0,0건,리뷰 0,경기 성남시 분당구 정자로 78 5층,(지번) 정자동 126-1,031-712-8665,
아이브가죽공방,5.0,1건,리뷰 0,서울 용산구 신흥로 97-4,(지번) 용산동2가 1-506,010-4040-8834,http://ive1972.com/
가죽공방하,0.0,0건,리뷰 3,서울 금천구 시흥대로 291 금천롯데캐슬골드파크3차 상가310동 203호,(지번) 독산동 1155,연락처 없음,https://www.instagram.com/by_hamade/
토글가죽공방,0.0,0건,리뷰 0,경기 안양시 동안구 시민대로 180 롯데백화점 평촌점 3층,(지번) 호계동 1039,031-8086-9339,http://blog.naver.com/toggleleathercraft/221658634230
제이씨가죽공방,3.0,1건,리뷰 0,서울 성동구 한림말3길 14 2층,(지번) 옥수동 362-3,070-4064-8830,
므로가죽공방,0.0,0건,리뷰 1,경기 부천시 조마루로85번길 7-40 1층,(지번) 상동 554-2,070-4064-8830,https://blog.naver.com/mmeuro
미로가죽공방,0.0,0건,리뷰 0,강원 원주시 중앙시장길 6 가동2층19호,(지번) 중앙동 60-56,연락처 없음,http://miro0407.modoo.at/
베르시무스가죽공방,5.0,1건,리뷰 0,부산 부산진구 서전로57번길 14 1층,(지번) 전포동 201-29,연락처 없음,https://versimus.modoo.at/
리나가죽공방,0.0,0건,리뷰 0,경기 김포시 사우중로11번길 9,(지번) 사우동 253-3,연락처 없음,http://blog.naver.com/singo6233/221044605164
다비드가죽공방,0.0,0건,리뷰 0,경기 고양시 일산동구 백석로72번길 59-3,(지번) 백석동 1266-3,연락처 없음,
호두나무가죽공방,0.0,0건,리뷰 0,충북 청주시 흥덕구 서현중로31번길 29,(지번) 가경동 1870,연락처 없음,
멜란지가죽공방,0.0,0건,리뷰 8,경기 성남시 분당구 정자일로 121 더샵 스타파크 1층 C-21호,(지번) 정자동 174-1,연락처 없음,http://blog.naver.com/at_melange/
모란가죽공방,4.0,1건,리뷰 0,경기 부천시 소사로794번길 53,(지번) 원종동 246-16,010-8377-1178,
,"D 씨로네가죽공방 미술,공예",0.0,0건,리뷰 0,(지번) 원종동 246-16,010-8377-1178,
자주가죽공방,0.0,0건,리뷰 0,서울 마포구 동교로 255,(지번) 연남동 229-59,연락처 없음,
도깨비가죽공방,0.0,0건,리뷰 0,경기 파주시 와석순환로192번길 38,(지번) 동패동 1822-3,연락처 없음,
가죽공방 레토,0.0,0건,리뷰 1,서울 양천구 오목로50길 23 문창오피스텔 501호,(지번) 신정동 1006-1,연락처 없음,http://www.retto.co.kr/
가죽공방 땜므,0.0,0건,리뷰 0,전남 순천시 충효로 129-1,(지번) 조례동 1246-5,연락처 없음,http://www.instagram.com/ddaemme_/
가죽공방 만듦,0.0,0건,리뷰 8,경기 화성시 청계동 536 카림애비뉴 2층 2075호,,연락처 없음,http://blog.naver.com/mandeurm
마로니에가죽공방,0.0,0건,리뷰 0,서울 서초구 주흥길 64-17 1층,(지번) 반포동 718-1,연락처 없음,http://www.maronnier.co.kr/
늘처음처럼샘플실 가죽공방,0.0,0건,리뷰 0,서울 중랑구 면목로47길 41,(지번) 면목동 597-1,010-5204-1109,
오엔가죽공방,0.0,0건,리뷰 0,울산 중구 구루미8길 29,(지번) 다운동 598-1,연락처 없음,https://blog.naver.com/onleather
가죽공방 꼬또,0.0,0건,리뷰 1,서울 송파구 가락로 155 203호,(지번) 송파동 106-15,연락처 없음,http://blog.naver.com/easysilverv
에바다통가죽공방,0.0,0건,리뷰 0,경북 포항시 남구 양학천로76번길 16,(지번) 대도동 91-1,010-4430-5900,
가죽사랑공방,0.0,0건,리뷰 0,강원 강릉시 남구길30번길 14,(지번) 포남동 1160-5,033-645-0517,
씨로네가죽공방 연남점,0.0,0건,리뷰 1,서울 마포구 연희로1길 7,(지번) 동교동 147-31,연락처 없음,https://www.instagram.com/ciro.ne/
디아나가죽공방,0.0,0건,리뷰 0,서울 송파구 가락로18길 8 1층,(지번) 송파동 97-20,010-2652-7782,
서브젝트가죽공방,0.0,0건,리뷰 0,서울 동작구 상도로30길 71,(지번) 상도동 28-26,연락처 없음,http://www.subjectcraft.com/
,"D 아티끄에스가죽공방 영통점 미술,공예",0.0,0건,리뷰 1,(지번) 상도동 28-26,연락처 없음,http://www.artique-s.com/
미다스가죽공방,0.0,0건,리뷰 0,경기 김포시 김포대로761번길 12,(지번) 사우동 401-3,070-4686-2898,
도노가죽공방,0.0,0건,리뷰 0,경남 창원시 진해구 진해대로 957,(지번) 자은동 815-12,연락처 없음,
엄구스가죽공방,0.0,0건,리뷰 0,서울 동작구 동작대로39길 22,(지번) 동작동 333,010-7255-7848,
가죽공예 가죽공방,0.0,0건,리뷰 0,경기 고양시 일산동구 장백로 184 5층 507-1호,(지번) 장항동 895-1,연락처 없음,
클로토가죽공방,0.0,0건,리뷰 0,서울 동작구 동작대로 153-1,(지번) 사당동 79-13,연락처 없음,
나베가가죽공방,0.0,0건,리뷰 0,울산 동구 봉수로 140 1층,(지번) 화정동 162,연락처 없음,http://blog.naver.com/sumi1160
아트비가죽공방,0.0,0건,리뷰 0,경기 안양시 만안구 삼봉로 25 2층,(지번) 박달동 139-6,010-5227-4542,http://instagram.com/art.vi
가죽공방M214,0.0,0건,리뷰 0,서울 송파구 삼학사로18길 3 1층,(지번) 석촌동 2-14,연락처 없음,
부강가죽공방,0.0,0건,리뷰 0,세종특별자치시 부강면 부촌길 6,(지번) 부강면 부강리 520-1,연락처 없음,
보들가죽공방,0.0,0건,리뷰 1,경기 성남시 분당구 양현로94번길 7 대명프라자 2층 203호,(지번) 이매동 120-1,연락처 없음,http://blog.naver.com/aocbeng
LUCIR Leather works(루씨르,0.0,0건,리뷰 0,서울 중랑구 면목로 383,(지번) 면목동 504-2,연락처 없음,
엘라보로가죽공방,0.0,0건,리뷰 1,경기 수원시 팔달구 덕영대로 905 아이메카빌딩 5층,(지번) 매산로1가 11-12,연락처 없음,https://blog.naver.com/lravoro
팜트리가죽공방,0.0,0건,리뷰 0,전북 전주시 덕진구 인후동1가 1033,,연락처 없음,https://blog.naver.com/palm-atelier
온유가죽공방,0.0,0건,리뷰 0,경기 고양시 일산동구 노루목로 100,(지번) 장항동 881,연락처 없음,
,"D 아트앤레더 가죽공방 미술,공예",0.0,0건,리뷰 0,(지번) 장항동 881,연락처 없음,http://blog.naver.com/nojieun1104/
위드살롱아찌 가죽공방 신설동점,0.0,0건,리뷰 0,서울 종로구 종로66가길 28-7 1층,(지번) 숭인동 207-49,연락처 없음,http://www.withsalonazzi.com/
위드가죽공방,0.0,0건,리뷰 0,강원 강릉시 중앙시장2길 7,(지번) 성남동 106-11,010-2168-2922,
신쌤의 가죽공방,0.0,0건,리뷰 0,경기 화성시 남양읍 역골로50번길 5-3 1층,(지번) 남양읍 남양리 2025-5,010-2168-2922,http://blog.naver.com/coolsmile20
그린나래가죽공방,0.0,0건,리뷰 0,충남 홍성군 홍성읍 의사로43번길 21,(지번) 홍성읍 대교리 397-6,041-631-0000,
우리가죽공방,0.0,0건,리뷰 0,인천 남동구 백범로352번길 13,(지번) 간석동 99-8,연락처 없음,
폰틸레 가죽공방,0.0,0건,리뷰 0,서울 마포구 마포대로 143 마포공덕파크팰리스2 2층 221호,(지번) 공덕동 462,연락처 없음,
클래스가죽공방,0.0,0건,리뷰 2,서울 마포구 성미산로 48-1 대명빌딩 5층,(지번) 성산동 242-21,010-2523-4536,https://blog.naver.com/ththqq0612
가죽공방놀,0.0,0건,리뷰 0,전남 화순군 화순읍 충의로 125,(지번) 화순읍 광덕리 383,연락처 없음,
비앙코가죽공방,0.0,0건,리뷰 1,서울 영등포구 선유로51길 15,(지번) 양평동4가 151-3,연락처 없음,http://www.bian-co.co.kr/
누리가죽공방,0.0,0건,리뷰 0,서울 영등포구 당산로 180,(지번) 당산동4가 31-2,02-3446-3840,
비모어가죽공방,0.0,0건,리뷰 0,서울 금천구 범안로 1142 9층 901호,(지번) 가산동 714,010-9949-2161,https://bmoreleather.modoo.at/
자작가죽공방,0.0,0건,리뷰 0,경기 안산시 단원구 이삭2길 39,(지번) 고잔동 737-7,연락처 없음,
예랑가죽공방,0.0,0건,리뷰 0,충북 청주시 청원구 충청대로72번길 1 2층,(지번) 내덕동 431-1,043-294-8463,
오뜨가죽공방,0.0,0건,리뷰 2,서울 강서구 공항대로81길 15 k타워 301호,(지번) 염창동 282-7,010-9443-7807,http://blog.naver.com/inkyung78
,"D 음메 가죽공방 미술,공예",0.0,0건,리뷰 0,(지번) 염창동 282-7,010-9443-7807,http://www.instagram.com/umme_leather
디어도트가죽공방,0.0,0건,리뷰 3,강원 춘천시 지석로 67,(지번) 석사동 873,010-9764-7474,http://blog.naver.com/deardot/
늘솜가죽공방,0.0,0건,리뷰 0,경기 광주시 중앙로145번길 11 1층,(지번) 경안동 73-5,0507-1405-6335,http://www.neulsom.co.kr/
루아레더가죽공방,5.0,1건,리뷰 0,경기 고양시 일산동구 일산로 46 310-1호,(지번) 백석동 1308,010-9059-5214,https://blog.naver.com/wonstories
가죽공방네오,5.0,1건,리뷰 0,서울 광진구 뚝섬로32길 39,(지번) 자양동 64-12,연락처 없음,
에땅뀌르가죽공방,0.0,0건,리뷰 0,경기 군포시 산본로323번길 16-29 청송프라자 7층,(지번) 산본동 1136-1,010-4667-3989,http://blog.naver.com/fulrip4
폴리나가죽공방,0.0,0건,리뷰 3,인천 중구 하늘달빛로 88 채운에비뉴 6층 604호,(지번) 중산동 1875-5,010-8077-0524,https://blog.naver.com/younheeii
베아트리체가죽공방,0.0,0건,리뷰 0,서울 강서구 가로공원로84길 79 2층,(지번) 화곡동 352-40,연락처 없음,https://blog.naver.com/hyobaru/
메이미가죽공방,0.0,0건,리뷰 1,서울 종로구 평창12길 3 나라빌딩 3층,(지번) 평창동 220,02-396-8842,https://www.instagram.com/maymi_leather/
행복이네 가죽공방,0.0,0건,리뷰 0,인천 동구 송림로 지하 4,(지번) 금곡동 10,연락처 없음,
유즈가죽공방(YUZ Leather At,0.0,0건,리뷰 0,충남 서산시 고운로 61-15,(지번) 읍내동 813,연락처 없음,
위드살롱아찌 가죽공방,0.0,0건,리뷰 0,경기 성남시 중원구 사기막골로 148 중앙이노테크 B201,(지번) 상대원동 171,연락처 없음,http://withsalonazzi.com/
비아로마나 가죽공방,0.0,0건,리뷰 0,경기 성남시 분당구 백현로144번길 27 1층,(지번) 정자동 38-4,연락처 없음,https://www.instagram.com/viaromana_leather/
미리가죽공방,0.0,0건,리뷰 0,경기 파주시 탄현면 헤이리마을길 93-75 더스텝 B동 202호,(지번) 탄현면 법흥리 1652-37,연락처 없음,http://blog.naver.com/miri323
아를로가죽공방,5.0,1건,리뷰 0,경기 성남시 분당구 야탑로 102 뉴젠빌오피스텔 2층 204호,(지번) 야탑동 514-2,연락처 없음,http://arloleather.com/
,"D 꽃보다가죽공방 미술,공예",0.0,0건,리뷰 0,(지번) 야탑동 514-2,연락처 없음,http://boomtattoo.blog.me/
미자가죽공방,0.0,0건,리뷰 0,전남 목포시 삼향천로91번길 16-1,(지번) 옥암동 988-8,010-4334-9908,http://blog.naver.com/kimmiso2013
진가죽공방,0.0,0건,리뷰 0,강원 강릉시 율곡초교길47번길 9,(지번) 교동 1864-6,010-2168-2922,
가죽공방연지,0.0,0건,리뷰 0,서울 강남구 남부순환로 지하 2814 지하 2층 여성창업플라자 208호,(지번) 도곡동 339-2,0507-1456-8517,http://yenzy.co.kr/
가죽공방 곰,0.0,0건,리뷰 0,경기 성남시 분당구 성남대로 51 분당포스빌 596호,(지번) 구미동 156,010-9535-4536,http://gomgajuk.blog.me/
유빈가죽공방,0.0,0건,리뷰 0,경기 고양시 덕양구 능곡로 11,(지번) 토당동 347-7,010-8889-0490,
꼬매리가죽공방,0.0,0건,리뷰 3,인천 연수구 컨벤시아대로42번길 8 코오롱더프라우1단지 102동 107호,(지번) 송도동 15-12,연락처 없음,http://blog.naver.com/ggomerry/
가죽공방룩스,0.0,0건,리뷰 0,경기 성남시 분당구 미금로 251 청솔성원아파트 상가동 2층 204호,(지번) 금곡동 143,연락처 없음,https://blog.naver.com/luxeatelier
바이크레더가죽공방,0.0,0건,리뷰 1,전북 전주시 덕진구 백제대로 781 3층,(지번) 우아동3가 732-5,연락처 없음,https://blog.naver.com/bikeleather/
이지가죽공방,0.0,0건,리뷰 1,인천 연수구 능허대로79번길 30 럭키송도아파트 종합상가 2층 209호,(지번) 옥련동 626,010-2197-0268,http://blog.naver.com/izzy_atelier
티도그 가죽공방,0.0,0건,리뷰 0,서울 광진구 뚝섬로 694 1층,(지번) 자양동 681-5,연락처 없음,http://smartstore.naver.com/tdog-leather
아이언브릿지,0.0,0건,리뷰 0,경기 양주시 고읍남로39번길 143 1층,(지번) 광사동 690-4,연락처 없음,
유일무이 가죽공방,5.0,1건,리뷰 0,경기 시흥시 서울대학로278번길 34 307호,(지번) 정왕동 2526,070-7545-6102,https://blog.naver.com/yuni1150
토글가죽공방 인천연수점,0.0,0건,리뷰 0,인천 연수구 청능대로 210,(지번) 동춘동 926,070-4001-0420,https://blog.naver.com/toggleleathercraft
재미난가죽공방,0.0,0건,리뷰 0,인천 중구 차이나타운로52번길 15,(지번) 선린동 40-3,연락처 없음,
,"D 찬란가죽공방 미술,공예",0.0,0건,리뷰 0,(지번) 선린동 40-3,연락처 없음,
CLOTHO 가죽공방,0.0,0건,리뷰 0,서울 동작구 동작대로 153-1,(지번) 사당동 79-13,연락처 없음,
에이치팩토리 가죽공방,0.0,0건,리뷰 0,인천 계양구 계산새로 110 상가동 2층,(지번) 계산동 1084-2,연락처 없음,https://www.instagram.com/h_factory_leather/
비브르가죽공방,0.0,0건,리뷰 0,경기 고양시 덕양구 마상로154번길 2 유림빌딩 301호,(지번) 성사동 500-23,연락처 없음,
베아트리체가죽공방,0.0,0건,리뷰 1,경기 시흥시 은계번영길 19 디스퀘어큐브 502호,(지번) 은행동 646-8,연락처 없음,https://blog.naver.com/hjphappy79/
소소다움가죽공방,0.0,0건,리뷰 0,서울 강서구 허준로 175,(지번) 가양동 1485,연락처 없음,
소소한 가죽공방,0.0,0건,리뷰 0,경기 군포시 군포로471번길 32,(지번) 당동 792-17,연락처 없음,
놀이터가죽공방,0.0,0건,리뷰 0,경기 성남시 분당구 불정로386번길 10,(지번) 서현동 307,연락처 없음,
마노가죽공방,0.0,0건,리뷰 0,대구 중구 명덕로55길 11 1층,(지번) 대봉동 162-31,연락처 없음,https://maladin.blog.me/221594347321?Redirect=Log&from=postView
가죽공방 헤비츠 성수 팩토,5.0,1건,리뷰 13,서울 성동구 아차산로 15-8 1층,(지번) 성수동1가 656-1112,연락처 없음,https://hevitz.com/
가죽공방레더테이블,0.0,0건,리뷰 0,경북 경산시 강변서로53길 10-9,(지번) 정평동 247-26,연락처 없음,
지오가죽공방카,5.0,1건,리뷰 0,경남 창원시 성산구 가음로 89 지하1층,(지번) 남양동 39-17,연락처 없음,https://blog.naver.com/leather74
레이저가죽공방,0.0,0건,리뷰 0,부산 수영구 남천동로10번길 2,(지번) 남천동 18-16,070-7554-2436,http://starrazor.blog.me/
베아누스가죽공방,0.0,0건,리뷰 0,울산 남구 삼호로7번길 3 1층,(지번) 무거동 1440-12,연락처 없음,http://www.beanus-korea.com/
크리에잇 가죽공방,0.0,0건,리뷰 1,경기 남양주시 평내로29번안길 6-4,(지번) 평내동 577-2,연락처 없음,http://cree8.modoo.at/
,D 토글가죽공방 패션,5.0,1건,리뷰 0,(지번) 평내동 577-2,연락처 없음,https://blog.naver.com/toggle595
모모가죽공방,0.0,0건,리뷰 0,경남 거제시 연초면 거제북로 57,(지번) 연초면 죽토리 1238,070-4922-1261,
가죽공방,0.0,0건,리뷰 0,경기 평택시 중앙로 142,(지번) 합정동 757-1,연락처 없음,
골드테구가죽공방,0.0,0건,리뷰 0,서울 영등포구 도림로 432 1층,(지번) 문래동3가 58-77,02-2677-0674,
가죽공방진실,1.0,1건,리뷰 0,전북 전주시 완산구 전주객사4길 69 2층,(지번) 고사동 364-4,연락처 없음,
안나가죽공방,0.0,0건,리뷰 0,충북 충주시 남산4길 35,(지번) 교현동 1061,연락처 없음,
낫띵메터스 가,0.0,0건,리뷰 2,서울 강서구 마곡서로 175 M밸리4단지 상가 106호,(지번) 마곡동 315-6,연락처 없음,
레더빈 가죽공방,0.0,0건,리뷰 0,부산 수영구 장대골로7번길 18,(지번) 광안동 743-2,연락처 없음,
엘아트가죽공,0.0,0건,리뷰 0,광주 동구 중흥로 239,(지번) 계림동 578-10,062-415-0750,
숲속의가,5.0,1건,리뷰 0,광주 동구 예술길 20-5,(지번) 궁동 52-4,062-225-0609,
바이던가죽공방,0.0,0건,리뷰 2,서울 송파구 백제고분로34길 33 2층,(지번) 석촌동 228-9,062-225-0609,
로얄핸즈 가죽공방 전주점,0.0,0건,리뷰 0,전북 전주시 완산구 서곡1길 1-6,(지번) 효자동3가 1457-4,연락처 없음,
정희가죽공,0.0,0건,리뷰 0,광주 서구 금부로 115,(지번) 금호동 737-12,061-430-7900,
루쎄로가죽공방,0.0,0건,리뷰 0,경기 수원시 영통구 영통로112번길 30,(지번) 망포동 540-5,연락처 없음,
가죽공방파란달,0.0,0건,리뷰 0,경기 고양시 일산서구 일산로635번길 18 1층,(지번) 대화동 2108-10,연락처 없음,http://blog.naver.com/bluemoon-leather
,"D 한샘가죽공방 가죽,모피",0.0,1건,리뷰 0,(지번) 대화동 2108-10,연락처 없음,http://www.hsgajuk.com/
두각가죽공방(Dugak Atelier),0.0,0건,리뷰 0,경기 수원시 권선구 효원로 226,(지번) 권선동 1011-3,031-223-0612,
맹가미가죽공방 의정부점,0.0,0건,리뷰 0,경기 의정부시 시민로121번길 34-5,(지번) 의정부1동 178-7,031-840-7733,
성수동 가,0.0,0건,리뷰 0,서울 광진구 동일로2길 7,(지번) 자양동 206,연락처 없음,
가,0.0,0건,리뷰 0,서울 동작구 사당로16길 30,(지번) 사당동 274-24,02-523-5760,
H가죽공방,0.0,0건,리뷰 0,인천 미추홀구 구월남로 20,(지번) 주안동 1556-14,연락처 없음,
모모가죽공방,0.0,0건,리뷰 0,충남 당진시 백암로 166,(지번) 채운동 346-8,연락처 없음,
인디안가죽공,0.0,0건,리뷰 0,경기 평택시 중앙시장로12번길 2,(지번) 신장동 300-42,연락처 없음,
사스미가죽공방,0.0,0건,리뷰 0,경기 수원시 팔달구 경수대로 584,(지번) 인계동 939,연락처 없음,
훈민정음가죽공방,0.0,0건,리뷰 0,서울 용산구 청파로47길 26,(지번) 청파동2가 84-2,02-3273-7075,
별빛가죽공방,0.0,0건,리뷰 0,경기 용인시 처인구 명지로60번길 37-12,(지번) 역북동 773-3,연락처 없음,
라엘 소그나레 가죽공방,0.0,0건,리뷰 0,경기 부천시 호현로447번길 5-3,(지번) 소사본동 147-18,연락처 없음,
온 가죽공방,0.0,0건,리뷰 1,경기 광명시 범안로 1056,(지번) 하안동 53-1,연락처 없음,
아글라이아 가,0.0,0건,리뷰 1,서울 동작구 상도로 153 혜현빌딩 지하1층,(지번) 상도동 187-1,070-8803-8310,https://blog.naver.com/pencoguy
Leather n Design가죽공방,0.0,0건,리뷰 0,경기 화성시 동탄지성로 17,(지번) 반송동 93-1,070-8810-2156,
,D 가호수가죽공방 생활용품제조,0.0,0건,리뷰 0,(지번) 반송동 93-1,070-8810-2156,
도리바리 가,0.0,0건,리뷰 0,경기 광명시 광화로13번길 13-1,(지번) 광명동 374-173,02-7798-9026,
무어통가죽공방,0.0,0건,리뷰 0,강원 원주시 원일로 3,(지번) 명륜동 5-2,연락처 없음,
유빈가죽공방,0.0,0건,리뷰 0,경기 고양시 일산동구 백석로72번길 59-3,(지번) 백석동 1266-3,070-7726-8122,
진가죽,0.0,0건,리뷰 0,강원 강릉시 율곡초교길47번길 11 9호 1층,(지번) 교동 1860-11,연락처 없음,
마고트가죽공방,0.0,0건,리뷰 0,서울 서초구 잠원로 36,(지번) 잠원동 68,02-537-0828,
연희가죽공방,0.0,0건,리뷰 0,서울 강남구 강남대로146길 28,(지번) 논현동 22,02-518-0490,
얏찌가죽공방,0.0,0건,리뷰 0,경기 구리시 안골로56번길 30,(지번) 교문동 5-2,연락처 없음,http://blog.naver.com/yahtzeeblog
맹가미가죽공방,0.0,0건,리뷰 0,인천 중구 우현로35번길 21-2,(지번) 신생동 2-4,연락처 없음,
프로마쥬 가죽공방,0.0,0건,리뷰 0,경기 구리시 장자대로1번길 38,(지번) 교문동 803-10,연락처 없음,
까죽이남악가죽공방,0.0,0건,리뷰 0,전남 무안군 삼향읍 남악3로82번길 41,(지번) 삼향읍 남악리 2139,연락처 없음,
아바드가죽공방 ,5.0,2건,리뷰 2,경기 군포시 고산로 679 미성프라자 3층,(지번) 산본동 1061-3,연락처 없음,https://blog.naver.com/avade77/
지나베가죽공방,0.0,0건,리뷰 2,서울 구로구 새말로 97 신도림테크노마트 지하1층,(지번) 구로동 3-25,연락처 없음,http://storefarm.naver.com/zvc
하토르 가죽공방,0.0,0건,리뷰 0,경기 남양주시 진접읍 해밀예당1로190번길 20,(지번) 진접읍 금곡리 1036-1,031-528-6263,
옐로가,0.0,0건,리뷰 0,서울 관악구 봉천로7길 19 4층,(지번) 봉천동 702-91,연락처 없음,http://blog.naver.com/yoonzz3
,D 크레아레가죽공방 취미,0.0,0건,리뷰 0,(지번) 봉천동 702-91,연락처 없음,
가죽공방비브르사비 ,0.0,0건,리뷰 0,서울 서초구 동산로6길 38,(지번) 양재동 341-2,연락처 없음,
DAVIDA가죽공방,0.0,0건,리뷰 0,경기 하남시 수리남로5번길 34,(지번) 덕풍동 372-118,031-794-9154,
마틴 가죽공,0.0,0건,리뷰 0,경기 고양시 일산동구 중앙로 1130,(지번) 마두동 806,031-908-4285,
탑가,0.0,0건,리뷰 0,인천 서구 석남로109번길 13,(지번) 석남동 575-36,032-572-5773,
파더스 가죽 공방,0.0,0건,리뷰 0,경기 이천시 갈산로 42,(지번) 증포동 94-3,연락처 없음,
카우가,0.0,0건,리뷰 0,경기 화성시 남양읍 역골중앙로41번길 50 선경빌 1층,(지번) 남양읍 남양리 2033-6,연락처 없음,http://blog.naver.com/yghie
하늘가죽공,0.0,0건,리뷰 0,인천 강화군 강화읍 강화대로 430,(지번) 강화읍 관청리 523-3,070-7013-4545,
소소다움가죽공방 주,0.0,0건,리뷰 0,서울 강서구 마곡중앙2로 5,(지번) 마곡동 728-222,연락처 없음,
오얏꽃가죽공방,0.0,0건,리뷰 0,경기 동두천시 못골로49번길 104,(지번) 생연동 401-4,연락처 없음,
가죽공방 앤셜리,0.0,0건,리뷰 0,인천 연수구 청능대로 109,(지번) 연수동 599-5,연락처 없음,http://blog.naver.com/djlovehy
맹가미가죽공방 2호점,0.0,0건,리뷰 0,경기 의정부시 태평로 101,(지번) 의정부동 151-10,연락처 없음,
바름공방,0.0,0건,리뷰 13,대구 중구 교동1길 22 1층,(지번) 교동 59,연락처 없음,https://blog.naver.com/skyyks111/
로터스가죽이야기,0.0,0건,리뷰 0,대구 달서구 월배로24길 13,(지번) 진천동 241,연락처 없음,
성우가죽공예,0.0,0건,리뷰 0,대구 중구 명덕로55길 25,(지번) 대봉동 152-24,연락처 없음,
,"D 송예진가죽공예학원 미술,공예",0.0,0건,리뷰 15,(지번) 대봉동 152-24,연락처 없음,http://avecmoreau.com/
이비그가죽공방,5.0,2건,리뷰 104,서울 금천구 시흥대로153길 72 1층,(지번) 가산동 151-9,연락처 없음,https://blog.naver.com/evighet8
가죽공예 마디샤,0.0,0건,리뷰 1,대구 동구 율하동로20길 52 2층,(지번) 신기동 563-2,053-857-9690,http://blog.daum.net/craftmadisa
바이두룸가죽공예학원,0.0,0건,리뷰 0,부산 수영구 광일로 49 비치그린아파트 109동 상가 210호,(지번) 광안동 503-1,010-5457-8396,https://blog.naver.com/yasii79/
휴테스튜디오 공방,5.0,1건,리뷰 1,부산 기장군 정관읍 구연방곡로 30,(지번) 정관읍 방곡리 432-1,010-5457-8396,http://www.instagram.com/hutte_studio
레더볼사가죽공예학원,0.0,0건,리뷰 0,경남 창원시 성산구 마디미서로 26 한독빌딩 4층 403호,(지번) 상남동 15-2,010-8999-7488,https://blog.naver.com/leatherbolsa/
가죽이야기 구미옥계점,0.0,0건,리뷰 0,경북 구미시 옥계신당로1길 2-1,(지번) 옥계동 1023,010-8335-5625,
달빛가죽,0.0,0건,리뷰 0,전남 여수시 여서동6길 27-2,(지번) 여서동 394-4,010-7401-2061,
해들누리가죽공예,0.0,0건,리뷰 1,전남 광양시 광양읍 서평로 46,(지번) 광양읍 구산리 836-9,061-761-8368,
사나래가죽작업실,0.0,0건,리뷰 0,전북 군산시 동지곡길 7,(지번) 지곡동 513-1,010-9164-1308,
이레가죽공작소,5.0,4건,리뷰 4,대전 유성구 지족로 92 아파트상가 104호,(지번) 지족동 1052,010-9164-1308,
현공방,0.0,0건,리뷰 0,전북 전주시 덕진구 쪽구름3길 27,(지번) 여의동2가 652-15,010-5011-5716,http://jshyun5716.blog.me/
빛가죽,0.0,0건,리뷰 0,울산 중구 화진3길 35-6 1층,(지번) 태화동 34-13,연락처 없음,http://bittleather.com/
가죽의집,0.0,0건,리뷰 113,경북 안동시 송하1길 110-24 1층,(지번) 송현동 533-7,010-5910-5926,http://blog.daum.net/chezcuir
소소한가죽공예오늘,0.0,0건,리뷰 0,전북 전주시 완산구 경기전길 57,(지번) 풍남동3가 88-12,연락처 없음,
,"D 아고스티노가죽학교 미술,공예",0.0,0건,리뷰 1,(지번) 풍남동3가 88-12,연락처 없음,http://www.leatherschool.co.kr/
공공공방,0.0,0건,리뷰 1,서울 서대문구 연희로27길 104-7 지층,(지번) 연희동 92-11,연락처 없음,http://ooobang.modoo.at/
아르비가죽공방소,0.0,0건,리뷰 0,서울 양천구 목동중앙남로14가길 50,(지번) 목동 318-311,연락처 없음,
오리네가죽놀이터,0.0,0건,리뷰 0,충북 청주시 청원구 새터로23번길 42-1,(지번) 우암동 366-4,010-4618-9723,
한국가죽공예아카데미,5.0,1건,리뷰 0,서울 도봉구 노해로60길 33 지하1층,(지번) 쌍문동 88-63,010-4618-9723,https://blog.naver.com/rnrdudwn
예인공방,0.0,0건,리뷰 9,광주 광산구 신창로 20 2층,(지번) 신창동 1108-3,010-8000-9986,http://blog.naver.com/jshs99
시월공방,0.0,0건,리뷰 3,인천 미추홀구 인하로309번길 15,(지번) 주안동 1493-3,연락처 없음,
달토공방,0.0,0건,리뷰 1,경기 용인시 기흥구 금화로 9,(지번) 상갈동 482-3,연락처 없음,
가죽이야기,0.0,0건,리뷰 0,부산 남구 진남로 196,(지번) 문현동 97-16,010-3274-0812,
루미너스가죽공예학원,0.0,0건,리뷰 0,서울 송파구 백제고분로33길 23 2층,(지번) 석촌동 6-6,010-7447-5505,http://blog.naver.com/luminoushands
빈틈가죽작업실,0.0,0건,리뷰 1,전북 전주시 덕진구 송천로 112-1,(지번) 송천동1가 837-11,연락처 없음,
쟁이공방,0.0,0건,리뷰 0,경남 진주시 솔밭로 141,(지번) 상대동 288-11,010-3854-5309,
와이공방,0.0,0건,리뷰 0,경기 수원시 장안구 송원로59번길 15 옥경빌딩 1층 105호,(지번) 송죽동 501-13,010-7221-8186,http://www.wai-atelier.com/
자비에가죽학원,0.0,0건,리뷰 0,광주 서구 화운로125번길 1 2층,(지번) 화정동 755-1,062-374-1793,http://blog.naver.com/xavier_jin
송대익가죽공예,0.0,0건,리뷰 0,울산 중구 구교로 44,(지번) 학산동 2-2,010-2364-1472,
,"D 엠에스가죽스토리 미술,공예",0.0,0건,리뷰 0,(지번) 학산동 2-2,010-2364-1472,https://blog.naver.com/storyleather
가죽놀이터SMG,0.0,0건,리뷰 1,경기 이천시 백사면 청백리로79번길 34-34,(지번) 백사면 모전리 47-47,연락처 없음,https://blog.naver.com/hjkim8984
가죽공예디딤손,0.0,0건,리뷰 0,경기 안산시 상록구 건건로 121,(지번) 건건동 536-3,010-5910-8545,
오색애공방,0.0,0건,리뷰 5,부산 해운대구 윗반송로51번길 84-37 2층,(지번) 반송동 70-20,010-5910-8545,http://blog.daum.net/behind7
가죽공예마켓,0.0,0건,리뷰 0,인천 미추홀구 석정로279번길 11,(지번) 도화동 104,연락처 없음,
나무와가죽,0.0,0건,리뷰 0,서울 은평구 연서로 298 1층,(지번) 불광동 426-4,02-3143-0553,
리소가죽공예학원,0.0,0건,리뷰 1,경기 김포시 김포한강1로 240 라비드퐁네프 3층,(지번) 운양동 1340-4,031-996-3393,http://liso.co.kr/
가죽공방탄,0.0,0건,리뷰 3,서울 강남구 도산대로1길 10,(지번) 신사동 512-21,010-9618-0053,https://www.instagram.com/leatherstudio_tan/
가죽 그리고 이야기,0.0,0건,리뷰 0,경남 산청군 단성면 석대로 157-2,(지번) 단성면 입석리 265,연락처 없음,http://bbono1.cafe24.com/
이태원가죽집,0.0,0건,리뷰 1,서울 용산구 녹사평대로26길 80,(지번) 이태원동 22-22,연락처 없음,
소소다움가죽공예작업실,0.0,0건,리뷰 0,서울 강서구 마곡중앙2로 5 메트로비즈타워 614호,(지번) 마곡동 728-232,연락처 없음,
가죽의 향기,0.0,0건,리뷰 0,충북 충주시 중앙탑면 원앙9길 10,(지번) 중앙탑면 용전리 686,연락처 없음,
가죽공작소공감,0.0,0건,리뷰 0,경기 남양주시 와부읍 도심길 17-1,(지번) 와부읍 도곡리 1032-1,연락처 없음,
가죽공예 최지현샵,0.0,0건,리뷰 0,강원 동해시 대동로 291,(지번) 송정동 389-1,033-522-0027,
공허군 가죽놀다,5.0,1건,리뷰 0,서울 동대문구 회기로16길 11,(지번) 회기동 103-213,010-5795-7777,https://www.instagram.com/L_homme_vide/
,"D 가죽노리부 미술,공예",0.0,0건,리뷰 0,(지번) 회기동 103-213,010-5795-7777,
통가죽 춘천점,0.0,0건,리뷰 0,강원 춘천시 금강로 93,(지번) 운교동 168,033-243-5558,
끌루에 가죽공작소,1.0,1건,리뷰 0,경기 성남시 분당구 정자로76번길 11 한라프라자 210호,(지번) 정자동 130-3,033-243-5558,http://blog.naver.com/lanevo20
장인가죽아카데미,0.0,0건,리뷰 0,서울 성동구 동호로 102 두산종합상가 6층,(지번) 금호동3가 1331,070-8802-0168,http://www.leatheracademy.co.kr/
가죽향기,0.0,0건,리뷰 0,경기 남양주시 와부읍 덕소로 72 벽산메가트리움상가 220호,(지번) 와부읍 덕소리 462-9,070-7472-3019,http://blog.naver.com/twojin72
가죽향기,0.0,0건,리뷰 0,인천 미추홀구 주안로 48-1,(지번) 주안동 285-21,연락처 없음,
가죽놀이,0.0,0건,리뷰 0,강원 강릉시 토성로123번길 4,(지번) 용강동 33-12,연락처 없음,
갗누리공,5.0,1건,리뷰 1,충남 당진시 신평면 맷돌포길 68,(지번) 신평면 부수리 224,연락처 없음,
카페모카커피엔가죽,5.0,2건,리뷰 4,강원 강릉시 임영로163번길 4-4,(지번) 용강동 10-4,033-646-6786,
강동시니어클럽 라온가죽공방 ,0.0,0건,리뷰 0,서울 강동구 명일로 224-1 2층,(지번) 길동 106-2,연락처 없음,
피예뜨 지야가죽공방,0.0,0건,리뷰 0,서울 성동구 뚝섬로 311,(지번) 성수동1가 656-234,070-4068-2973,http://jjiaeya.blog.me/
일인칭,0.0,0건,리뷰 1,대구 서구 서대구로42길 69,(지번) 평리동 707-30,연락처 없음,https://blog.naver.com/ilinching
레더키메라,0.0,0건,리뷰 2,대구 중구 경상감영길 117-20 2층,(지번) 향촌동 10-8,010-7712-5203,http://blog.naver.com/ldchimera
이엠스튜디오,5.0,1건,리뷰 21,강원 강릉시 난설헌로 228-29,(지번) 초당동 304,010-8893-5915,https://blog.naver.com/emshopstudio
무버레더,0.0,0건,리뷰 8,대전 서구 계룡로219번길 7 1층,(지번) 월평동 1471,010-8893-5915,https://blog.naver.com/mornt
,"D 가영겔러리아 미술,공예",1.0,1건,리뷰 0,(지번) 월평동 1471,010-8893-5915,http://blog.naver.com/gagell
품프로젝트,0.0,0건,리뷰 10,서울 영등포구 영등포로43길 17 1층,(지번) 영등포동5가 41-6,연락처 없음,http://mmmproject.modoo.at/
레더제이,0.0,0건,리뷰 2,서울 노원구 노원로 547 임광아파트상가 2층,(지번) 상계동 694,연락처 없음,http://www.leatherj.net/
소공원,0.0,0건,리뷰 3,서울 마포구 동교로46길 27 4층 루프탑,(지번) 연남동 385-3,010-8566-2262,http://www.instagram.com/sogongwon_yn
피카조,0.0,0건,리뷰 2,부산 수영구 남천바다로15번길 71 1층,(지번) 광안동 178-31,연락처 없음,https://blog.naver.com/p_ccz
투레빗,5.0,1건,리뷰 2,대전 서구 도산로 441 세동빌딩 3층,(지번) 탄방동 1432,연락처 없음,http://cafe.naver.com/grayhq9sr
핸드마녀,5.0,2건,리뷰 4,경북 구미시 인동13길 16 경원빌 1층,(지번) 인의동 671-1,연락처 없음,http://blog.naver.com/wha0729
벨커스,0.0,0건,리뷰 5,서울 강서구 까치산로24길 14 1층,(지번) 화곡동 958-1,010-4841-4237,https://valkers.modoo.at/
슬로우오브젝트&이스트허니,5.0,1건,리뷰 5,서울 성동구 성수일로 91 2층,(지번) 성수동1가 13-192,010-4841-4237,https://www.instagram.com/slowobject/
팍스팩토리,0.0,0건,리뷰 2,경기 안산시 단원구 이삭2길 29 2층,(지번) 고잔동 736,010-2315-1996,https://petstylish.blog.me/
가벼움,0.0,0건,리뷰 1,경기 수원시 영통구 센트럴파크로127번길 58 1층,(지번) 이의동 1306-6,연락처 없음,https://www.instagram.com/lightness_127
레망,0.0,0건,리뷰 2,대전 서구 둔지로 48 3층,(지번) 둔산동 976,연락처 없음,
레더레스트,0.0,0건,리뷰 8,서울 종로구 성균관로 19,(지번) 명륜2가 142-1,연락처 없음,http://storefarm.naver.com/leatherest
써틴,5.0,3건,리뷰 1,경기 용인시 기흥구 구성로279번길 29 1층,(지번) 청덕동 529-15,010-6221-6213,http://blog.naver.com/mousecan
헤럼,0.0,0건,리뷰 9,서울 서대문구 이화여대1안길 3 5층,(지번) 대현동 90-105,010-6221-6213,https://blog.naver.com/arajoa1225
,"D 현아뜰리에 미술,공예",0.0,0건,리뷰 2,(지번) 대현동 90-105,010-6221-6213,
화잠레더,0.0,0건,리뷰 3,제주특별자치도 서귀포시 동홍서로96번길 16 1층,(지번) 동홍동 109-3,연락처 없음,https://blog.naver.com/h4942636
현아뜰리에,0.0,0건,리뷰 2,경남 창원시 의창구 사림로4번길 34,(지번) 사림동 91-2,연락처 없음,https://www.instagram.com/hyun_atelier/
아브루찌,0.0,0건,리뷰 6,경남 거제시 아주1로2길 92,(지번) 아주동 1676-17,연락처 없음,
스튜디오지,0.0,0건,리뷰 0,서울 동대문구 난계로26길 55 2층,(지번) 신설동 114-58,연락처 없음,http://www.studiog.co.kr/
두낫바이,0.0,0건,리뷰 2,서울 광진구 광나루로52길 88 1층,(지번) 구의동 210-53,연락처 없음,http://donotbuy.co.kr/
로파파레더,3.0,2건,리뷰 2,서울 종로구 지봉로17길 12-1 1층,(지번) 창신동 6-15,연락처 없음,https://www.instagram.com/ropapa_leather/
디어아키,0.0,0건,리뷰 1,전북 군산시 구영2길 34,(지번) 영화동 16-32,연락처 없음,http://www.dearakey.com/
올디스튜디오,5.0,1건,리뷰 15,경기 의정부시 오목로 168 산들마을아파트4단지 상가 2층 208호,(지번) 민락동 694,010-6221-3995,https://blog.naver.com/eumji0615/
브레비마누,0.0,0건,리뷰 1,세종특별자치시 조치원읍 충현로 94-6 3층 302호,(지번) 조치원읍 침산리 168-6,010-9220-4270,https://www.instagram.com/brevi_manu_official/
릴리코레더하우스,4.0,2건,리뷰 3,서울 용산구 이태원로19길 21 지하 1층,(지번) 이태원동 118-5,연락처 없음,http://sy__p.blog.me/
무루이,0.0,0건,리뷰 5,서울 중랑구 중랑역로 231 2층,(지번) 묵동 235-17,연락처 없음,https://www.instagram.com/__murui
노엘블랑,0.0,0건,리뷰 1,서울 강남구 도산대로19길 47 301호,(지번) 신사동 554-12,연락처 없음,http://blog.naver.com/eeyor84/
손방둥이,0.0,0건,리뷰 2,제주특별자치도 제주시 진군남2길 10-4 101호,(지번) 노형동 1553,070-4038-2947,http://blog.naver.com/son-bang
아뜰리에FL,0.0,0건,리뷰 4,서울 성동구 상원4길 9 대신빌딩 3층,(지번) 성수동1가 13-165,070-4188-2635,https://blog.naver.com/cats_tail
,"D 제이파레트 미술,공예",0.0,0건,리뷰 1,(지번) 성수동1가 13-165,070-4188-2635,http://www.instagram.com/jominseo79
바르,0.0,0건,리뷰 5,인천 부평구 부평문화로65번길 25 2층,(지번) 부평동 206-14,010-2221-8030,https://blog.naver.com/mc_bso/
아랑수,0.0,0건,리뷰 8,서울 강서구 공항대로7길 8 연흥빌딩 2층,(지번) 공항동 25-4,02-6494-0826,http://www.ah-rhang-su.com/
스튜디오노네임,0.0,0건,리뷰 1,서울 성북구 보문로 70-1 101호,(지번) 보문동4가 87,연락처 없음,https://blog.naver.com/gundam69
미리,0.0,0건,리뷰 1,경기 군포시 수리산로203번안길 30 103호,(지번) 산본동 1111-1,010-4393-9798,https://blog.naver.com/loveforme
레더쿡,0.0,0건,리뷰 2,서울 마포구 연남로 17,(지번) 연남동 566-64,연락처 없음,http://blog.naver.com/artface1
크래프트M,5.0,2건,리뷰 2,서울 용산구 장문로49길 97 102호,(지번) 한남동 620-156,연락처 없음,http://www.craft-m.com/
이썸,0.0,0건,리뷰 2,경남 김해시 김해대로2301번길 23 102호,(지번) 봉황동 217-6,연락처 없음,http://blog.naver.com/eesome_lee
슬리크스튜디오,0.0,0건,리뷰 11,서울 강남구 압구정로14길 28 재동빌딩 401호,(지번) 신사동 546-23,010-8819-7355,http://www.instagram.com/sleeek_studio
리레더웍스,0.0,0건,리뷰 2,부산 수영구 광안로41번길 9-2 1층,(지번) 광안동 151-5,010-8819-7355,http://www.leelw.com/
Lo,0.0,0건,리뷰 1,부산 해운대구 청사포로58번길 113,(지번) 중동 637-14,010-3239-2802,https://www.instagram.com/lo.leathercraft/
나브르스튜디오,0.0,0건,리뷰 3,경기 용인시 수지구 광교중앙로 301 4층,(지번) 상현동 1117-7,010-3239-2802,https://navrstudio.modoo.at/
79레더하우스,0.0,0건,리뷰 3,경기 시흥시 배곧4로 32-28 그랜드프라자 507호,(지번) 정왕동 2473-2,031-498-7605,https://blog.naver.com/jineunseon
스튜디오피엘,0.0,0건,리뷰 9,경기 성남시 분당구 서판교로58번길 4-9,(지번) 판교동 564-6,연락처 없음,
스튜디오벨,5.0,1건,리뷰 1,서울 서초구 동산로8길 50,(지번) 양재동 364,연락처 없음,http://studiovel.co.kr/
,"D 오디너리유즈 미술,공예",0.0,0건,리뷰 4,(지번) 양재동 364,연락처 없음,
스베트,0.0,0건,리뷰 1,서울 강남구 논현로51길 25 4동 402호,(지번) 도곡동 964,연락처 없음,https://www.instagram.com/svet_workshop/
8플러스8,0.0,0건,리뷰 1,서울 서초구 사평대로55길 115 1층 101호,(지번) 반포동 720-3,연락처 없음,https://blog.naver.com/minseon35
핸드메이드 다마,0.0,0건,리뷰 1,경기 성남시 수정구 남문로 1 3층,(지번) 태평동 5217,031-753-4861,https://handmadedama.modoo.at/
펠리투스,0.0,0건,리뷰 1,서울 동대문구 이문로16길 7,(지번) 이문동 322-4,연락처 없음,http://blog.naver.com/rkdtjdgh0913
크래프트매스,0.0,0건,리뷰 2,충남 천안시 동남구 버들로 지하 2 천안역지하상가 224호,(지번) 대흥동 30-7,연락처 없음,https://blog.naver.com/inpregress/
키키,0.0,0건,리뷰 1,서울 마포구 성미산로28길 39,(지번) 연남동 255-26,02-3144-3892,http://www.kikki.co.kr/
파키오,0.0,0건,리뷰 0,충남 천안시 서북구 원두정1길 12 아현빌딩 4층,(지번) 두정동 809,연락처 없음,http://digiri84.blog.me/
오뜨,0.0,0건,리뷰 1,서울 양천구 목동중앙북로16길 42 삼원리치빌 1층,(지번) 목동 535-33,연락처 없음,http://ooitw.kr/
라샤인,0.0,0건,리뷰 1,서울 서초구 사평대로55길 61,(지번) 반포동 734-7,연락처 없음,
르아드와,0.0,0건,리뷰 0,인천 부평구 길주남로 23 3층,(지번) 부평동 885-8,032-518-8669,http://blog.naver.com/raon_atelier
소잉돌,0.0,0건,리뷰 1,경기 의정부시 동일로454번길 19,(지번) 신곡동 317-3,0507-1316-2569,https://blog.naver.com/hohome_
조물락아트코리아,0.0,0건,리뷰 0,서울 서초구 강남대로10길 29 스페이스빌딩 201호,(지번) 양재동 327-10,02-529-6951,http://www.zomulrak.com/
핸드메이드,5.0,1건,리뷰 0,충북 충주시 금곡서2길 7 환호빌리지 102호,(지번) 연수동 1315-6,연락처 없음,http://www.handmadekwon.com/
카페1,0.0,0건,리뷰 3,충북 청주시 서원구 남이면 청남로 1414,(지번) 남이면 수대리 271-23,043-267-1025,
,D 윌하우스 패션잡화점,0.0,0건,리뷰 0,(지번) 남이면 수대리 271-23,043-267-1025,http://blog.naver.com/paul3890
지그라,5.0,2건,리뷰 8,경기 화성시 남여울2길 9-8,(지번) 능동 1161-3,043-267-1025,http://www.zgraphy.co.kr/
데일리크래,3.0,2건,리뷰 10,충북 청주시 흥덕구 흥덕로 128 1층,(지번) 운천동 1031,043-250-1911,
바리별,0.0,2건,리뷰 1,경남 양산시 물금읍 화합3길 15 1층,(지번) 물금읍 범어리 2696-2,070-7354-7196,
,0.0,0건,리뷰 2,경기 화성시 병점중앙로170번길 21 1층,(지번) 진안동 868-2,070-7354-7196,http://www.instagram.com/montses_cafe
,0.0,0건,리뷰 4,전남 목포시 동명로 79,(지번) 산정동 1080-56,연락처 없음,
마노,0.0,0건,리뷰 0,인천 중구 자유공원로 31,(지번) 내동 2-9,010-8760-1017,https://www.instagram.com/mano_re.jin/
콩테스튜디오,5.0,2건,리뷰 1,서울 마포구 월드컵로13길 43 2층,(지번) 망원동 57-124,010-8760-1017,https://conte-studio.com/
레,3.7,3건,리뷰 2,인천 연수구 동곡재로 52,(지번) 동춘동 1113-11,032-819-3974,
풀잎문화센터 북수원,0.0,0건,리뷰 0,경기 수원시 장안구 만석로19번길 41-9,(지번) 천천동 527-1,031-269-5579,
