공방이름,평균별점,별점건수,리뷰건수,주소,지번주소,연락처,홈페이지
호반아,4.5,2건,리뷰 108,경기 광명시 양지로 16,(지번) 일직동 산 42-1,,http://www.hobanartrium.com/
이재효,5.0,1건,리뷰 13,경기 양평군 지평면 초천길 83-22,(지번) 지평면 무왕리 521,연락처 없음,http://www.leeart.name/
송영예의 바늘이야기 본사,4.6,5건,리뷰 12,경기 파주시 탄현면 법흥로 100-1,(지번) 탄현면 법흥리 497-114,연락처 없음,http://www.banul.co.kr/
수,5.0,3건,리뷰 0,경기 수원시 팔달구 매산로 131,(지번) 교동 90-7,031-243-9194,
위아트 부천점,0.0,0건,리뷰 9,경기 부천시 소사로216번길 27,(지번) 소사본동 137-6,031-243-9194,http://www.wart.or.kr/index.html
박씨상,3.7,3건,리뷰 10,경기 김포시 고촌읍 아라육로57번길 97,(지번) 고촌읍 전호리 733,031-8049-3263,http://www.koreasang.co.kr/
내디내만목공,0.0,0건,리뷰 4,경기 고양시 일산동구 동국로245번길 106,(지번) 성석동 137-2,031-976-7893,http://blog.naver.com/mydiy
303 하남가구단지(골드무,0.0,0건,리뷰 0,경기 하남시 하남대로 514,(지번) 천현동 538-1,031-794-5667,
지혜진아트도자기공방,5.0,1건,리뷰 0,경기 수원시 영통구 매봉로49번길 5 3층,(지번) 매탄동 1195-1,031-794-5667,https://www.instagram.com/cheehyejin_ceramic_studio
에이원아트,1.8,5건,리뷰 0,경기 성남시 분당구 황새울로342번길 9 지하1층,(지번) 서현동 250-3,031-708-6263,
이,0.0,0건,리뷰 0,경기 하남시 초이로 143,(지번) 초이동 80-2,031-6481-1126,http://www.irehb.co.kr/
쉐누301,4.6,5건,리뷰 25,경기 용인시 처인구 모현읍 문형동림로 171-1,(지번) 모현읍 동림리 301-2,연락처 없음,
고범석,0.0,0건,리뷰 0,경기 광주시 남한산성면 오전길 24-23 1층,(지번) 남한산성면 오전리 66,010-3042-9085,http://www.kobeomsuk.com/
죽산목,0.0,0건,리뷰 5,경기 안성시 일죽면 한다리길 98,(지번) 일죽면 방초리 971-4,연락처 없음,https://blog.naver.com/secukim
모,5.0,1건,리뷰 0,경기 의정부시 평화로 569-1,(지번) 의정부동 206-10,연락처 없음,https://blog.naver.com/monica0133
베이킹클럽 오븐빨,5.0,1건,리뷰 63,경기 수원시 영통구 원천동 589 어뮤즈스퀘어 지하1층 11호,(지번) 의정부동 206-10,031-214-1002,https://www.instagram.com/ovenpal/
갤러,5.0,3건,리뷰 16,경기 양평군 서종면 북한강로 991 3층,(지번) 서종면 문호리 617-2,031-774-5530,
빈치하다,5.0,1건,리뷰 32,경기 김포시 유현로237번길 88,(지번) 풍무동 820-36,연락처 없음,
,"D 두진프레임 액자,표구",0.0,0건,리뷰 0,(지번) 풍무동 820-36,연락처 없음,http://djp.kr/
남성모사,5.0,2건,리뷰 3,경기 수원시 팔달구 수원천로 246,(지번) 지동 418-3,031-255-6700,http://www.yarn.co.kr/
대원도재상사,4.0,2건,리뷰 1,경기 여주시 학동1길 4,(지번) 오학동 292-50,031-885-7005,http://www.ceramate.co.kr/
중앙미,1.0,1건,리뷰 0,경기 안산시 단원구 화랑로 402,(지번) 고잔동 527-8,031-413-6079(팩스),
용액자표구제작소,5.0,3건,리뷰 0,경기 의정부시 경의로 42,(지번) 의정부동 600-4,031-413-6079(팩스),http://blog.naver.com/yonggallery
일,5.0,1건,리뷰 5,경기 고양시 일산동구 대산로11번길 99 지하 1층,(지번) 정발산동 719-11,031-413-6079(팩스),
지윤디자인반지공방,1.7,3건,리뷰 20,경기 고양시 일산동구 무궁화로 20-11 315호,(지번) 장항동 761-1,031-901-9097,
황학동풍물시장골,0.0,0건,리뷰 0,경기 부천시 석천로 70-1,(지번) 중동 762-14,010-3938-0467,
비담은,0.0,0건,리뷰 2,경기 이천시 신둔면 도자예술로6번길 60,(지번) 신둔면 고척리 636-7,010-3938-0467,
울마트,5.0,1건,리뷰 1,경기 안양시 만안구 장내로125번길 34,(지번) 안양동 676-80,031-448-5255,http://www.woolmart.co.kr/
여주도자기,0.0,0건,리뷰 0,경기 여주시 여양로 295,(지번) 오학동 296-2,031-886-7497,
나눔갤러,5.0,1건,리뷰 3,경기 양주시 장흥면 호국로550번길 102-85,(지번) 장흥면 울대리 536,031-886-7497,http://www.nanumblue.art/
제니시스,0.0,0건,리뷰 0,경기 화성시 장안면 포승장안로 1003-11,(지번) 장안면 장안리 264-9,031-358-0180,http://www.i-genesis.co.kr/
반지더하기 일산점,0.0,0건,리뷰 53,경기 고양시 일산동구 중앙로1261번길 19 호수광장빌딩 1층 105호,(지번) 장항동 857,031-358-0180,https://banjiplus09.modoo.at/
선아트액자,0.0,0건,리뷰 0,경기 안양시 동안구 관악대로 422 부림빌딩 1층,(지번) 관양2동 1473-1,031-358-0180,http://www.seonart.co.kr/
안,0.0,0건,리뷰 0,경기 안양시 동안구 평촌대로 113,(지번) 신촌동 1065-7,031-476-1541(팩스),
갤러,0.0,0건,리뷰 0,경기 파주시 회동길 37-9,(지번) 문발동 526-6,031-476-1541(팩스),http://www.gallerypakyoung.com/
현,0.0,0건,리뷰 0,경기 부천시 송내대로73번길 42,(지번) 상동 407-2,032-321-3303,
CM,5.0,1건,리뷰 0,경기 남양주시 화도읍 가구단지6길 8-5,(지번) 화도읍 녹촌리 488-11,031-593-1030,
(주)삼신금속,0.0,0건,리뷰 0,경기 김포시 대곶면 대곶서로89번길 40,(지번) 대곶면 약암리 225,031-987-1863,
안성마춤 유기공방,0.0,0건,리뷰 3,경기 안성시 중앙로 448,(지번) 봉남동 7-3,031-987-1863,http://www.yugi-museum.com/
광명방짜유기공방,0.0,0건,리뷰 1,경기 광명시 동천말길 34-12,(지번) 옥길동 329,02-2615-6263,
아신,5.0,6건,리뷰 3,경기 양평군 옥천면 아신리 545-20,(지번) 옥길동 329,연락처 없음,
일신한,3.0,2건,리뷰 0,경기 수원시 팔달구 팔달로 185,(지번) 화서동 32-11,031-414-1226,http://hanjimall.net/
류미재갤러리,0.0,0건,리뷰 0,경기 가평군 청평면 고성리 763-8,,연락처 없음,
화성문,0.0,0건,리뷰 0,경기 화성시 경기대로 1014,(지번) 병점동 379-10,연락처 없음,
미술,5.0,1건,리뷰 0,경기 용인시 처인구 모현읍 곡현로619번길 13,(지번) 모현읍 매산리 268-4,031-767-1544,http://www.art7.co.kr/renewal/main.php
관양화랑표구,4.8,4건,리뷰 0,경기 안양시 동안구 관악대로 344,(지번) 관양동 1450,031-422-7732,
알베로목,5.0,2건,리뷰 0,경기 화성시 동탄지성로306번길 64-7,(지번) 반월동 265-23,031-224-5770,http://cafe.daum.net/alberowoodworking
아트스페,5.0,1건,리뷰 3,경기 성남시 분당구 정자일로 166,(지번) 정자동 159-3,연락처 없음,
,"D 베이지클래스 미술,공예",5.0,1건,리뷰 14,(지번) 정자동 159-3,연락처 없음,http://www.instagram.com/beigeclass
군포시 방짜유기전수교육관,5.0,1건,리뷰 0,경기 군포시 송부로 12,(지번) 도마교동 499-2,연락처 없음,
아트리에갤러리,0.0,0건,리뷰 0,경기 성남시 분당구 운중로146번길 29,(지번) 운중동 1025-3,연락처 없음,http://www.artrie.com/
청년공방,0.0,0건,리뷰 13,경기 수원시 팔달구 권광로187번길 10-3 4층,(지번) 인계동 1038-18,연락처 없음,http://www.instagram.com/cy_atelier
동국,0.0,0건,리뷰 0,경기 광명시 범안로 614,(지번) 노온사동 340-16,02-523-0107,
정도가,3.7,3건,리뷰 0,경기 이천시 신둔면 도자예술로6번길 46,(지번) 신둔면 고척리 636-9,031-638-2502,http://jungdoga.modoo.at/
이천도자기백화점,0.0,0건,리뷰 1,경기 이천시 경충대로2993번길 37,(지번) 사음동 539,031-636-5320,
그리고꿈꾸다,0.0,0건,리뷰 23,경기 수원시 장안구 금당로 61 상가 1층,(지번) 조원동 866-5,031-308-7147,https://drawdream.modoo.at/
우리손길,0.0,0건,리뷰 6,경기 이천시 신둔면 도자예술로5번길 6,(지번) 신둔면 고척리 607-6,031-308-7147,https://blog.naver.com/pho21/
더울,0.0,0건,리뷰 1,경기 성남시 수정구 수정로111번길 6-5 1층,(지번) 태평동 3689,031-758-1052,http://www.thewool.co.kr/
보석십자수수재샵 인계점,0.0,0건,리뷰 0,경기 수원시 팔달구 중부대로 80 상가 1층 7호,(지번) 인계동 1170,010-3782-8790,
헤이리마을캔들공방,3.0,4건,리뷰 13,경기 파주시 탄현면 헤이리마을길 93-143 1층,(지번) 탄현면 법흥리 1652-86,031-944-0421,http://blog.naver.com/atenajh0415
대성명찰,0.0,0건,리뷰 0,경기 성남시 수정구 수정남로 42 1층,(지번) 수진1동 100,031-751-5387,
,5.0,1건,리뷰 0,경기 부천시 부천로3번길 30 두성빌딩 601호,(지번) 심곡동 174-11,연락처 없음,http://www.hwabangmall.net/
두드림 나무,5.0,1건,리뷰 1,경기 군포시 엘에스로115번길 53 JMD빌딩 지하,(지번) 금정동 689-40,010-3130-5150,http://blog.naver.com/poleaxe
,D 안성맞춤전통유기 전통공예,0.0,0건,리뷰 1,(지번) 금정동 689-40,010-3130-5150,http://ansungho.conocean.co.kr/
슬로우니트,0.0,0건,리뷰 0,경기 수원시 영통구 권선로882번길 31-21 101호,(지번) 신동 923-5,010-3130-5150,http://www.instagram.com/slow.knit
행궁재,0.0,0건,리뷰 0,경기 수원시 팔달구 행궁로22번길 27,(지번) 남창동 55-8,031-244-2739,
우노실버,0.0,0건,리뷰 2,경기 부천시 삼작로 156,(지번) 내동 135,032-672-3761,http://unosilver.com/
도손도손 인계점,3.3,8건,리뷰 18,경기 수원시 팔달구 효원로307번길 39 정동빌딩 1층,(지번) 인계동 1122-7,031-223-7142,https://www.facebook.com/daycool1230
엘리보석십자수 오산점,5.0,1건,리뷰 0,경기 오산시 남부대로 313,(지번) 원동 445-4,010-5045-5956,
스튜디오,0.0,0건,리뷰 1,경기 용인시 수지구 성복2로76번길 25-13,(지번) 성복동 744-1,010-5045-5956,https://www.instagram.com/studio__crack
다희연뜨개방,0.0,0건,리뷰 0,경기 평택시 신한3길 33,(지번) 비전동 766-4,031-657-2375,
액자마을,0.0,0건,리뷰 0,경기 군포시 고산로118번길 7,(지번) 당정동 432-1,031-456-1164,http://xn--hz2b35spobwi.kr/
김미미도예공방,0.0,0건,리뷰 3,경기 의정부시 동일로 216-21,(지번) 장암동 97-14,031-837-3072,https://www.instagram.com/kim_mimi_ceramics
오브제하우스&올림공방,5.0,1건,리뷰 27,경기 양주시 송랑로89번길 43,(지번) 만송동 295-7,010-2051-0380,https://www.instagram.com/objethouse_/
신성유리공예,5.0,2건,리뷰 0,경기 광명시 금오로 658,(지번) 옥길동 338,02-2617-3664,http://glass7.co.kr/
모나미잉크랩,0.0,0건,리뷰 7,경기 용인시 수지구 손곡로 17,(지번) 동천동 854-2,031-270-5315,http://monamiconcept.com/
평택액자공장,1.0,1건,리뷰 0,경기 평택시 화촌1길 9,(지번) 통복동 339-2,031-653-1118,
교동필방표구화랑,0.0,0건,리뷰 2,경기 수원시 팔달구 정조로 902,(지번) 북수동 8-1,031-242-8055,
,"D 예진액자 액자,표구",0.0,0건,리뷰 0,(지번) 북수동 8-1,031-242-8055,
아트그라운드,5.0,4건,리뷰 25,경기 파주시 탄현면 헤이리마을길 59-68,(지번) 탄현면 법흥리 1652-46,010-4176-5146,https://blog.naver.com/artground1
스튜디오더블랙,0.0,0건,리뷰 0,경기 고양시 일산동구 고봉로578번길 93-13,(지번) 성석동 1268-5,031-975-6068,
오늘감성,0.0,0건,리뷰 7,경기 안양시 만안구 예술공원로 204,(지번) 안양동 1361-4,031-346-6262,
빈체레목,0.0,0건,리뷰 3,경기 평택시 유천2길 21-6,(지번) 합정동 172,031-658-0809,
하늘꽃도자기,0.0,0건,리뷰 0,경기 평택시 서재7길 9-1,(지번) 동삭동 699-10,연락처 없음,
이,1.0,1건,리뷰 0,경기 광주시 초월읍 용수길 151,(지번) 초월읍 용수리 13,연락처 없음,http://www.irehb.co.kr/
유리공방오오,0.0,0건,리뷰 7,경기 수원시 팔달구 정조로 857 1층,(지번) 신풍동 198-2,연락처 없음,
미님므,0.0,0건,리뷰 2,경기 화성시 노작로4길 22-19 102호,(지번) 반송동 114-1,연락처 없음,http://blog.naver.com/oj_hj
세진액자,0.0,0건,리뷰 0,경기 광주시 이배재로 59,(지번) 탄벌동 222-2,연락처 없음,
만들고가게,0.0,0건,리뷰 22,경기 부천시 경인로110번길 33,(지번) 송내동 383-11,032-652-0808,http://blog.naver.com/mandulgo_gage
신라화랑표구사,5.0,10건,리뷰 0,경기 의정부시 평화로 572,(지번) 의정부동 205-8,032-652-0808,
도란도자기공방,0.0,0건,리뷰 3,경기 고양시 덕양구 권율대로 902,(지번) 신원동 628-1,연락처 없음,
레티엘,0.0,0건,리뷰 2,경기 수원시 영통구 산남로4번길 19 1층,(지번) 매탄동 862-3,연락처 없음,
십자수전문점,5.0,4건,리뷰 0,경기 부천시 상동로 84 영플러스118호,(지번) 상동 542-1,032-328-1040,
동양표구사,0.0,0건,리뷰 0,경기 수원시 영통구 동수원로 298 1층,(지번) 매탄동 1180-18,031-233-5604,http://www.ssgongbang.co.kr/
가내액자,5.0,3건,리뷰 0,경기 광명시 연서일로 4-1,(지번) 철산2동 159-3,031-233-5604,http://www.ankf.co.kr/
아트스페이스,0.0,0건,리뷰 7,경기 평택시 조개터로48번길 47,(지번) 합정동 773-11,031-651-5359,http://ok114.co.kr/0316515359
엘리보석십자수 신천점,0.0,0건,리뷰 0,경기 시흥시 신천3길 40,(지번) 신천동 758-23,연락처 없음,
화성지역자활,0.0,0건,리뷰 0,경기 화성시 향남읍 향남로 470,(지번) 향남읍 도이리 668,031-354-1129,
오밀목공,0.0,0건,리뷰 0,경기 용인시 기흥구 흥덕2로65번길 20-3 1층,(지번) 영덕동 997-11,031-212-0825,http://blog.naver.com/theomil
액자표,5.0,2건,리뷰 0,경기 성남시 분당구 중앙공원로40번길 8,(지번) 서현동 94,031-701-0737,
,0.0,0건,리뷰 0,경기 구리시 검배로72번길 90,(지번) 수택동 458-13,031-557-2083,
기흥컴퓨터자수,0.0,0건,리뷰 0,경기 용인시 기흥구 상갈로23번길 5,(지번) 상갈동 122-33,031-281-2191,http://01033632191.ikt.kr/
안성옹,0.0,0건,리뷰 10,경기 안성시 보개면 서동대로 5606-39,(지번) 보개면 양복리 885,031-674-2578,
보석십자수수재샵 동탄지점,0.0,0건,리뷰 0,경기 화성시 동탄시범한빛길 29,(지번) 반송동 18-5,010-3182-7885,https://blog.naver.com/jinsun30
황공방 안양본점,0.0,0건,리뷰 3,경기 안양시 만안구 냉천로 158 3층 302호,(지번) 안양동 627-168,031-466-0262,http://blog.naver.com/clayhwang
양세마리원단공방,3.0,1건,리뷰 0,경기 화성시 병점중앙로155번길 15-10 1층,(지번) 진안동 524-39,010-3057-2366,https://www.instagram.com/hyeonmi_yang3/
뉴서울명찰컴퓨터자수,5.0,1건,리뷰 0,경기 고양시 일산서구 중앙로 1371,(지번) 주엽동 81,031-915-0580,
유락공방,0.0,0건,리뷰 13,경기 성남시 분당구 성남대로 165 508호,(지번) 금곡동 161,010-8721-1584,http://blog.naver.com/ohyunj157
,D 온유갤러리 화랑,0.0,0건,리뷰 1,(지번) 금곡동 161,010-8721-1584,http://blog.naver.com/onyougallery
목공문화공간 둥근작,0.0,0건,리뷰 3,경기 안양시 동안구 평촌대로 411 지하 1층,(지번) 비산동 1018-3,031-346-9463,http://blog.naver.com/handmadex
운산방표구사,0.0,0건,리뷰 0,경기 수원시 영통구 동수원로514번길 61,(지번) 매탄동 130-75,031-215-5959,
그림과,0.0,0건,리뷰 0,경기 안산시 상록구 이동공원로 51 2층,(지번) 이동 710-14,010-4740-8072,
대동유리상사,5.0,2건,리뷰 0,경기 부천시 부일로297번길 3,(지번) 상동 318-4,010-5278-5755,
해피우드,0.0,0건,리뷰 0,경기 안양시 만안구 덕천로 97 2층,(지번) 안양동 212-16,031-441-7958,
정구찬갤러리 운학점,0.0,0건,리뷰 10,경기 용인시 처인구 동부로 466,(지번) 운학동 363-2,연락처 없음,http://blog.naver.com/grimgallery/
노을목,0.0,0건,리뷰 0,경기 평택시 팽성읍 대추안길 45,(지번) 팽성읍 노와리 468-3,031-655-3179,https://blog.naver.com/ke3399
세라아트,0.0,0건,리뷰 0,경기 안성시 공도읍 공도1로 17,(지번) 공도읍 용두리 158-14,031-8054-0715,http://blog.daum.net/tuione
황실유럽십자수,0.0,0건,리뷰 0,경기 안양시 만안구 경수대로 1241 석수경남아너스빌아파트 상가,(지번) 석수동 168-4,031-447-6040,
아름다운방,0.0,0건,리뷰 0,경기 의정부시 청사로 45 플래티넘프라자1층107,(지번) 금오동 473-1,031-853-6514,
수원시 목공체,0.0,0건,리뷰 1,경기 수원시 장안구 정조로 1085,(지번) 송죽동 318,031-228-4559,
황실십자수 신영통점,0.0,0건,리뷰 0,경기 수원시 영통구 영통로 124,(지번) 망포동 542-11,031-273-1489,
영롱달빛,5.0,4건,리뷰 3,경기 수원시 팔달구 권광로 184 캐슬타워 101동 1401호,(지번) 인계동 1120,031-273-1489,http://xn--3e0b97uzwb5wtl1ag0f.com/
벨루스가죽공방,5.0,1건,리뷰 0,경기 광주시 중앙로 130-34,(지번) 경안동 60-3,031-761-7688,
공간과,5.0,4건,리뷰 0,경기 성남시 수정구 수정로456번길 12,(지번) 산성동 2214-1,031-734-2098,
바오밥나무공방,0.0,0건,리뷰 0,경기 안성시 보개원삼로 137,(지번) 가사동 18-2,연락처 없음,
윤정사,0.0,0건,리뷰 0,경기 고양시 덕양구 통일로1031번길 366-6,(지번) 내유동 379-8,031-963-0983(팩스),http://www.yjart.co.kr/
반지더하기 수원역점,5.0,2건,리뷰 2,경기 수원시 팔달구 향교로 2 5층,(지번) 매산로1가 60-3,031-245-6022,http://blog.naver.com/banjiplus11
예,0.0,0건,리뷰 0,경기 의정부시 의정로 118,(지번) 가능동 738-34,031-876-3200,
온점,0.0,0건,리뷰 7,경기 성남시 분당구 운중로267번길 7-5,(지번) 판교동 598-2,연락처 없음,
죽림원/대숯,0.0,0건,리뷰 0,경기 수원시 장안구 덕영대로425번길 8,(지번) 율전동 207-5,031-296-5128,
리드가죽공방,0.0,0건,리뷰 2,경기 부천시 중동로254번길 28 3층,(지번) 중동 1151-3,070-8200-7214,
한국전통등연구원,5.0,1건,리뷰 2,경기 양주시 광적면 광적로325번길 89,(지번) 광적면 덕도리 600-1,02-396-0308,
유니크마이스터공예,4.5,2건,리뷰 0,경기 성남시 수정구 사송로66번길 7,(지번) 사송동 556-1,031-716-3339,http://www.uniquemeister.com/
오케이포스터 그림과액자,5.0,1건,리뷰 0,경기 안양시 동안구 관악대로 213,(지번) 비산3동 360-17,031-384-2469,
수,5.0,1건,리뷰 7,경기 부천시 원미로37번길 37 유성리치빌 1층,(지번) 심곡동 137-39,031-384-2469,https://m.blog.naver.com/breakfast3
DIY목공,0.0,0건,리뷰 0,경기 부천시 성주로 136-1,(지번) 송내동 628-24,010-6511-9484,
백제필방,0.0,0건,리뷰 0,경기 성남시 중원구 성남대로 1157,(지번) 성남동 4130,031-757-3518,
경기공예창작지원센터,0.0,0건,리뷰 0,경기 여주시 신륵사길 7,(지번) 천송동 297-11,031-887-8281,http://csic.kr/
,D 제이어스수제공방 목공예,0.0,0건,리뷰 18,(지번) 천송동 297-11,031-887-8281,https://blog.naver.com/leejus1209/
다옴도자기공방,0.0,0건,리뷰 0,경기 하남시 이성로41번길 16,(지번) 춘궁동 35,연락처 없음,
동진액자,0.0,0건,리뷰 0,경기 시흥시 수인로3077번길 6,(지번) 안현동 360-44,031-311-6575,http://www.djframe.com/
나무와자이 목,0.0,0건,리뷰 2,경기 광주시 사기막길95번길 41,(지번) 탄벌동 683-1,010-8181-6969,http://blog.naver.com/sr6970
메이드디(MADE D),0.0,0건,리뷰 0,경기 용인시 기흥구 신갈로96번길 11-46,(지번) 신갈동 28-16,070-8820-8635,
댓츠라잇,0.0,0건,리뷰 8,경기 부천시 송내대로27번길 13-8,(지번) 송내동 707-1,연락처 없음,https://smartstore.naver.com/thats_light
움,0.0,0건,리뷰 2,경기 용인시 처인구 모현읍 대지로 345-9 래시움102동 지하1층,(지번) 모현읍 오산리 253-7,연락처 없음,http://umgallery.com/
아트스페이스 ,0.0,0건,리뷰 3,경기 고양시 일산동구 애니골길 70,(지번) 풍동 613-1,연락처 없음,http://www.artspaceanygol.com/
두유공방,0.0,0건,리뷰 18,경기 수원시 영통구 효원로358번길 3 1층,(지번) 매탄동 1156,연락처 없음,https://blog.naver.com/doyoucandle
맹가미가죽공방 수원점,0.0,0건,리뷰 0,경기 수원시 팔달구 정조로 848-1,(지번) 북수동 339-3,031-242-0122,
효명철강,0.0,0건,리뷰 0,경기 평택시 장안외길 86-2,(지번) 장안동 289-2,031-665-7783,
헤펠레목공방 군,0.0,0건,리뷰 0,경기 군포시 삼성로20번길 3-30 1층 101호,(지번) 부곡동 1213-1,031-665-7783,http://www.diyhafele.co.kr/
가죽공방,0.0,0건,리뷰 0,경기 안양시 만안구 삼덕로 97,(지번) 안양동 714-3,연락처 없음,
AN,0.0,0건,리뷰 0,경기 성남시 분당구 서현로429번길 32,(지번) 분당동 108-9,070-8972-7412,
아트,0.0,0건,리뷰 1,경기 이천시 신둔면 도자예술로6번길 49,(지번) 신둔면 고척리 637,010-6334-9822,https://www.artazit.com/
,"D 팍스팩토리 미술,공예",0.0,0건,리뷰 2,(지번) 신둔면 고척리 637,010-6334-9822,https://petstylish.blog.me/
청암액자,0.0,0건,리뷰 5,경기 파주시 운정4길 82,(지번) 야당동 51-14,031-944-6500,http://www.ca-frame.co.kr/
한강표구액자,5.0,1건,리뷰 0,경기 고양시 일산동구 무궁화로 43-15 한강세이프빌 1층 120호,(지번) 장항동 733,010-6876-7696,http://blog.naver.com/hangangframe
쿠방,5.0,1건,리뷰 54,경기 의정부시 신흥로 158 호원빌딩 2층,(지번) 호원동 351-6,010-6876-7696,https://coobang.modoo.at/
은성도예전,0.0,0건,리뷰 0,경기 여주시 여양로 303,(지번) 오학동 297-3,031-885-0303,
헤펠레목공방 하,0.0,0건,리뷰 0,경기 하남시 신평로 190,(지번) 신장동 298-2,031-792-8809,
가야당표구액자 정자동점,0.0,0건,리뷰 0,경기 성남시 분당구 내정로174번길 42,(지번) 수내동 53,031-717-3345,
묵,0.0,0건,리뷰 0,경기 수원시 팔달구 중부대로223번길 20-7,(지번) 우만동 95-1,031-215-3032,
갤러,0.0,0건,리뷰 0,경기 파주시 탄현면 헤이리마을길 12,(지번) 탄현면 법흥리 1652-294,031-215-3032,http://www.pirang.co.kr/
오로지 도자기공방,5.0,1건,리뷰 0,경기 용인시 처인구 명지로60번길 39-17 1층,(지번) 역북동 774-6,010-9349-1249,http://blog.naver.com/ceramickim
분당수내명찰,0.0,0건,리뷰 0,경기 성남시 분당구 내정로166번길 7-6 코끼리상가 지하1층,(지번) 수내동 56,연락처 없음,
안양표,2.1,11건,리뷰 0,경기 안양시 동안구 경수대로 572 204호,(지번) 호계동 986-28,031-454-5951,
화서뜨개방,0.0,0건,리뷰 0,경기 수원시 팔달구 동말로 72,(지번) 화서동 97-1,031-258-2130,
트윈케이크&캔들,0.0,0건,리뷰 1,경기 평택시 고덕면 고덕국제3길 112,(지번) 고덕면 여염리 4291-6,031-258-2130,https://blog.naver.com/dlawltnr7425
가벼움,0.0,0건,리뷰 1,경기 수원시 영통구 센트럴파크로127번길 58 1층,(지번) 이의동 1306-6,연락처 없음,https://www.instagram.com/lightness_127
프랑스자수미미,0.0,0건,리뷰 0,경기 고양시 일산동구 산두로145번길 43-20,(지번) 정발산동 1275,010-9992-8714,
낙하,0.0,0건,리뷰 8,경기 파주시 탄현면 한산로 6-32,(지번) 탄현면 낙하리 297-5,010-9992-8714,https://www.instagram.com/nakhari_hwasil/
안성액자,4.5,2건,리뷰 0,경기 부천시 부천로 173,(지번) 춘의동 210-6,032-655-9463,http://cafe.daum.net/frame3
조은액자,0.0,0건,리뷰 0,경기 성남시 분당구 느티로69번길 18-1,(지번) 정자동 69-11,031-713-6585,
도예공방 공기,0.0,0건,리뷰 3,경기 수원시 권선구 동수원로36번길 11 1층,(지번) 곡반정동 589-7,010-2069-6179,https://blog.naver.com/gong-gi
정희진도자기,0.0,0건,리뷰 1,경기 성남시 분당구 느티로51번길 8-3 1층,(지번) 정자동 84-16,연락처 없음,https://www.instagram.com/jungheejinceramic/
액자마을,0.0,0건,리뷰 0,경기 수원시 장안구 수성로 272,(지번) 영화동 397-3,031-251-7457,
대상액자,5.0,2건,리뷰 0,경기 김포시 통진읍 서암로183번길 100,(지번) 통진읍 서암리 237-5,031-989-0386,http://edaesang.co.kr/
DIY나무소리,0.0,0건,리뷰 0,경기 화성시 노작로4길 27,(지번) 반송동 115-3,031-8015-4678,
명진액자,5.0,1건,리뷰 0,경기 안산시 단원구 고잔2길 16 115호,(지번) 고잔동 531-2,031-480-2917,
A헤펠레목,0.0,0건,리뷰 0,경기 용인시 기흥구 마북로 45,(지번) 마북동 317-21,연락처 없음,
센트오브유,5.0,1건,리뷰 21,경기 안산시 단원구 이삭2길 41 205호,(지번) 고잔동 737-6,연락처 없음,https://smartstore.naver.com/scentofyou
C&S갤러리 도예공방,0.0,0건,리뷰 1,경기 의왕시 학현로 134,(지번) 학의동 463,031-426-3108,
월곶예술공판장,0.0,0건,리뷰 2,경기 시흥시 월곶해안로 205,(지번) 월곶동 1018-1,070-4459-1788,https://blog.naver.com/artdock_sh
황실십자수,0.0,0건,리뷰 0,경기 광명시 범안로 1049,(지번) 하안2동 34-5,02-892-9472,
,"D 앨리스 도자공방 미술,공예",5.0,2건,리뷰 1,(지번) 하안2동 34-5,02-892-9472,https://www.instagram.com/alice_ceramic_studio/
도자시간,0.0,0건,리뷰 6,경기 안산시 단원구 광덕4로 148 트윈타워 B동 109호,(지번) 고잔동 703-3,연락처 없음,http://blog.naver.com/ttt_clay
서울아트,1.0,1건,리뷰 0,경기 성남시 분당구 성남대로858번길 14,(지번) 야탑동 527-5,031-707-4789,
조은도자기공방,5.0,1건,리뷰 0,경기 부천시 원미로156번길 30,(지번) 원미동 144-65,연락처 없음,
윤슬도자기공방,3.7,3건,리뷰 7,경기 수원시 장안구 장안로30번길 19 1층,(지번) 영화동 419-13,010-4532-7142,https://www.instagram.com/yunseul_ceramic/
오,0.0,0건,리뷰 0,경기 평택시 중앙시장로6번길 23,(지번) 신장동 298-28,031-666-5096,
아트,0.0,0건,리뷰 5,경기 수원시 영통구 센트럴파크로 6 힐스테이트광교 지하2층 103호,(지번) 하동 1021,031-666-5096,https://artlake.modoo.at/
헤펠레목공방 구리덕,1.0,1건,리뷰 0,경기 남양주시 경강로294번길 23,(지번) 삼패동 316-4,연락처 없음,http://blog.naver.com/ohminhwan
그,0.0,0건,리뷰 0,경기 용인시 수지구 신봉2로 94-45,(지번) 신봉동 935-9,연락처 없음,
동,0.0,0건,리뷰 0,경기 수원시 팔달구 매산로116번길 28-4,(지번) 교동 142-15,연락처 없음,
목공방,0.0,0건,리뷰 0,경기 남양주시 화도읍 녹촌로 87-48,(지번) 화도읍 녹촌리 116,010-4288-3148,http://www.instagram.com/studio_nok_turn
백,0.0,0건,리뷰 0,경기 수원시 팔달구 정조로 858,(지번) 북수동 189-1,031-251-0292,
판교액자,0.0,0건,리뷰 5,경기 성남시 분당구 대왕판교로 184 1층,(지번) 금곡동 115-13,031-713-0288,http://grimfactory.co.kr/
고려표,0.0,0건,리뷰 0,경기 수원시 장안구 장안로 24,(지번) 영화동 425-4,031-253-3332,
이화레이져공방,0.0,0건,리뷰 0,경기 수원시 팔달구 월드컵로369번길 29,(지번) 우만동 478-3,연락처 없음,http://www.xn--om2b19ndtesva91a.kr/
,D 용화랑 화방,5.0,1건,리뷰 0,(지번) 우만동 478-3,연락처 없음,
아,0.0,0건,리뷰 0,경기 용인시 수지구 만현로 120,(지번) 상현동 252,연락처 없음,https://adocalligraphy.com/
나다,0.0,0건,리뷰 1,경기 수원시 영통구 매영로39번길 6,(지번) 매탄동 199-77,010-8922-4294,https://nadawood.modoo.at/
제로캔들,0.0,0건,리뷰 0,경기 하남시 감북로53번길 29,(지번) 감북동 322-38,연락처 없음,
정구찬갤러리,0.0,0건,리뷰 0,경기 용인시 처인구 운학로 32-2,(지번) 운학동 248-3,연락처 없음,
양지,0.0,0건,리뷰 1,경기 하남시 하남대로777번길 75,(지번) 신장동 438-10,031-794-2291,
그림과액자,0.0,0건,리뷰 0,경기 안양시 만안구 만안로 244,(지번) 안양동 88-1,연락처 없음,
서문재,5.0,1건,리뷰 0,경기 여주시 신단2길 132,(지번) 단현동 258,연락처 없음,http://blog.naver.com/8822228
클레이어,0.0,0건,리뷰 0,경기 고양시 일산동구 장대길105번길 172,(지번) 장항동 545-12,연락처 없음,http://www.clayer.co.kr/
해피조이,5.0,1건,리뷰 0,경기 광주시 오포읍 문현로 1-83,(지번) 오포읍 문형리 295-1,연락처 없음,
얼웨이즈,0.0,0건,리뷰 6,경기 성남시 분당구 미금로 43 정운빌딩 지하1층,(지번) 구미동 204-1,010-6382-5427,http://blog.naver.com/alwaysthere17
이태리액자,5.0,1건,리뷰 0,경기 고양시 덕양구 용현로53번길 26,(지번) 행신동 741-16,031-972-2280,
가구공방아르,0.0,0건,리뷰 0,경기 용인시 수지구 죽전로278번길 21-1 지하 1층,(지번) 죽전동 1393-3,031-889-3183,http://www.arture.co.kr/
프라이스어니든,0.0,0건,리뷰 0,경기 남양주시 화도읍 비룡로 201,(지번) 화도읍 묵현리 18-8,031-889-3183,http://priceaneden.com/
비야크래프트,0.0,0건,리뷰 0,경기 평택시 팽성읍 안정쇼핑로 57,(지번) 팽성읍 안정리 41-68,연락처 없음,https://blog.naver.com/chikiss_
라온목,0.0,0건,리뷰 0,경기 남양주시 화도읍 경춘로창벌2길 12-1 1층,(지번) 화도읍 창현리 732-3,연락처 없음,http://blog.naver.com/seoh09041
수줍은주얼리,0.0,0건,리뷰 0,경기 수원시 팔달구 권광로 146 벽산그랜드코아 210호,(지번) 인계동 1125-2,연락처 없음,http://www.instagram.com/soojoobeun_jewelry
리에쥬 도자기핸드페인팅공방,0.0,0건,리뷰 0,경기 부천시 은성로 172-9 범박힐스테이트6단지 상가동 1층,(지번) 범박동 150-2,연락처 없음,http://blog.naver.com/liegestudio/
나무n,0.0,0건,리뷰 27,경기 남양주시 경강로294번길 23,(지번) 삼패동 316-4,010-3306-6785,https://blog.naver.com/ohminhwan/
세이모어세라믹워크,0.0,0건,리뷰 14,경기 성남시 분당구 내정로113번길 17 지하1층,(지번) 정자동 70-5,031-719-3448,http://seymour.modoo.at/
문다방,0.0,0건,리뷰 0,경기 부천시 정주로 61,(지번) 약대동 177-20,연락처 없음,
그리고뜨다,5.0,1건,리뷰 1,경기 고양시 일산동구 무궁화로141번길 21,(지번) 정발산동 1184,연락처 없음,
WOONICLAY 도자기공방,5.0,1건,리뷰 0,경기 남양주시 오남읍 진건오남로512번길 21,(지번) 오남읍 오남리 414-3,031-528-0624,http://blog.naver.com/doyega0205
소잉&뜨개,0.0,0건,리뷰 1,경기 수원시 영통구 이의동 1352-1 에듀하임1309오피스텔 상가 101동 102호,(지번) 오남읍 오남리 414-3,031-528-0624,https://blog.naver.com/bf3807
뜨개나무바이유미,0.0,0건,리뷰 0,경기 성남시 분당구 서판교로44번길 3-8,(지번) 판교동 566-1,031-8016-4888,
바랭이도자기공방,0.0,0건,리뷰 0,경기 용인시 기흥구 이현로29번길 26-8,(지번) 보정동 878-6,연락처 없음,
도은자기,5.0,2건,리뷰 0,경기 이천시 신둔면 황무로254번길 60-56,(지번) 신둔면 인후리 176,연락처 없음,http://www.doeun.co.kr/
그냥좋,5.0,1건,리뷰 1,경기 과천시 자하동길 45,(지번) 중앙동 10,연락처 없음,
반지더하기 부천점,5.0,3건,리뷰 7,경기 부천시 석천로177번길 21 화이트밸리 403호,(지번) 중동 1162-1,032-201-7770,
동진액자,4.0,1건,리뷰 0,경기 광명시 안재로14번길 5-1,(지번) 하안1동 596-9,02-897-1358,http://www.newframe.co.kr/
,"D 젬마그레이바느질공방 수예,자수",0.0,0건,리뷰 0,(지번) 하안1동 596-9,02-897-1358,
정우금속,0.0,0건,리뷰 0,경기 김포시 양촌읍 황금3로8번길 20,(지번) 양촌읍 학운리 3500,031-986-8678,
헤펠레목공방 나무N공,0.0,0건,리뷰 0,경기 의왕시 이미로 40 인덕원IT밸리 D동 406호,(지번) 포일동 653,연락처 없음,http://blog.naver.com/ohminhwan
모감주나무공방,1.0,1건,리뷰 0,경기 의왕시 징계골길 55,(지번) 이동 562,연락처 없음,https://goldenrainwoodwork.blog.me/
신상호스튜디오,0.0,0건,리뷰 0,경기 양주시 장흥면 호국로311번길 20-39,(지번) 장흥면 부곡리 646-8,031-826-4549,http://www.sanghoshin.com/
호림공방,0.0,0건,리뷰 0,경기 동두천시 쇠목길 356-126,(지번) 광암동 23,031-868-1100,
고당,0.0,0건,리뷰 0,경기 광명시 시청로 103,(지번) 철산2동 141,02-2614-7115,
감성터,0.0,0건,리뷰 2,경기 평택시 용죽6길 15 수피아 102호,(지번) 용이동 671-1,010-6797-5653,
메이앤데이지,0.0,0건,리뷰 12,경기 수원시 장안구 영화로71번길 16 1층,(지번) 정자동 69-13,010-2166-8185,http://www.xn--m-w18el0pxlmopcca032b.com/
오늘도자기,4.0,1건,리뷰 2,경기 남양주시 마치로 118 3층,(지번) 호평동 23-75,010-2166-8185,
엔틱,0.0,0건,리뷰 0,경기 남양주시 와부읍 경강로 971,(지번) 와부읍 팔당리 441-7,031-591-7785,https://blog.naver.com/pdgarden973
분당청년공방,5.0,1건,리뷰 6,경기 성남시 분당구 분당로53번길 13 3층,(지번) 서현동 269-4,031-591-7785,https://www.instagram.com/neon_1122/
수에트리,3.3,3건,리뷰 16,경기 용인시 기흥구 죽전로15번길 11-13 1층,(지번) 보정동 1187-3,031-591-7785,http://www.suyetree.co.kr/
마지삐에로도자기공방,0.0,0건,리뷰 5,경기 화성시 동탄반석로 172 동양파라곤 216호,(지번) 반송동 93-3,031-613-7949,http://magicpainting.smphone.kr/
애니아,0.0,0건,리뷰 0,경기 구리시 동구릉로460번길 147-39,(지번) 사노동 28-16,031-558-2395,
에스로그,0.0,0건,리뷰 3,경기 용인시 처인구 금령로27번길 6-1,(지번) 김량장동 321-11,연락처 없음,https://blog.naver.com/ssssaet/
보석십자수 수재샵 의정부지점,0.0,0건,리뷰 0,경기 의정부시 추동로 93 대성빌딩 1층,(지번) 신곡동 757-9,연락처 없음,http://sujaeshop.com/
한결아트,0.0,0건,리뷰 0,경기 화성시 봉담읍 최루백로 160-21,(지번) 봉담읍 분천리 46-16,연락처 없음,http://www.pni-bs.com/
가야당,0.0,0건,리뷰 0,경기 성남시 분당구 야탑로271번길 7,(지번) 야탑동 177,031-705-6660,
굿앤레더,5.0,1건,리뷰 0,경기 안산시 상록구 양지편로 38 7층,(지번) 이동 715-11,031-705-6660,http://goodnleather.com/
공간갤러리,0.0,0건,리뷰 0,경기 성남시 분당구 내정로165번길 38 양지마을청구상가 132호,(지번) 수내1동 32,031-705-6660,https://gggallery.modoo.at/
남원제기병풍공장,0.0,0건,리뷰 0,경기 광주시 경충대로 1897,(지번) 장지동 550,031-764-7416,
황실십자수앤뜨개,0.0,0건,리뷰 0,경기 수원시 영통구 이의동 1352 에듀하임 101동,(지번) 장지동 550,031-764-7416,
실과바늘뜨개방,0.0,0건,리뷰 0,경기 오산시 오산로232번길 14,(지번) 오산동 878-15,031-376-6984,
도자기봄,0.0,0건,리뷰 0,경기 하남시 미사강변대로54번길 97,(지번) 풍산동 506-1,010-3311-7738,https://blog.naver.com/skkk1327
하우스오브지원,0.0,0건,리뷰 4,경기 의정부시 평화로494번길 31 2층,(지번) 의정부동 135-25,010-3311-7738,https://blog.naver.com/houseofjiwon/
오마이디쉬,5.0,1건,리뷰 8,경기 성남시 수정구 위례서일로1길 3,(지번) 창곡동 558-6,070-4145-6155,http://ohmydish.co.kr/
보석십자수수재샵 용인광교점,0.0,0건,리뷰 0,경기 용인시 수지구 광교마을로 2 광교경남아너스빌 상가동 102-1호,(지번) 상현동 1115,010-5268-1024,https://blog.naver.com/dms419419
꼼지락다락방,0.0,0건,리뷰 1,경기 수원시 권선구 세권로137번길 15,(지번) 권선동 995-10,연락처 없음,
아기자기손뜨개&십자수,0.0,0건,리뷰 0,경기 군포시 번영로 497 2층,(지번) 산본동 1142-5,031-391-3387,http://cafe.naver.com/agijagisanbon
,"D 중부액자 액자,표구",5.0,1건,리뷰 0,(지번) 산본동 1142-5,031-391-3387,http://jbframe.smphone.kr/
눈과마음 아트스튜디오,5.0,1건,리뷰 1,경기 하남시 미사강변대로34번안길 11 4층 405호,(지번) 풍산동 517-1,031-792-6736,https://blog.naver.com/eyeandmind_sh
황실유럽십자수,0.0,0건,리뷰 0,경기 부천시 부천로 1,(지번) 심곡본동 316-2,연락처 없음,
청그림작업스,0.0,0건,리뷰 0,경기 안양시 만안구 장내로 137,(지번) 안양동 674,연락처 없음,
토루도예공방,5.0,4건,리뷰 2,경기 파주시 오도로 160-16,(지번) 오도동 274-16,031-943-5130,http://blog.naver.com/cj5130
아빠솜씨,0.0,0건,리뷰 0,경기 양주시 율정로247번길 79-27,(지번) 율정동 115,031-943-5130,https://blog.naver.com/zeregadis77
리꼬벨로,0.0,0건,리뷰 29,경기 부천시 계남로 297,(지번) 춘의동 130-11,연락처 없음,http://blog.naver.com/riccobello
전흥공예,0.0,0건,리뷰 0,경기 김포시 대곶면 종생로 78-26 1동,(지번) 대곶면 율생리 267-4,031-989-2344,http://www.jhart.co.kr/
써틴,5.0,3건,리뷰 1,경기 용인시 기흥구 구성로279번길 29 1층,(지번) 청덕동 529-15,010-6221-6213,http://blog.naver.com/mousecan
예사,0.0,0건,리뷰 0,경기 오산시 남부대로 313 102호,(지번) 원동 445-4,031-378-1120,http://www.xn--2e0bj6q1rh1qfcyu.infom.kr/
행복뜨개방,0.0,0건,리뷰 0,경기 안양시 만안구 안양로223번길 35,(지번) 안양동 453-1,010-6634-0036,
보석십자수수재샵 별내점,0.0,0건,리뷰 0,경기 남양주시 별내5로5번길 33,(지번) 별내동 1087-5,010-7640-0272,
펠트박스,0.0,0건,리뷰 42,경기 남양주시 평내로161번길 3-14 1층,(지번) 평내동 595-12,070-8234-4997,http://www.feltbox.co.kr/
상신,0.0,0건,리뷰 0,경기 부천시 부일로 276,(지번) 상동 322,032-322-0453,
토글가죽공방 본점,0.0,0건,리뷰 0,경기 광주시 오포읍 능평로 78-7,(지번) 오포읍 능평리 333-7,070-4001-0420,
,"D 더유스토리 미술,공예",0.0,0건,리뷰 3,(지번) 오포읍 능평리 333-7,070-4001-0420,https://blog.naver.com/poohje106
주운항,5.0,1건,리뷰 0,경기 안양시 동안구 경수대로883번길 93 일진상가 302호,(지번) 비산동 571-28,010-5311-7887,http://redjoo.modoo.at/
액자나라,0.0,0건,리뷰 0,경기 군포시 산본천로 196-1,(지번) 산본동 236-5,031-395-0759,
갤러,0.0,0건,리뷰 0,경기 남양주시 늘을2로14번길 5 3층 304호,(지번) 호평동 641-1,연락처 없음,http://blog.naver.com/ad4u1004
크레마모비다,0.0,0건,리뷰 0,경기 화성시 동탄치동천로2길 3-3,(지번) 영천동 747-2,070-8869-2237,https://www.cremamorbida.com/
르디쉬 세라믹스튜디오,5.0,1건,리뷰 3,경기 성남시 분당구 동판교로52번길 13-10,(지번) 백현동 593-4,연락처 없음,https://blog.naver.com/ledishstudio
안성 여,1.0,1건,리뷰 0,경기 안성시 삼죽면 서동대로 6400,(지번) 삼죽면 진촌리 212,031-672-4003,http://aswood.co.kr/
옛멋화,5.0,4건,리뷰 0,경기 용인시 기흥구 동백5로 17 동백 레이크시티 프라자 7층 703-2호,(지번) 중동 832-7,010-8148-7899,http://oldcharm.co.kr/
유럽풍십자수,0.0,0건,리뷰 0,경기 평택시 평택2로 52,(지번) 비전1동 621-13,031-652-1827,
뜨개랑 십자수랑,4.9,10건,리뷰 0,경기 용인시 기흥구 어정로 84,(지번) 상하동 462-1,031-652-1827,
코바늘대바늘뜨개방,0.0,0건,리뷰 0,경기 평택시 지산로37번길 55,(지번) 지산동 1010,연락처 없음,
광주표구화랑,0.0,0건,리뷰 0,경기 광주시 경안안길 22,(지번) 경안동 91-9,031-761-9804,
수원동진액자,0.0,0건,리뷰 0,경기 수원시 팔달구 세지로 383 동진빌딩1층,(지번) 지동 212-10,031-258-6898,http://www.odiyu.com/frame
한송공방,0.0,0건,리뷰 0,경기 고양시 덕양구 호국로1427번길 99,(지번) 대자동 391,031-964-0681,http://www.chilpicraft.com/
시나브로가죽공방,5.0,1건,리뷰 2,경기 수원시 팔달구 효원로249번길 18-17 3층,(지번) 인계동 1044-13,0507-1339-0792,https://www.instagram.com/sinabro_leather/
,"D 엄마손뜨게방 수예,자수",0.0,0건,리뷰 0,(지번) 인계동 1044-13,0507-1339-0792,
현공방,0.0,0건,리뷰 0,경기 과천시 남태령옛길 2,(지번) 과천동 465,0507-1339-0792,http://www.enjoypot.co.kr/
예찬하드페이싱,0.0,0건,리뷰 0,경기 시흥시 공단1대로321번길 14,(지번) 정왕동 1289-10,031-497-5653,
레드체어메,0.0,0건,리뷰 0,경기 광주시 오포읍 능평로30번길 10,(지번) 오포읍 능평리 458-4,연락처 없음,http://blog.naver.com/redsky_88
보석십자수 수재샵 화성병점점,0.0,0건,리뷰 0,경기 화성시 병점3로 41,(지번) 병점동 345-50,연락처 없음,
천돌공작소,0.0,0건,리뷰 0,경기 남양주시 화도읍 수레로 1116 성민빌딩 1층,(지번) 화도읍 차산리 63-24,031-510-6264,http://www.papaword.com/
안성액자갤러리,0.0,0건,리뷰 0,경기 안성시 장기로 48,(지번) 인지동 414-5,031-672-3296,
우드스튜디오,5.0,1건,리뷰 0,경기 과천시 광창1로 21-35,(지번) 과천동 142-3,연락처 없음,
용운공방,0.0,0건,리뷰 0,경기 안성시 보개면 분토길 25-5,(지번) 보개면 가율리 79-1,연락처 없음,http://blog.daum.net/_blog/BlogTypeMain.do?blogid=0EBcZ
버드나무,0.0,0건,리뷰 1,경기 김포시 하성면 하성로656번길 22,(지번) 하성면 양택리 288-2,031-981-9845,http://budnamu.co.kr/
십자수마을,0.0,0건,리뷰 0,경기 안산시 상록구 반석로 54,(지번) 본오동 871,연락처 없음,
청담민속경,0.0,0건,리뷰 0,경기 화성시 비봉면 주석로 563-3,(지번) 비봉면 청요리 852-3,010-7577-4982,
손,0.0,0건,리뷰 0,경기 고양시 일산동구 강촌로26번길 7-21 지하1층,(지번) 백석동 1411-1,010-5214-0052,https://cafe.naver.com/sonmakeroom
작은나무소리,0.0,0건,리뷰 0,경기 오산시 오산로 350,(지번) 궐동 44-1,010-3909-3541,http://xn--910b55ou7av3mrth4na.webable.kr/
헤펠레목,0.0,0건,리뷰 0,경기 남양주시 송산로339번길 41-14,(지번) 별내동 885,031-574-0622,
,"D 맥간공예연구원 미술,공예",0.0,0건,리뷰 1,(지번) 별내동 885,031-574-0622,http://www.mackan.kr/
달봉캔들,0.0,0건,리뷰 9,경기 수원시 권선구 세화로190번길 58 2층,(지번) 서둔동 291-6,010-2310-1399,https://blog.naver.com/story6027
예뜰,0.0,0건,리뷰 3,경기 김포시 하성면 누산봉성로 202,(지번) 하성면 봉성리 643-70,연락처 없음,https://blog.naver.com/yettele1146
제이케이트레이딩앤뉴트,0.0,0건,리뷰 0,경기 안산시 상록구 선암로2길 5,(지번) 본오동 670-11,070-8775-1112,
황실유럽자수 안양점,0.0,0건,리뷰 0,경기 안양시 만안구 안양로 지하 301 중앙지하상가 139~141호,(지번) 안양동 1189-1,031-449-0601,https://blog.naver.com/hobby6393/222246556849
수지화랑표구사,0.0,0건,리뷰 0,경기 수원시 팔달구 정조로 858,(지번) 북수동 189-1,031-243-7018,
동신미술,5.0,1건,리뷰 0,경기 고양시 덕양구 흥도로70번길 117-2,(지번) 도내동 148-1,031-973-5585,
바오밥목공전문학원,0.0,0건,리뷰 0,경기 안성시 보개원삼로 137,(지번) 가사동 18-2,031-674-0193,http://baobobwoodwork.modoo.at/
남원제기병풍,0.0,0건,리뷰 0,경기 김포시 양촌읍 누산리 488-5,(지번) 가사동 18-2,연락처 없음,
라라랜드 라탄공방,0.0,0건,리뷰 2,경기 안산시 상록구 삼리2길 26 103호,(지번) 사동 1542-4,연락처 없음,http://blog.naver.com/ahjang2
화실그,0.0,0건,리뷰 0,경기 부천시 경인옛로 115,(지번) 괴안동 6-5,032-349-8655,
유소도예,0.0,0건,리뷰 1,경기 김포시 김포한강1로 250 113~115호,(지번) 운양동 1307-3,032-349-8655,http://www.instagram.com/youso_ceramic
백록도예연구소,0.0,0건,리뷰 0,경기 구리시 벌말로80번길 132,(지번) 토평동 457-6,031-551-1950,http://www.xn--2e0b83j45d8xe78hw4g1e.com/
라우드,0.0,0건,리뷰 0,경기 수원시 영통구 덕영대로1499번길 33 지하1층,(지번) 망포동 5-33,010-3732-8875,http://www.lawood.co.kr/
효애랑도자기공방,0.0,0건,리뷰 5,경기 성남시 분당구 황새울로116번길 6,(지번) 정자동 80-3,연락처 없음,
,D 나무상점 목공예,0.0,0건,리뷰 3,(지번) 정자동 80-3,연락처 없음,https://www.instagram.com/namu.sj/
한솔아트액자,0.0,0건,리뷰 0,경기 양주시 평화로1399번길 10,(지번) 덕계동 702-2,031-857-0027,http://hansolartyj.modoo.at/
담을도예공방,0.0,0건,리뷰 0,경기 화성시 여울로3길 10-2 1층,(지번) 능동 1103-13,031-857-0027,http://www.dameul-ceramic.com/
엑소더스가죽공방,0.0,0건,리뷰 5,경기 의정부시 체육로 249-5,(지번) 녹양동 400-28,010-2886-5818,https://blog.naver.com/verfa
올담청,5.0,1건,리뷰 0,경기 시흥시 복지로 105-3 1층,(지번) 대야동 345-15,0507-1424-1256,https://instagram.com/alldamcheong
레몬트리뜨개공방,0.0,0건,리뷰 0,경기 성남시 분당구 돌마로366번길 8 푸른마을아파트 쌍용B상가 103호,(지번) 수내동 75,031-718-8084,
공도소잉 미싱공방,0.0,0건,리뷰 8,경기 안성시 공도읍 서동대로 4079 주운풍림아파트 104동 106호,(지번) 공도읍 용두리 752,031-718-8084,https://blog.naver.com/seoly1004/
레도가죽공방,0.0,0건,리뷰 7,경기 고양시 일산동구 중앙로 1160 오원프라자 4층 415호,(지번) 마두동 805-2,010-6420-1205,https://blog.naver.com/ledocraft
청,0.0,0건,리뷰 0,경기 용인시 수지구 신봉1로 68,(지번) 신봉동 23-1,031-276-4241,
,0.0,0건,리뷰 0,경기 부천시 장말로187번길 19 2층,(지번) 중동 760-17,0507-1307-2409,http://blog.naver.com/poi2409
도색공방더쿠스,0.0,0건,리뷰 0,경기 수원시 영통구 삼성로 172-4,(지번) 매탄동 436-44,031-223-5214,
아리랑민속경,0.0,0건,리뷰 0,경기 화성시 팔탄면 푸른들판로 713,(지번) 팔탄면 구장리 3-27,031-223-5214,
더블유액자,5.0,1건,리뷰 0,경기 수원시 영통구 영통로 237 319호,(지번) 신동 338,031-308-5361,http://wframe.co.kr/
안나리사 유리공방,0.0,0건,리뷰 1,경기 남양주시 수동면 비룡로1270번길 119-24,(지번) 수동면 내방리 99-9,연락처 없음,
남원목기칠기상 제일공,0.0,0건,리뷰 0,경기 수원시 팔달구 수원천로255번길 6,(지번) 영동 8,031-244-7614,
,D 여울민화작업실 화방,0.0,0건,리뷰 0,(지번) 영동 8,031-244-7614,https://www.instagram.com/yeoul_minhwa/
에이티솔루션,0.0,0건,리뷰 0,경기 화성시 동탄원천로 354-28,(지번) 능동 1064-5,070-4110-5227,
백암도예,0.0,0건,리뷰 0,경기 용인시 처인구 원삼면 사암리 34-30,(지번) 능동 1064-5,연락처 없음,
십자수사랑,5.0,1건,리뷰 0,경기 성남시 분당구 돌마로 80,(지번) 구미동 24-1,031-711-4084,
H contemporary gall,0.0,0건,리뷰 0,경기 성남시 분당구 운중로125번길 3-8,(지번) 운중동 981-6,031-711-4084,http://hcontemporary.com/
베르사이유유럽풍십자수손뜨개,0.0,0건,리뷰 0,경기 평택시 안중읍 안중로114번길 23,(지번) 안중읍 안중리 262-78,031-683-7949,
프로방스공방,0.0,0건,리뷰 0,경기 파주시 소라지로 138-49,(지번) 연다산동 468-6,연락처 없음,
미조아트비젼,0.0,0건,리뷰 0,경기 파주시 경의로 1433,(지번) 당하동 334,031-946-6505,
하이프레임,5.0,1건,리뷰 0,경기 남양주시 진건읍 진관로 492,(지번) 진건읍 진관리 679-2,031-573-5233,http://hiframe.co.kr/
205디,5.0,1건,리뷰 2,경기 광명시 금오로794번길 40,(지번) 옥길동 18-30,010-8615-4768,https://blog.naver.com/20575
세잔느화실,0.0,0건,리뷰 0,경기 남양주시 고산로 169-101,(지번) 삼패동 407-13,031-577-8049,http://www.cezane.co.kr/
라나의목,0.0,0건,리뷰 1,경기 광주시 오포읍 봉골길171번길 33,(지번) 오포읍 문형리 12-47,010-5135-2041,https://blog.naver.com/md756
카페 ,0.0,0건,리뷰 0,경기 김포시 풍무로96번길 11 한양프라자 B동 3층,(지번) 풍무동 405-2,연락처 없음,
달빛하실미싱공방,0.0,0건,리뷰 0,경기 부천시 부천로3번길 48 피노키오빌딩 7층 710호,(지번) 심곡동 385,연락처 없음,http://blog.naver.com/under_themoonlight
나무,0.0,0건,리뷰 0,경기 안양시 동안구 벌말로 126 오비즈타워 315호,(지번) 관양동 1802,031-450-3530,http://www.wooden.co.kr/
그림공장,0.0,0건,리뷰 35,경기 수원시 영통구 이의동 1184,,연락처 없음,
입욕제공방머루나무,5.0,1건,리뷰 0,경기 양주시 삼숭로58번길 66 101호,(지번) 삼숭동 189-1,연락처 없음,http://www.instagram.com/murunamu
빛나는레이저공방,0.0,0건,리뷰 0,경기 수원시 영통구 대학1로8번길 12 101호,(지번) 이의동 1277-2,연락처 없음,https://www.laserwork.co.kr/
대일액자,0.0,0건,리뷰 0,경기 평택시 경기대로1376번길 36,(지번) 서정동 797,031-665-5850,http://www.xn--vk1bo26agqblc.kr/
그리,0.0,0건,리뷰 0,경기 김포시 사우로 23,(지번) 사우동 112-5,연락처 없음,
도르르도자공방,0.0,0건,리뷰 3,경기 수원시 팔달구 덕영대로735번길 66-2 1층,(지번) 화서동 246-2,031-246-4284,http://mimiplace.blog.me/
고촌화랑표구사,0.0,0건,리뷰 0,경기 김포시 고촌읍 김포대로 319,(지번) 고촌읍 신곡리 582-12,031-986-0490,
리본빌,0.0,0건,리뷰 1,경기 용인시 기흥구 용구대로 2257-11 엠와이피빌딩 1층,(지번) 신갈동 675,031-986-0490,https://cafe.naver.com/handmade486486/
돌하우스월드,0.0,0건,리뷰 0,경기 파주시 가람로21번길 27-38,(지번) 와동동 1628-5,010-5023-8739,
봉쓰핸드메이드,0.0,0건,리뷰 16,경기 수원시 팔달구 화서문로45번길 2,(지번) 장안동 283,010-2611-0125,https://www.instagram.com/bongshandmade/
6080추억,0.0,0건,리뷰 0,경기 용인시 기흥구 구성로63번길 12,(지번) 언남동 369-2,031-898-1813,http://www.6080.co/
도도한나무,0.0,0건,리뷰 1,경기 용인시 기흥구 평촌1로 13 1층,(지번) 동백동 611-3,031-898-1813,http://dodonamu.com/
박만순 옻칠공,0.0,0건,리뷰 0,경기 부천시 소사로793번길 22 수정상가 302호,(지번) 원종동 134-8,032-664-5725,http://xn--ob0bm7vewbmc739a4sg90p.com/
다온디스플레이,0.0,0건,리뷰 0,경기 화성시 향남읍 솔태상두길 25,(지번) 향남읍 화리현리 259,031-354-8481,http://www.af114.co.kr/
앤,0.0,0건,리뷰 12,경기 성남시 분당구 새마을로 95,(지번) 서현동 52,070-7430-3323,http://www.ngalleryart.com/
,"D 꼭두나라 미술,공예",0.0,0건,리뷰 0,(지번) 서현동 52,070-7430-3323,http://www.kkokdunara.co.kr/
세라워크 김포한강점,5.0,3건,리뷰 6,경기 김포시 김포한강8로174번길 28 1층 103호,(지번) 마산동 675-12,070-7430-3323,
유투프레임,0.0,0건,리뷰 0,경기 고양시 일산동구 고봉로702번길 106 C동,(지번) 설문동 784,031-975-4005,
제일,0.0,0건,리뷰 0,경기 성남시 중원구 제일로63번길 29,(지번) 성남동 3641,031-754-5780,
우든,5.0,1건,리뷰 1,경기 수원시 팔달구 수원천로255번길 6 영동시장 가동 2층,(지번) 영동 9,연락처 없음,https://woodenst.modoo.at/
남수원액자,0.0,0건,리뷰 0,경기 수원시 권선구 세권로207번길 10-22,(지번) 권선동 1043-5,031-237-6857,http://www.nsframe.com/
정은풍선,0.0,0건,리뷰 0,경기 부천시 성오로101번길 31,(지번) 원종동 153-24,연락처 없음,
교문공방,0.0,0건,리뷰 1,경기 구리시 딸기원로 94-6,(지번) 교문동 297-3,031-553-0202,http://eomyeonwook.blog.me/
,0.0,0건,리뷰 0,경기 안양시 만안구 병목안로 3,(지번) 안양동 676-182,070-8946-6773,
유럽십자수 합정점,0.0,0건,리뷰 0,경기 평택시 중앙로 168,(지번) 합정동 763-3,연락처 없음,
그림방아트,0.0,0건,리뷰 0,경기 파주시 탄현면 헤이리마을길 59-30,(지번) 탄현면 법흥리 1652-140,031-941-5730,
가예,0.0,0건,리뷰 0,경기 구리시 동구릉로460번길 155,(지번) 사노동 27,031-558-2395,
반김 cra,0.0,0건,리뷰 0,경기 파주시 돌곶이길 74-29,(지번) 서패동 191,031-944-5853,
조용한작업실,0.0,0건,리뷰 0,경기 파주시 송학1길 88,(지번) 야당동 192-22,연락처 없음,https://blog.naver.com/bhland0717
나무사,0.0,0건,리뷰 0,경기 용인시 처인구 원삼면 원양로577번길 71 71호,(지번) 원삼면 좌항리 240-1,010-6298-1811,
,"D 극동건드릴 미술,공예",0.0,0건,리뷰 0,(지번) 원삼면 좌항리 240-1,010-6298-1811,
동화종합상사,0.0,0건,리뷰 0,경기 양주시 청담로 60-1,(지번) 고읍동 271-10,031-848-7900,
목공방 나무와망치,5.0,2건,리뷰 0,경기 파주시 파주읍 샛봉우재길 51,(지번) 파주읍 봉암리 448-1,031-952-8816,http://blog.naver.com/woodplus1
장미수예,0.0,0건,리뷰 1,경기 의정부시 태평로73번길 20,(지번) 의정부동 160,031-845-2339,
경인액자,0.0,0건,리뷰 0,경기 부천시 서촌로44번길 11,(지번) 송내동 685-5,032-507-4203,
랑띠끄,0.0,0건,리뷰 6,경기 남양주시 경춘로1350번길 35 2층 208호,(지번) 평내동 140,010-7723-1772,https://blog.naver.com/yuna_17
,0.0,0건,리뷰 0,경기 안양시 동안구 관평로69번길 5,(지번) 평촌동 930,010-8762-4571,
니어바이공방,0.0,0건,리뷰 2,경기 양평군 용문면 용문산로 201,(지번) 용문면 덕촌리 91-1,연락처 없음,
파스텔크래프트 파주 본원,1.0,1건,리뷰 0,경기 파주시 신촌3로 34,(지번) 신촌동 721,연락처 없음,https://pastelclay.com/main/index
김붓아트팩토,0.0,0건,리뷰 0,경기 양주시 고읍남로191번길 69-12,(지번) 광사동 678-1,연락처 없음,
그리고 봄 아틀리에,0.0,0건,리뷰 1,경기 안성시 공도읍 정봉길 101-1 2층,(지번) 공도읍 양기리 521-10,연락처 없음,https://grigobom.modoo.at/
토화랑도자기공방,0.0,0건,리뷰 10,경기 고양시 덕양구 용현로 49-4,(지번) 행신동 746-10,031-978-9976,http://www.thr.kr/
병원안,0.0,0건,리뷰 0,경기 이천시 경충대로 2560-2 1층,(지번) 중리동 467-2,031-978-9976,http://www.artvaccine.com/
늘솜다락공방,0.0,0건,리뷰 2,경기 성남시 분당구 불정로386번길 10 미래타운A상가 1083호,(지번) 서현동 307,연락처 없음,http://neulsomcafe.modoo.at/
보람 ,0.0,0건,리뷰 0,경기 양주시 어하고개로132번길 10,(지번) 삼숭동 56,031-821-4081,
해밍비누공방,0.0,0건,리뷰 5,경기 안양시 동안구 관악대로 167 2층,(지번) 비산동 1165,010-7689-7421,http://blog.naver.com/sia2234
지혜액자,0.0,0건,리뷰 0,경기 의정부시 장곡로 390,(지번) 신곡동 567-39,031-844-4655,
(주)아트,0.0,0건,리뷰 0,경기 고양시 일산동구 중앙로1261번길 59,(지번) 장항동 864-1,031-912-0331,
정구찬갤러리 ,0.0,0건,리뷰 0,경기 용인시 수지구 대지로 58,(지번) 죽전동 1254-4,연락처 없음,
조은나무,0.0,0건,리뷰 0,경기 안산시 상록구 감골로 147,(지번) 사동 1338-6,010-3013-9571,
우드머리목,0.0,0건,리뷰 0,경기 수원시 권선구 금호로246번길 18-5 1층,(지번) 탑동 761-7,010-3013-9571,
우주컴퓨,5.0,1건,리뷰 0,경기 안양시 동안구 엘에스로 92 안양국제유통단지 15동 116호,(지번) 호계동 555-9,010-3013-9571,http://www.wjoo114.co.kr/
라임나무,0.0,0건,리뷰 3,경기 화성시 동탄지성로 141 1층,(지번) 능동 1114-3,연락처 없음,http://blog.naver.com/raim2015
원액자,5.0,1건,리뷰 0,경기 파주시 경의로 1433,(지번) 당하동 334,031-949-6541,
성신유,0.0,0건,리뷰 0,경기 부천시 부일로 690,(지번) 역곡동 48-3,032-343-4719,
아띠나무공방앤,5.0,2건,리뷰 0,경기 김포시 양촌읍 대곶남로 741,(지번) 양촌읍 구래리 263-10,031-984-5557,http://blog.naver.com/yhylmy
뚜닥뚜닥 목,0.0,0건,리뷰 2,경기 안산시 상록구 용신로 306,(지번) 사동 1253,연락처 없음,
명륜당,5.0,3건,리뷰 0,경기 부천시 경인옛로 114,(지번) 괴안동 38-2,032-346-1477,
목이,0.0,0건,리뷰 13,경기 고양시 덕양구 행신로 297,(지번) 행신동 232-3,연락처 없음,http://mogiwood.com/
,0.0,0건,리뷰 0,경기 수원시 장안구 광교산로 8,(지번) 영화동 114-20,031-243-4624,
,D 운형궁 목공예,0.0,0건,리뷰 0,(지번) 영화동 114-20,031-243-4624,
바나나아트,5.0,1건,리뷰 5,경기 화성시 노작로2길 32-1 1층,(지번) 반송동 122-9,0507-1412-1418,http://blog.naver.com/hyundangs
포스트웍스목,0.0,0건,리뷰 0,경기 고양시 일산서구 호수로838번길 7-4 지하 1층,(지번) 대화동 2292-6,070-8623-5013,https://blog.naver.com/postworks2017
은여울공방,0.0,0건,리뷰 0,경기 김포시 김포한강2로23번길 10 B121호,(지번) 장기동 2018-2,010-4411-3545,https://blog.naver.com/pimple74
현대벽화화랑,0.0,0건,리뷰 0,경기 고양시 덕양구 원당로33번길 26,(지번) 주교동 603-16,연락처 없음,
공주와왕자,0.0,0건,리뷰 0,경기 수원시 영통구 반달로7번길 40,(지번) 영통동 998-1,031-202-4946,
공간예술액자,0.0,0건,리뷰 0,경기 안양시 만안구 만안로 324,(지번) 안양동 859-33,031-444-8036,http://ok114.co.kr/0314448036
공감,4.0,1건,리뷰 0,경기 파주시 운정역길 35-68,(지번) 상지석동 735-5,031-947-5987,http://blog.naver.com/gonggamtree
아트톡,0.0,0건,리뷰 0,경기 구리시 갈매순환로204번길 35-10,(지번) 갈매동 524-6,연락처 없음,
가죽공방레더락,5.0,1건,리뷰 0,경기 부천시 신흥로238번길 25 1층,(지번) 중동 1066-8,032-323-5079,http://ssdude.blog.me/
(주)유진프레임,0.0,0건,리뷰 0,경기 광주시 초월읍 무들로270번길 37,(지번) 초월읍 선동리 441,031-766-1411,http://www.yega.co.kr/
세,0.0,0건,리뷰 0,경기 안양시 만안구 냉천로 173,(지번) 안양동 707-80,031-447-3634,
수원액자표구,0.0,0건,리뷰 0,경기 수원시 장안구 연무로 46,(지번) 연무동 233-9,031-245-4860,
하나스튜디오,5.0,7건,리뷰 1,경기 파주시 하우안길 24-5 도시농부216동,(지번) 야당동 240-39,031-245-4860,https://www.instagram.com/hanasoapcandle
mlv가죽공방,0.0,0건,리뷰 0,경기 군포시 금산로 65 래미안하이어스2단지상가 1층,(지번) 산본동 1241,031-245-4860,http://blog.naver.com/mlvleatherworkshop
가죽공방담음,0.0,0건,리뷰 9,경기 수원시 팔달구 정조로623번길 23,(지번) 매교동 269-5,연락처 없음,https://www.instagram.com/gregory.moonsbro/
피렌체가죽공방,0.0,0건,리뷰 11,경기 수원시 장안구 덕영대로407번길 15 성원탑빌,(지번) 율전동 164-9,070-4829-0216,https://blog.naver.com/goldentree__/
다온도자기공,0.0,0건,리뷰 0,경기 광명시 영당로 11,(지번) 소하동 939-9,연락처 없음,
해피본아트,0.0,0건,리뷰 0,경기 안양시 동안구 시민대로 171 1411호,(지번) 비산동 1108,010-2607-1050,https://happybone.modoo.at/
시흥액자,0.0,0건,리뷰 0,경기 시흥시 복지로43번길 31,(지번) 대야동 494-5,031-318-9511,
은여사네뜨개방,0.0,0건,리뷰 0,경기 수원시 권선구 금호로246번길 15-4,(지번) 탑동 5-6,031-293-6953,
안주희캘리그라피,0.0,0건,리뷰 5,경기 고양시 일산동구 중앙로 1172 그랜드프라자 6층 612호,(지번) 마두동 802-1,연락처 없음,http://anjuhicalli.com/
슬라임가든,0.0,0건,리뷰 2,경기 수원시 권선구 상탑로21번길 23 1층,(지번) 탑동 780-6,연락처 없음,http://www.instagram.com/choinsuk81
내추럴아트아,0.0,0건,리뷰 0,경기 부천시 신흥로 163,(지번) 중동 1131-4,032-327-0713,
마마엘인형공방,0.0,0건,리뷰 1,경기 구리시 아차산로 173,(지번) 아천동 149-20,0507-1376-8853,
예담옻칠공예,0.0,0건,리뷰 0,경기 용인시 기흥구 상갈로45번길 25,(지번) 상갈동 120,031-296-5704,http://www.xn--ob0bn98bleu43a.xn--3e0b707e/
김석빈도자,0.0,0건,리뷰 0,경기 이천시 백사면 원적로 639-143,(지번) 백사면 경사리 611,070-4180-7433,http://binn-c.com/
인터아치,0.0,0건,리뷰 0,경기 파주시 풀무골로52번길 2,(지번) 야동동 342,031-941-1842,http://blog.naver.com/plm342
꼭두발도르프교육예술원,0.0,0건,리뷰 0,경기 성남시 분당구 서현로429번길 20,(지번) 분당동 106-1,031-718-8768,http://sunhoonjung.blog.me/
,0.0,0건,리뷰 12,경기 성남시 분당구 운중로225번길 58-3 1층,(지번) 판교동 606-3,031-706-0503,http://artdam1004.blog.me/
,"D 동은액자 액자,표구",0.0,0건,리뷰 0,(지번) 판교동 606-3,031-706-0503,http://www.dongeunframe.co.kr/
메주꽃공방,0.0,0건,리뷰 0,경기 파주시 금신초교길 56,(지번) 금촌동 1014,연락처 없음,
거산도예,5.0,3건,리뷰 0,경기 이천시 신둔면 도자예술로5번길 89,(지번) 신둔면 고척리 599-3,연락처 없음,https://m.blog.naver.com/PostList.nhn?blogId=csjcsj4210
백마표구사,0.0,0건,리뷰 0,경기 고양시 일산동구 강촌로 195,(지번) 마두동 734,031-906-3517,
우리목,0.0,0건,리뷰 0,경기 김포시 양촌읍 황금로24번길 91-27,(지번) 양촌읍 대포리 71-16,연락처 없음,
도예공방늘봄,0.0,0건,리뷰 0,경기 김포시 통진읍 김포대로1938번길 91,(지번) 통진읍 수참리 457-1,031-997-2997,
라온플로라,5.0,1건,리뷰 0,경기 수원시 장안구 수성로290번길 39-2 1층,(지번) 영화동 406-1,031-997-2997,http://raonflora.kr/
담지가죽공방,0.0,0건,리뷰 0,경기 의정부시 의정로 96 401호,(지번) 가능동 830-9,010-2094-4338,https://blog.naver.com/damnji/
초상화증명사진,2.0,1건,리뷰 0,경기 평택시 탄현로1번길 5,(지번) 장당동 484-2,031-662-3745,
하나아트,0.0,0건,리뷰 0,경기 고양시 덕양구 통일로 1196-1,(지번) 내유동 476-1,031-662-3745,http://www.hanaart.co.kr/
미,0.0,0건,리뷰 0,경기 양평군 서종면 북한강로814번길 8-10,(지번) 서종면 문호리 720-19,031-773-5910,
나무와뉴질,0.0,0건,리뷰 0,경기 의정부시 용민로237번길 18,(지번) 낙양동 705-11,031-841-9669,
선화랑 ,0.0,0건,리뷰 0,경기 부천시 조종로 3,(지번) 원미동 111-6,032-652-2375,
라탄깃들다,0.0,0건,리뷰 2,경기 시흥시 서울대학로278번길 61 서영베니스스퀘어 T동 449호,(지번) 정왕동 2537-2,010-2646-8696,https://blog.naver.com/jasminys81
도자기공방,0.0,0건,리뷰 0,경기 수원시 권선구 구운로74번길 9,(지번) 구운동 472-5,031-298-3179,
,"D 한미요배씨토가 푸레도기연구소 미술,공예",0.0,0건,리뷰 1,(지번) 구운동 472-5,031-298-3179,http://www.puredogi.com/
올디스튜디오,5.0,1건,리뷰 15,경기 의정부시 오목로 168 산들마을아파트4단지 상가 2층 208호,(지번) 민락동 694,010-6221-3995,https://blog.naver.com/eumji0615/
송죽표구,0.0,0건,리뷰 0,경기 평택시 중앙로 211,(지번) 비전동 764-9,031-652-6645,
갈미도예공방,5.0,2건,리뷰 0,경기 하남시 감초로70번길 63,(지번) 감북동 297,연락처 없음,
십자수마을,0.0,0건,리뷰 0,경기 부천시 부천로 1 역사지하쇼핑몰 167호,(지번) 심곡본동 316-2,032-651-7624,
남수원액자,0.0,0건,리뷰 0,경기 수원시 영통구 영통로290번길 25,(지번) 영통동 964-5,031-202-6857,
일산경,5.0,1건,리뷰 0,경기 고양시 일산동구 성석로 32 301호,(지번) 중산동 12-7,031-202-6857,
솝풀,0.0,0건,리뷰 2,경기 성남시 분당구 느티로69번길 10-5 1층,(지번) 정자동 67-10,031-202-6857,http://instagram.com/soap_ful
서안공예,0.0,0건,리뷰 0,경기 포천시 소흘읍 부흥로 316,(지번) 소흘읍 초가팔리 139-3,연락처 없음,
전명,0.0,0건,리뷰 0,경기 성남시 분당구 정자일로 248 파크뷰오피스타워 17층 601호,(지번) 정자동 6,031-783-3411,
메모센트,1.0,1건,리뷰 13,경기 김포시 김포한강10로133번길 126 지하 1층,(지번) 구래동 6871-41,010-5170-9392,https://memoscent.modoo.at/
브라운앤드 가죽공방,5.0,1건,리뷰 2,경기 군포시 번영로 515 6층,(지번) 산본동 1142-1,010-5170-9392,
우리정밀,0.0,0건,리뷰 0,경기 화성시 동탄산단7길 10 2동,(지번) 방교동 796-3,연락처 없음,
클레이피아,0.0,0건,리뷰 0,경기 파주시 탄현면 대동리 27,(지번) 방교동 796-3,연락처 없음,http://www.claypia.com/
한솔아트,5.0,1건,리뷰 0,경기 남양주시 경춘로1286번안길 15,(지번) 평내동 584-1,031-594-3243,
,"D 바른테라피 윤공방 미술,공예",0.0,0건,리뷰 4,(지번) 평내동 584-1,031-594-3243,https://blog.naver.com/yoon2826
도자기공방숲,0.0,0건,리뷰 0,"경기 동두천시 평화로2229번길 29 이던빌딩 103호, 104호",(지번) 송내동 702-4,031-867-2216,http://www.soop365.co.kr/
수련도자기공방,0.0,0건,리뷰 0,경기 안양시 동안구 관양로 79 신화빌딩 3층,(지번) 관양동 1442-2,031-867-2216,https://blog.naver.com/jeonghee3
봉하표구사.화랑,0.0,0건,리뷰 0,경기 이천시 애련정로 116,(지번) 창전동 459-14,031-633-3610,
도자기마을예작,5.0,1건,리뷰 3,경기 안산시 상록구 광덕산로 13 103호,(지번) 월피동 521-7,031-633-3610,http://blog.naver.com/phw2457
과천표,5.0,3건,리뷰 2,경기 과천시 별양상가2로 20 새서울프라자 123호,(지번) 별양동 1-18,02-502-9007,http://blog.naver.com/ldv1004
송월타올,0.0,0건,리뷰 0,경기 용인시 기흥구 신구로12번길 12-1,(지번) 신갈동 65-7,031-281-8407,
현대캔버스,0.0,0건,리뷰 0,경기 양주시 은현면 삼일로342번길 227,(지번) 은현면 도하리 445-3,031-967-0606,http://www.hyundaicanvas.com/
아트파이브,0.0,0건,리뷰 5,경기 성남시 분당구 정자일로 239,(지번) 정자동 9,031-715-5557,
가장자리에서,0.0,0건,리뷰 0,경기 과천시 향촌3길 23 101호,(지번) 별양동 25-6,02-6338-5501,http://withanother.kr/
A헤펠레목공방 판,0.0,0건,리뷰 0,경기 성남시 분당구 운중로233번길 17-6,(지번) 판교동 614-4,070-4012-4900,
유현,5.0,1건,리뷰 0,경기 고양시 일산동구 일산로463번길 42-22 3층,(지번) 정발산동 1154-2,연락처 없음,https://blog.naver.com/yoohyun237
은성액자,0.0,0건,리뷰 0,경기 평택시 서동대로 3865,(지번) 용이동 467-2,연락처 없음,
어반가,0.0,0건,리뷰 0,경기 수원시 영통구 센트럴파크로127번길 156,(지번) 이의동 1319-11,031-216-6521,http://www.urbangarage.co.kr/
가죽공방 메다,5.0,1건,리뷰 0,경기 수원시 팔달구 수원천로255번길 6 영동시장 2층 28청춘청년몰 2208호,(지번) 영동 8,연락처 없음,http://www.instagram.com/maeda_leather
주 아트액자,0.0,0건,리뷰 0,경기 수원시 장안구 팔달로292번길 13,(지번) 영화동 153-1,031-255-0220,
라당도예도자기물레체험,5.0,3건,리뷰 4,경기 이천시 신둔면 도자예술로6번길 112,(지번) 신둔면 고척리 635,031-255-0220,https://blog.naver.com/sun444012
숨스튜디오,4.7,3건,리뷰 20,경기 고양시 일산서구 중앙로 1470 동부썬프라자 2층 201호,(지번) 주엽동 17,031-255-0220,https://sumstudio.modoo.at/
유럽풍십자수,0.0,0건,리뷰 0,경기 고양시 덕양구 화신로260번길 57,(지번) 화정동 973,031-938-3616,
잇담,0.0,0건,리뷰 1,경기 용인시 수지구 광교호수로378번길 4-25 103호,(지번) 상현동 1158-14,010-2762-4483,https://www.instagram.com/it_dam/
아르떼포토,0.0,0건,리뷰 0,경기 고양시 일산동구 정발산로196번길 7-23 1층,(지번) 마두동 884-1,031-932-5256,http://artefoto.co.kr/
아사달목,0.0,0건,리뷰 6,경기 평택시 중앙시장로8번길 10,(지번) 신장동 300-15,010-7477-4835,https://blog.naver.com/discast74
신라표구화랑,0.0,0건,리뷰 0,경기 부천시 부일로 303,(지번) 상동 317-8,032-664-9808,
데코리아,0.0,0건,리뷰 0,경기 안양시 동안구 관평로69번길 7-5,(지번) 귀인동 930-2,031-388-8778,
마인은혜도예공방,0.0,0건,리뷰 0,경기 안양시 만안구 박달로542번길 46,(지번) 안양동 908-39,031-657-2022,
강찬가죽공방,0.0,0건,리뷰 0,경기 구리시 안골로7번길 37,(지번) 교문동 729-1,010-6818-8970,
H컨템포러리,0.0,0건,리뷰 0,경기 성남시 분당구 운중로125번길 3-8,(지번) 운중동 981-6,010-6818-8970,
고고일러스트,0.0,0건,리뷰 0,경기 수원시 영통구 권선로882번길 107-44 101호,(지번) 반정동 606-2,연락처 없음,http://instagram.com/gogo_illust
나무수,0.0,0건,리뷰 3,경기 부천시 상일로145번길 34,(지번) 상동 424-10,070-8773-2963,https://namusoo.modoo.at/
갤러,0.0,0건,리뷰 22,경기 고양시 일산서구 대화로398번길 8-8 지하 1층,(지번) 대화동 2085,031-923-3726,
,D 목공방 비버우드 목공예,0.0,0건,리뷰 0,(지번) 대화동 2085,031-923-3726,https://cafe.naver.com/beaverwood
예인도예전시장,0.0,0건,리뷰 0,경기 여주시 북내면 강문로 142,(지번) 북내면 가정리 501-6,031-885-3580,
