공방이름,평균별점,별점건수,리뷰건수,주소,지번주소,연락처,홈페이지
아바텍,0.0,0건,리뷰 0,대구 달서구 달서대로85길 100,(지번) 호림동 3,053-592-4060,
라움아틀리에,0.0,0건,리뷰 61,대구 중구 교동1길 5 1층,(지번) 용덕동 1-19,010-2829-6868,http://www.instagram.com/Raum_atelier
호랑이공방,0.0,0건,리뷰 26,대구 달서구 월서로 31 신일해피트리상가 1동 2층,(지번) 상인동 150-11,연락처 없음,https://blog.naver.com/qksksk1215
호,2.8,42건,리뷰 21,서울 마포구 홍익로3길 20,(지번) 서교동 357-1,연락처 없음,http://www.homi.co.kr/
대구,4.0,1건,리뷰 0,대구 중구 달구벌대로 2109-11,(지번) 덕산동 127-32,053-421-3388,
모네화,5.0,1건,리뷰 0,대구 달서구 계대동문로 51-1,(지번) 신당동 1786-14,053-583-9923,
명덕화방문,0.0,0건,리뷰 0,대구 중구 명덕로 177,(지번) 남산동 2111-29,053-254-0243,
해밀공,5.0,1건,리뷰 0,대구 달서구 조암남로20길 60,(지번) 월성동 1539-2,053-952-7743,
조,2.2,5건,리뷰 1,부산 해운대구 달맞이길65번길 171,(지번) 중동 1501-15,053-952-7743,http://www.johyungallery.com/
철길마을,0.0,0건,리뷰 7,전북 군산시 구암3.1로 102-1,(지번) 경암동 636-17,연락처 없음,
롤드페인트,5.0,2건,리뷰 38,대구 중구 봉산문화길 92 1층,(지번) 봉산동 132-11,010-3000-6855,https://www.rolledpaint.com/
꾸미네작,0.0,0건,리뷰 0,"대구 달서구 성서로35길 3 1층,4층",(지번) 월암동 1-115,053-246-4587,http://milk0011.blog.me/
리안갤러리,0.0,0건,리뷰 1,대구 중구 이천로 188-1,(지번) 대봉동 727-15,053-424-2203,http://www.leeahngallery.com/
황실십자수,0.0,0건,리뷰 0,대구 중구 국채보상로 지하 580,(지번) 동성로2가 41-8,연락처 없음,
호반아,4.5,2건,리뷰 108,경기 광명시 양지로 16,(지번) 일직동 산 42-1,연락처 없음,http://www.hobanartrium.com/
,3.6,10건,리뷰 26,서울 종로구 삼청로 50,(지번) 소격동 70,연락처 없음,http://www.hakgojae.com/
팝콘D스퀘어,5.0,1건,리뷰 187,서울 용산구 한강대로23길 55 아이파크몰 테마파크 6층,(지번) 한강로3가 40-999,02-6373-3000,http://popcond.com/
멜팅포인트,5.0,1건,리뷰 55,대구 중구 국채보상로 627 1층,(지번) 공평동 90-2,연락처 없음,http://www.instagram.com/melting_ham
상,0.0,0건,리뷰 0,대구 중구 중앙대로 292,(지번) 남산1동 710-2,053-424-5940,
모든액자,0.0,0건,리뷰 0,대구 달서구 이곡서로 35 지하1층,(지번) 이곡2동 1212,053-593-5990,
라붐,0.0,0건,리뷰 5,대구 남구 관문시장4길 62,(지번) 대명동 1173-2,연락처 없음,https://www.instagram.com/la_baume/
앤플리아,0.0,0건,리뷰 17,대구 달서구 진천로18길 40 1층,(지번) 진천동 561-63,070-8196-6568,https://blog.naver.com/annflia
황실십자수 대명점,5.0,2건,리뷰 0,대구 남구 두류공원로 86,(지번) 대명4동 3044-94,053-656-1151,
마루아,5.0,1건,리뷰 32,서울 종로구 인사동길 35-4 신관 3층,(지번) 관훈동 192-15,02-2223-2533,http://blog.naver.com/maruinsadong
그림안에액자,0.0,0건,리뷰 0,대구 중구 봉산문화길 94,(지번) 봉산동 132-9,053-422-1993,
황실 생활자수&십자수,0.0,0건,리뷰 0,대구 달서구 당산로 155,(지번) 감삼동 109-8,053-564-0877,
멜로우포터리,3.7,3건,리뷰 16,대구 중구 교동2길 37-13 2층,(지번) 완전동 5-41,010-7618-3393,https://www.instagram.com/mellow_pottery
은노리,0.0,0건,리뷰 6,대구 중구 동성로2길 12-17 2층,(지번) 봉산동 23-6,연락처 없음,https://blog.naver.com/eunnori21
호,0.0,0건,리뷰 0,대구 남구 계명중앙1길 28,(지번) 대명3동 2132-5,053-622-3749,
바늘이야기 연희직영점,5.0,1건,리뷰 8,서울 서대문구 연희로11가길 15 1층,(지번) 연희동 130-8,053-622-3749,http://www.banul.co.kr/
오월공방,4.0,1건,리뷰 6,대구 중구 봉산문화길 38 2층,(지번) 봉산동 223-17,010-3083-0032,https://www.instagram.com/owol_daegu/
갤러리,0.0,0건,리뷰 4,대구 중구 이천로 206,(지번) 대봉동 722-3,010-3083-0032,https://www.instagram.com/cnk_gallery/
대,0.0,0건,리뷰 0,대구 남구 명덕로36길 32,(지번) 대명2동 1810-10,053-625-7775,
메이크어포터리,0.0,0건,리뷰 18,대구 중구 국채보상로150길 76-12,(지번) 삼덕동3가 169-9,연락처 없음,https://www.instagram.com/make.a.pottery_official
갤러리,5.0,1건,리뷰 1,서울 종로구 팔판길 12,(지번) 팔판동 88,02-737-2785,https://blog.naver.com/gallerymhk
윤서경캘리그라피,5.0,1건,리뷰 4,대구 남구 중앙대로 244 3층,(지번) 대명동 2005-13,010-5333-0670,
솔도예공방,4.0,2건,리뷰 17,대구 중구 국채보상로140길 17-8 1층,(지번) 동인동4가 210-2,연락처 없음,https://www.instagram.com/sol_ceramic/
갤,5.0,1건,리뷰 5,서울 강남구 압구정로71길 14,(지번) 청담동 101-5,02-514-3439,
디자인틀,5.0,1건,리뷰 53,대구 남구 대명로20길 55 1층,(지번) 대명동 988-3,010-3853-8321,https://blog.naver.com/design_tl
서,5.0,1건,리뷰 0,부산 부산진구 중앙대로 887,(지번) 양정동 402-19,051-851-2503,
아가쏘잉,0.0,0건,리뷰 0,대구 달서구 월배로14길 43,(지번) 진천동 628-2,053-633-7975,
대구공예학원,5.0,1건,리뷰 5,대구 북구 고성북로 21 2층,(지번) 고성동3가 102-7,053-351-8514,https://www.instagram.com/daegu_dha/
우손 ,0.0,0건,리뷰 8,대구 중구 봉산문화길 72,(지번) 봉산동 134-12,053-427-7737,
향기나는공방,0.0,0건,리뷰 1,대구 달서구 성서동로 355-20,(지번) 이곡동 1300-1,연락처 없음,
갤러,0.0,0건,리뷰 0,대구 중구 대봉로 200-25,(지번) 대봉동 130-5,053-422-1628,http://www.galleryshilla.com/
멜리멜로,0.0,0건,리뷰 5,대구 중구 남산로4길 132,(지번) 남산동 232-15,연락처 없음,https://instagram.com/melimelo_ceramic
목공방우드,0.0,0건,리뷰 6,대구 달서구 월배로14길 53 1층,(지번) 진천동 471-19,연락처 없음,http://blog.naver.com/woodclo0202
케이옥션,0.0,1건,리뷰 7,서울 강남구 언주로172길 23 아트타워 1층,(지번) 신사동 640-6,연락처 없음,http://www.k-auction.com/
성림뜨개방,0.0,0건,리뷰 0,대구 달서구 서당로 57,(지번) 신당동 1731,053-581-7415,
갤러리루미,0.0,0건,리뷰 19,서울 서초구 서초대로70길 6 1층,(지번) 서초동 1323-1,02-3447-5100,
리네아손뜨개한옥공방,5.0,1건,리뷰 1,대구 중구 국채보상로 492-30,(지번) 동산동 136,053-252-1541,https://blog.naver.com/lineaknitting/
도자기공방 노원,5.0,1건,리뷰 2,대구 북구 침산남로 9-3,(지번) 노원동1가 217,연락처 없음,https://blog.naver.com/noonecera
끌과망치이,0.0,0건,리뷰 2,대구 달서구 상화북로 16,(지번) 진천동 290-2,연락처 없음,http://www.gglmang.co.kr/
십자수 마을 내당점,0.0,0건,리뷰 0,대구 서구 달서로 34,(지번) 내당2.3동 899-23,053-551-9897,
,5.0,1건,리뷰 36,대전 중구 문화로 67-1,(지번) 유천동 285-21,연락처 없음,
리즈금속디자인,0.0,0건,리뷰 0,대구 중구 봉산문화길 10 은성빌딩 1층,(지번) 봉산동 219-6,053-252-5008,http://instagram.com/leez.metal
아뜰리에바시티,0.0,0건,리뷰 1,대구 달서구 월배로24길 94 1층,(지번) 진천동 198-3,010-2652-6705,https://blog.naver.com/danbi2721/
헤이데이지그,0.0,0건,리뷰 6,대구 중구 동덕로30길 139-15 2층,(지번) 동인동4가 528-2,010-2652-6705,https://www.instagram.com/hey_daisy_art/
갤러리케이 아트노믹스 청,5.0,1건,리뷰 5,서울 강남구 도산대로55길 16-6,(지번) 청담동 88-14,010-2652-6705,https://artnomics.co.kr/
바름공방,0.0,0건,리뷰 13,대구 중구 교동1길 22 1층,(지번) 교동 59,010-2652-6705,https://blog.naver.com/skyyks111/
케이크,0.0,0건,리뷰 0,대구 달서구 호산동로35북길 99,(지번) 호산동 371-8,연락처 없음,
이재효,5.0,1건,리뷰 13,경기 양평군 지평면 초천길 83-22,(지번) 지평면 무왕리 521,연락처 없음,http://www.leeart.name/
갤러,0.0,0건,리뷰 11,서울 강남구 언주로152길 16,(지번) 신사동 630-25,연락처 없음,http://gallery-now.com/
,4.0,8건,리뷰 13,"서울 종로구 자하문로 106 아카이브 빌딩 2층, 지하 1층",(지번) 청운동 113-3,연락처 없음,http://www.ryugaheon.com/
팔레,4.5,4건,리뷰 9,서울 종로구 자하문로10길 30,(지번) 통의동 6,02-730-7707,
선산액자,0.0,0건,리뷰 0,대구 달서구 진천로23길 17,(지번) 대천동 537,연락처 없음,
퍼퓸72,4.0,1건,리뷰 8,부산 부산진구 전포대로224번길 23,(지번) 전포동 305-21,연락처 없음,
열린기획,0.0,0건,리뷰 0,대구 달성군 다사읍 서재로 65,(지번) 다사읍 서재리 420,053-585-5817,
오네마루,5.0,3건,리뷰 29,충북 옥천군 군북면 성왕로 1873-13,(지번) 군북면 소정리 47-4,043-731-1931,http://www.onemaru.co.kr/
졸리쥬드,5.0,1건,리뷰 0,대구 남구 앞산순환로87길 31 1층,(지번) 대명동 556-6,연락처 없음,http://jolijud.com/
동양표구액자병풍,0.0,0건,리뷰 0,대구 달서구 두류동 630-115,,연락처 없음,
홍,5.0,4건,리뷰 2,부산 서구 보수대로 243,(지번) 동대신동3가 156-8,연락처 없음,http://www.e-hongik.com/
동경비즈 동성로점,0.0,0건,리뷰 0,대구 중구 동성로2길 20 1층,(지번) 삼덕동1가 12-9,070-4652-3769,http://www.tokyobeads.co.kr/
천연비누랑,0.0,0건,리뷰 0,대구 중구 관덕정길 6-3,(지번) 남산동 942-2,053-422-0628,
대,0.0,0건,리뷰 0,대구 중구 명덕로 233-1,(지번) 대봉동 710-1,053-254-3600,
초록도,0.0,0건,리뷰 17,대구 중구 동성로6길 12-3 3층,(지번) 공평동 39,연락처 없음,https://www.instagram.com/chorokdo.green_island/
민정글씨,0.0,0건,리뷰 0,대구 달서구 당산동2길 32,(지번) 성당동 702-15,연락처 없음,https://blog.naver.com/manjaku
향기공주,0.0,0건,리뷰 2,대구 서구 달서로30길 2-6,(지번) 비산동 434-566,010-9662-6807,https://blog.naver.com/hi-mom/
,"D 라붐 미술,공예",0.0,0건,리뷰 0,(지번) 비산동 434-566,010-9662-6807,https://smartstore.naver.com/labaume
유아마이러브,0.0,0건,리뷰 1,대구 남구 중앙대로30길 56-6,(지번) 봉덕동 591-44,010-9662-6807,http://www.instagram.com/yml_official
파크드림,0.0,0건,리뷰 0,대구 북구 원대로 130,(지번) 침산동 416-4,053-321-8922,
앳블룸,0.0,0건,리뷰 2,전남 여수시 중앙로 43 중앙시장 꿈드락몰 2층,(지번) 교동 400-1,010-6456-8707,http://blog.naver.com/atbloom
스튜디오콘크리트,4.0,11건,리뷰 61,서울 용산구 한남대로 162,(지번) 한남동 795-3,010-6456-8707,http://www.studio-ccrt.com/
포스테크아이엔씨,0.0,0건,리뷰 0,대구 달성군 다사읍 강정본길 68-10,(지번) 다사읍 죽곡리 702-4,053-581-0811,
푸에스토 ,0.0,0건,리뷰 4,서울 종로구 성균관로 92,(지번) 명륜1가 31-2,053-581-0811,http://puesto.modoo.at/
논블랙 은공방,0.0,0건,리뷰 25,대구 북구 대현로9길 39 1층,(지번) 대현동 246,연락처 없음,https://www.instagram.com/noneblack_/
나린블랑,0.0,0건,리뷰 0,대구 달서구 계대동문로3안길 28,(지번) 신당동 1700,053-243-2451,
예하공방&도자기카페,5.0,1건,리뷰 0,대구 달성군 다사읍 대실역북로 80,(지번) 다사읍 매곡리 1534-12,053-583-4933,
미온,5.0,1건,리뷰 0,대구 달서구 죽전4길 99,(지번) 감삼동 32-19,0507-1309-9267,
위아트 ,0.0,0건,리뷰 20,부산 수영구 수영로 566,(지번) 광안동 507-8,0507-1309-9267,http://www.wart.or.kr/
천연비누만들기,0.0,0건,리뷰 0,대구 달서구 대명천로 84,(지번) 성당동 395-6,연락처 없음,
스마트액자,5.0,1건,리뷰 0,대구 중구 종로 69,(지번) 대안동 74-3,053-426-8806,
윙스세라믹,0.0,0건,리뷰 2,대구 달서구 조암로 9 S테라스 빌딩,(지번) 월성동 1857,053-292-5678,http://blog.naver.com/pandy104
,D 컬렉터의집더원화랑 화랑,0.0,0건,리뷰 0,(지번) 월성동 1857,053-292-5678,
슬라임쿡 오프라인샵,2.3,3건,리뷰 12,서울 마포구 와우산로29바길 11-3 1층,(지번) 서교동 332-27,053-292-5678,https://www.instagram.com/slime.cook__shop/
클레이팩토리,0.0,0건,리뷰 5,대구 중구 명륜로 147-16,(지번) 봉산동 185-10,053-632-0548,https://blog.naver.com/clayart94
갤,0.0,0건,리뷰 77,서울 종로구 인사동5길 3,(지번) 인사동 178-2,053-632-0548,http://www.gallerymeme.com/
나,0.0,0건,리뷰 0,대구 달서구 용산큰못2길 21,(지번) 용산동 921-14,연락처 없음,
무,0.0,0건,리뷰 0,대구 달서구 송현동 2028,,연락처 없음,
뜨개사랑 성서점,0.0,0건,리뷰 0,대구 달서구 선원로14길 62,(지번) 신당동 1765-6,053-591-0618,
토포,4.6,19건,리뷰 6,서울 종로구 인사동11길 6,(지번) 관훈동 184,02-734-7555,http://www.topohaus.com/
경도테크,0.0,0건,리뷰 0,대구 달서구 성서서로55길 21,(지번) 신당동 386-3,053-585-1204,
라온제이가죽공방,0.0,0건,리뷰 0,대구 달서구 달구벌대로323길 23 솔향기 1층상가,(지번) 감삼동 44-15,010-4779-7767,http://blog.naver.com/johyerim-_-
꽃영남캘리그라피,0.0,0건,리뷰 1,대구 동구 율하동로17길 47-1 애플빌라 101호,(지번) 율하동 1009,010-8277-5738,https://pf.kakao.com/_cVLwxb
수,5.0,3건,리뷰 0,경기 수원시 팔달구 매산로 131,(지번) 교동 90-7,031-243-9194,
솜씨당,4.8,9건,리뷰 13,전북 전주시 완산구 경기전길 165-5 1층,(지번) 교동 100-1,070-5022-4413,http://blog.naver.com/somcdang
위아트 강남점,0.0,0건,리뷰 13,서울 서초구 남부순환로 2311-1 덕윤빌딩 1층,(지번) 방배동 1009-3,070-5022-4413,http://www.wart.or.kr/
신영금속,0.0,0건,리뷰 0,경북 고령군 대가야읍 장기공단1길 38-23,(지번) 대가야읍 장기리 284-3,054-954-1871,
,D 헤펠레목공방 대구수목원점 목공예,5.0,1건,리뷰 0,(지번) 대가야읍 장기리 284-3,054-954-1871,http://blog.naver.com/kobo7203
알부스,5.0,1건,리뷰 17,서울 용산구 한남대로28길 26,(지번) 한남동 723-6,054-954-1871,http://albusgallery.com/
무지,0.0,0건,리뷰 0,대구 중구 중앙대로 274,(지번) 남산1동 2108-10,053-421-3343,
마리공방,0.0,0건,리뷰 8,대구 달서구 구마로52안길 86 1층,(지번) 송현동 102-15,053-421-3343,https://marigongbang.modoo.at/
도자기공방 수작,0.0,0건,리뷰 0,대구 달성군 다사읍 대실역북로2길 115 1층,(지번) 다사읍 매곡리 1530-7,053-585-9832,http://blog.naver.com/soojak79
현아트액자,0.0,0건,리뷰 0,대구 달서구 진천동 49-9,,연락처 없음,
라븐,0.0,0건,리뷰 2,대구 달서구 장기로38길 6,(지번) 감삼동 317-13,연락처 없음,https://blog.naver.com/laven_aroma
신라표구,0.0,0건,리뷰 0,대구 달서구 계대동문로9길 13-1,(지번) 신당동 1780-5,연락처 없음,
워킹하우,0.0,0건,리뷰 6,부산 수영구 좌수영로125번길 14-3,(지번) 망미동 207-22,051-759-8186,http://walkinghousenewyork.com/
든결목,0.0,0건,리뷰 8,대구 서구 서대구로62길 85-1,(지번) 비산동 1223-1,051-759-8186,http://blog.naver.com/jung601124
이레생활도자기,0.0,0건,리뷰 0,대구 달서구 새동네로 81-11,(지번) 용산동 427-4,연락처 없음,https://www.facebook.com/erae.ceramic.art/
도공소,0.0,0건,리뷰 9,대구 북구 칠곡중앙대로46길 25 현대전원맨션 상가동 105호,(지번) 태전동 532-1,연락처 없음,https://blog.naver.com/ehfthl0268/
키큰나무,5.0,1건,리뷰 0,대구 북구 학정동로 69,(지번) 학정동 948-5,010-5453-0052,http://blog.naver.com/kikennamu2
송영예의 바늘이야기 본사,4.6,5건,리뷰 12,경기 파주시 탄현면 법흥로 100-1,(지번) 탄현면 법흥리 497-114,010-5453-0052,http://www.banul.co.kr/
슬로우교동,0.0,0건,리뷰 6,대구 중구 교동4길 32,(지번) 완전동 6-12,연락처 없음,https://smartstore.naver.com/slowkyodong/
,D 아라리오갤러리 서울 화랑,4.0,2건,리뷰 18,(지번) 완전동 6-12,연락처 없음,http://www.arariogallery.com/
이도예공방,0.0,0건,리뷰 0,서울 구로구 경인로35길 39-3,(지번) 개봉동 148-12,02-2614-1416,
둔,3.4,5건,리뷰 0,대전 서구 문정로 80,(지번) 탄방동 749,042-489-0074,
세,5.0,1건,리뷰 1,서울 마포구 와우산로 125 1층,(지번) 서교동 338-52,042-489-0074,http://www.iartmarket.kr/
보보액자,5.0,1건,리뷰 0,대구 중구 태평로 243,(지번) 동인동1가 192-5,053-425-0306,http://boboframe.edenstore.co.kr/
포트링공방,0.0,0건,리뷰 63,서울 마포구 월드컵북로6길 57-6,(지번) 연남동 568-28,연락처 없음,https://www.instagram.com/pottring
갤러,3.5,2건,리뷰 27,서울 종로구 인사동길 52-1,(지번) 관훈동 100-5,연락처 없음,http://www.galleryis.com/
이길이구 ,3.7,3건,리뷰 13,서울 강남구 강남대로158길 35 1층,(지번) 신사동 519-22,연락처 없음,https://www.2gil29gallery.com/
내맘대로폰케이스 홍대점,3.7,7건,리뷰 89,서울 마포구 와우산로19길 21,(지번) 서교동 363-20,연락처 없음,http://www.nemamke.com/
비움,5.0,4건,리뷰 36,서울 중구 퇴계로36길 35,(지번) 필동2가 18-7,연락처 없음,https://www.facebook.com/beeumgallery
미,4.5,4건,리뷰 0,서울 종로구 인사동길 11-1,(지번) 인사동 147,02-735-5711,
태광스틸스크랩,0.0,0건,리뷰 0,대구 달서구 성서동로 23,(지번) 월암동 925-7,053-592-5213,
금산,2.4,14건,리뷰 3,서울 중구 소공로 46,(지번) 회현동2가 87,02-3789-6317,
예림뜨개방,0.0,0건,리뷰 0,대구 달서구 장기로 242,(지번) 감삼동 521,053-553-1603,
일인칭,0.0,0건,리뷰 1,대구 서구 서대구로42길 69,(지번) 평리동 707-30,연락처 없음,https://blog.naver.com/ilinching
,D 성지하갤러리 화방,0.0,0건,리뷰 0,(지번) 평리동 707-30,연락처 없음,
스티치앤트립,5.0,1건,리뷰 1,대구 서구 국채보상로 243 한국업사이클센터 307호,(지번) 평리동 1301,053-242-5788,https://riasee.com/
풍각나무,0.0,0건,리뷰 15,경북 청도군 풍각면 청려로 170-111,(지번) 풍각면 금곡리 927,054-373-8525,http://blog.naver.com/mangchi7304
갤,0.0,0건,리뷰 0,서울 종로구 평창길 204 지하 1층,(지번) 평창동 509-13,054-373-8525,http://www.gallery2.co.kr/
라움공방,0.0,0건,리뷰 25,경북 경주시 포석로1068번길 11,(지번) 황남동 241-9,연락처 없음,
세화정공,0.0,0건,리뷰 0,대구 달서구 성서서로47길 10-13,(지번) 신당동 1871,연락처 없음,
마이온공방,0.0,0건,리뷰 15,대구 북구 복현로 14 1층,(지번) 복현동 361-7,010-9353-1421,https://www.instagram.com/myown.art_/
아트,5.0,2건,리뷰 12,대구 수성구 공경로 70 상가 402동,(지번) 만촌동 605,053-952-5252,http://artbook.itrocks.kr/
팔라스가죽공방,0.0,0건,리뷰 0,대구 남구 중앙대로31길 23 1층,(지번) 대명동 181-20,053-952-5252,http://blog.naver.com/pallas_lh
한땀핸즈 수성구점,0.0,0건,리뷰 2,대구 수성구 동대구로45길 9,(지번) 황금동 671-7,010-5355-6230,https://blog.naver.com/dnfls231
인형마루,0.0,0건,리뷰 0,대구 달서구 새동네로13길 21,(지번) 용산동 421-26,연락처 없음,
늬앙스도자기공방,0.0,0건,리뷰 0,대구 남구 안골길 49-1,(지번) 대명동 853-12,010-2383-6126,https://blog.naver.com/intechno
,1.0,1건,리뷰 0,부산 동래구 충렬대로 249-1,(지번) 수안동 275-8,051-555-7707,http://www.sambodang.co.kr/
그림그린도자기공방,5.0,1건,리뷰 0,대구 남구 중앙대로32길 100,(지번) 봉덕1동 547-1,053-475-9898,http://cafe.daum.net/paintingdeco
나무느,0.0,0건,리뷰 9,대구 중구 봉산문화1길 30 2층,(지번) 봉산동 172-21,연락처 없음,https://blog.naver.com/kmj9618007/
,D 자연을빚는사람들 성서점 전통공예,0.0,0건,리뷰 0,(지번) 봉산동 172-21,연락처 없음,
마리아성물&,0.0,0건,리뷰 0,대구 중구 명륜로12길 35,(지번) 남산동 576-2,연락처 없음,
짙은공방,0.0,0건,리뷰 15,대전 중구 중앙로156번길 24 동화빌딩 5층,(지번) 은행동 143-3,연락처 없음,
아로마인드,5.0,1건,리뷰 42,서울 종로구 북촌로5길 19-7,(지번) 재동 32-18,02-747-7008,http://blog.naver.com/ruby100k
갤러,5.0,1건,리뷰 3,부산 해운대구 달맞이길65번길 56 CK빌딩 1층,(지번) 중동 1510-1,02-747-7008,http://www.galleryjoy.com/
거창유기공방,0.0,0건,리뷰 0,경남 거창군 남하면 가조가야로 308,(지번) 남하면 둔마리 1547-5,연락처 없음,
혜화아,0.0,0건,리뷰 6,서울 종로구 대학로 156,(지번) 혜화동 90-7,02-747-6943,
투유갤러리,5.0,2건,리뷰 28,대구 남구 명덕로 126 1층,(지번) 대명동 1890-2,053-625-4272,http://framestory.kr/
스튜디오우리방,0.0,0건,리뷰 1,대구 중구 동성로 8-13,(지번) 동성로3가 118,010-7305-6789,http://www.instagram.com/studio_ourroom
목련작업실,0.0,0건,리뷰 0,대구 달서구 야외음악당로39서길 22 상가 102호,(지번) 두류동 611-12,연락처 없음,http://www.instgram.com/qorrn2011
위아트 부천점,0.0,0건,리뷰 9,경기 부천시 소사로216번길 27,(지번) 소사본동 137-6,연락처 없음,http://www.wart.or.kr/index.html
서울여성공예센터 더아리움,3.0,6건,리뷰 14,서울 노원구 동일로174길 27,(지번) 공릉동 622,02-948-1188,http://www.seoulcraftcenter.kr/
태성로타리연마,0.0,0건,리뷰 0,대구 달서구 성서공단로51길 48,(지번) 장동 386-8,053-581-3764,
일,0.0,0건,리뷰 0,대전 중구 대종로 447,(지번) 대흥동 177,042-257-7402,http://ilsinbrush.co.kr/
초록도,0.0,0건,리뷰 11,대구 동구 동부로34길 15,(지번) 신천동 394-13,연락처 없음,https://blog.naver.com/chorok_do
,"D 렌솝 미술,공예",0.0,0건,리뷰 1,(지번) 신천동 394-13,연락처 없음,https://www.instagram.com/ren_soap23/
헤이밋공방,0.0,0건,리뷰 0,대구 남구 명덕로20길 129-1,(지번) 대명동 2143-11,0507-1310-5096,https://blog.naver.com/wwdkfma
라탄스토리설렘,0.0,0건,리뷰 0,경북 구미시 상모로10길 21-69 가온팰리스 1층,(지번) 상모동 64-7,0507-1310-5096,
전시장 색장정,3.5,2건,리뷰 17,전북 전주시 완산구 원색장길 2-15,(지번) 색장동 459-13,063-272-2460,http://blog.naver.com/euiman0916/
뚝딱마녀,0.0,0건,리뷰 0,대구 달서구 달구벌대로301길 97 1층,(지번) 용산동 954-15,070-7583-9703,
하얀소나무,0.0,0건,리뷰 1,대구 달서구 상화북로 78-5 1층,(지번) 상인동 1458-17,010-8709-8179,https://blog.naver.com/b2yanso
수목금토,3.2,10건,리뷰 47,서울 강남구 강남대로136길 63,(지번) 논현동 25-6,070-4226-7812,http://www.sumokumto.com/
나무작,0.0,0건,리뷰 0,부산 연제구 거제대로 94 대진빌딩,(지번) 거제동 721-3,051-867-1307,http://cafe.naver.com/nazak
이태활,0.0,0건,리뷰 0,대구 달서구 송현로7길 37 2층,(지번) 상인동 871-1,연락처 없음,
한국공예디자인문화진,5.0,1건,리뷰 14,서울 종로구 인사동11길 8,(지번) 관훈동 182-2,02-732-9382,http://www.kcdf.or.kr/
비누공방,0.0,0건,리뷰 0,대구 수성구 청솔로12길 16,(지번) 황금동 707-30,053-762-9893,
토모이야기,0.0,0건,리뷰 0,대구 달성군 다사읍 대실역북로4길 12 101호,(지번) 다사읍 매곡리 1527-2,070-7804-8162,http://www.tomotrade.co.kr/
바르셀로나,0.0,0건,리뷰 0,대구 달서구 서당로7길 81,(지번) 신당동 1797-5,연락처 없음,
공,5.0,1건,리뷰 0,충북 청주시 상당구 상당로 50,(지번) 문화동 108-3,043-257-0836,
우나스,3.5,2건,리뷰 5,서울 강남구 도산대로 318 SB타워 상가 C동 2층,(지번) 논현동 92-11,02-3445-0387,https://www.instagram.com/unas_seoul
,D 와인터널앞예술가게 화랑,0.0,0건,리뷰 0,(지번) 논현동 92-11,02-3445-0387,
갤러,3.0,1건,리뷰 6,서울 용산구 독서당로 116,(지번) 한남동 1-52,02-3445-0387,http://www.gallerybaton.com/
리베센트,0.0,0건,리뷰 2,대구 수성구 만촌로 162-7,(지번) 만촌동 1330-15,연락처 없음,
박씨상,3.7,3건,리뷰 10,경기 김포시 고촌읍 아라육로57번길 97,(지번) 고촌읍 전호리 733,031-8049-3263,http://www.koreasang.co.kr/
가죽공방헤비츠,5.0,1건,리뷰 5,서울 성북구 고려대로7길 46 1층,(지번) 안암동1가 105-5,031-8049-3263,http://www.hevitz.com/
궁전표구사,0.0,0건,리뷰 0,대구 달서구 월배로 29,(지번) 유천동 366-7,053-633-6150,
모모공방,0.0,0건,리뷰 1,대구 달서구 와룡로41길 20 1층,(지번) 죽전동 266-9,053-633-6150,http://blog.naver.com/momosangjeom/
제이아트리움,0.0,0건,리뷰 0,경북 경산시 백천동로 7,(지번) 백천동 571-1,연락처 없음,https://blog.naver.com/juni0714/
아크릴장이,0.0,0건,리뷰 0,대구 동구 신덕로 116-21,(지번) 신평동 169-12,053-751-3646,http://blog.daum.net/goodmanhsb
대구도예재료상사,0.0,0건,리뷰 0,대구 서구 와룡로70길 72,(지번) 중리동 1137-3,053-555-6552,
굿밤,0.0,0건,리뷰 2,대구 중구 종로 20 102호,(지번) 종로2가 76-1,053-555-6552,https://goodbomb.co.kr/
청년공방,5.0,3건,리뷰 52,서울 마포구 동교로 239 3층,(지번) 연남동 259-10,010-4622-7606,http://www.isntagram.com/aboutmod7606
다&다액자제작,0.0,0건,리뷰 0,대구 중구 관덕정길 27,(지번) 남산동 628-5,053-253-3154,
나라의캘리그라피,5.0,1건,리뷰 0,대구 달서구 명덕로 15 1층,(지번) 두류동 1192-66,070-8384-0796,http://naracnd.com/
예솜 천연염색연구,5.0,2건,리뷰 0,대구 남구 양지로 60,(지번) 대명동 3000-1,053-652-9523,
,D 리안갤러리 서울 화랑,0.0,0건,리뷰 5,(지번) 대명동 3000-1,053-652-9523,http://www.leeahngallery.com/
하나공방,0.0,0건,리뷰 1,대구 달서구 계대동문로 5,(지번) 신당동 1721-17,053-587-7008,
예쁜손뜨개방,0.0,0건,리뷰 0,대구 달성군 다사읍 달구벌대로 873,(지번) 다사읍 매곡리 1546-11,053-591-0808,
더솜,0.0,0건,리뷰 0,대구 달서구 성지로16길 24,(지번) 용산동 444-6,연락처 없음,
비오토프갤러리,0.0,0건,리뷰 0,대구 달서구 달구벌대로378길 99 1층,(지번) 두류동 1185-30,연락처 없음,https://instagram.com/biotope_gallery.official
어사당필,0.0,0건,리뷰 0,대구 중구 달구벌대로 2109-27,(지번) 덕산동 125-3,연락처 없음,
커들포드샵,0.0,0건,리뷰 0,대구 중구 대봉로 267,(지번) 봉산동 185-8,연락처 없음,
반지대학 강남캠퍼스,5.0,5건,리뷰 82,서울 강남구 테헤란로1길 32 4층,(지번) 역삼동 817-6,연락처 없음,http://blog.naver.com/ringuniv_kn
문화창조놀이터ETC,0.0,0건,리뷰 1,대구 중구 경상감영길 39,(지번) 서문로1가 11-8,053-217-3900,http://www.etccoop.com/
하이엔드코리아,5.0,7건,리뷰 1,서울 종로구 인사동길 62-5 충원빌딩 1층,(지번) 관훈동 118-2,02-392-3553,
영웅컴퓨터자수,5.0,1건,리뷰 0,대구 서구 국채보상로48길 20-9 1층,(지번) 평리동 1341-6,053-557-7098,
영신화,1.0,1건,리뷰 0,부산 부산진구 중앙대로 916-1,(지번) 양정동 352-8,051-852-5008,
액자촌,0.0,0건,리뷰 0,대구 중구 명륜로23길 101,(지번) 남산동 911-5,053-421-5881,
수프레임,0.0,0건,리뷰 0,대구 서구 원대로 39-10,(지번) 원대동1가 18-3,053-984-6631,https://suframe.modoo.at/
리네아뜨개,0.0,0건,리뷰 0,대구 중구 국채보상로 492-30,(지번) 동산동 136,연락처 없음,
,D 옹기마을항아리 전통공예,0.0,0건,리뷰 0,(지번) 동산동 136,연락처 없음,
갤,0.0,0건,리뷰 0,대구 수성구 달구벌대로 2811,(지번) 이천동 54-5,053-791-2131,
노봉뜨개방,1.0,1건,리뷰 0,경남 창원시 의창구 의안로44번길 24,(지번) 소답동 121-3,055-256-3189,
레더키메라,0.0,0건,리뷰 2,대구 중구 경상감영길 117-20 2층,(지번) 향촌동 10-8,010-7712-5203,http://blog.naver.com/ldchimera
청송뜨개실,5.0,1건,리뷰 0,광주 북구 독립로375번길 117-3,(지번) 중흥동 750-10,062-512-2539,http://tgesil.com/
경주민속공예촌사업협동조합,1.0,1건,리뷰 2,경북 경주시 보불로 230,(지번) 하동 201-14,054-746-7270,
비즈케슬,0.0,0건,리뷰 0,대구 중구 큰장로28길 44,(지번) 대신동 115-153,053-257-3212,
갤러리,0.0,0건,리뷰 2,서울 강남구 봉은사로68길 23,(지번) 삼성동 115-18,02-555-9429,http://www.gallerydaon.com/
상인화랑표구사,0.0,0건,리뷰 0,대구 달서구 상원로 52,(지번) 상인동 1431-11,053-633-6564,
눌세라믹,0.0,0건,리뷰 11,대전 서구 월평서로25번길 47 지하1층,(지번) 월평동 1311,042-471-4885,https://blog.naver.com/yobii_0624
강,3.0,2건,리뷰 0,서울 송파구 오금로 210,(지번) 송파동 147-2,02-421-0814,
냄시,0.0,0건,리뷰 4,대전 중구 목척9길 30,(지번) 은행동 132-9,02-421-0814,https://blog.naver.com/naemsih
JS스토리,0.0,0건,리뷰 0,대구 달서구 와룡로28길 39,(지번) 감삼동 286-28,연락처 없음,
뜨개사랑바이양쌤,0.0,0건,리뷰 0,대구 남구 두류공원로5길 56-2,(지번) 대명동 1645-14,연락처 없음,
한,0.0,0건,리뷰 1,대전 중구 중앙로122번길 10,(지번) 대흥동 493-1,042-226-3330,
,"D 루나밍 미술,공예",4.0,4건,리뷰 77,(지번) 대흥동 493-1,042-226-3330,http://blog.naver.com/lunaming202
아미블로썸,0.0,0건,리뷰 0,대구 달성군 화원읍 화원로1길 32,(지번) 화원읍 천내리 27-4,010-4339-1080,https://blog.naver.com/army-gongbang
리네아,4.0,4건,리뷰 4,서울 강남구 논현로26길 42-12 1층,(지번) 도곡동 456-5,010-4339-1080,http://www.linea.kr/
히든스,0.0,0건,리뷰 0,대구 수성구 동대구로74길 71 지하1층,(지번) 범어동 52-8,053-751-5005,http://www.hiddenspace.kr/
우,0.0,0건,리뷰 2,서울 종로구 종로54길 19 1층,(지번) 창신동 330-46,02-765-3889,http://wooriart.com/
주남아트,5.0,1건,리뷰 18,경남 창원시 의창구 동읍 주남로71번길 43-1,(지번) 동읍 월잠리 354-4,055-299-9496,
세진수예침장,0.0,0건,리뷰 0,대구 서구 큰장로 49,(지번) 내당2.3동 983-17,053-254-0737,
갤,0.0,0건,리뷰 6,서울 종로구 인사동9길 10,(지번) 관훈동 192-46,053-254-0737,
앞산민속품경,0.0,0건,리뷰 0,대구 남구 용두길 53,(지번) 봉덕동 1195-15,연락처 없음,
송명수,0.0,0건,리뷰 0,대구 남구 대명남로 189,(지번) 대명동 674-6,053-651-3720,
동성,0.0,0건,리뷰 0,대구 달서구 달구벌대로 1130,(지번) 신당동 1320-11,053-764-2212,
페인팅데이,0.0,0건,리뷰 2,대구 수성구 범어천로 23-5,(지번) 황금동 702-2,연락처 없음,
예송,0.0,0건,리뷰 1,대구 중구 봉산문화길 56,(지번) 봉산동 222-51,053-426-1515,
영일리본,0.0,0건,리뷰 0,대구 북구 공평로 131,(지번) 칠성동2가 302-96,053-427-7563,
나래뜨게방,0.0,0건,리뷰 0,대구 달서구 당산로21안길 19,(지번) 감삼동 206-1,연락처 없음,
,"D 하늘닮은도자기공방 마산본점 미술,공예",0.0,0건,리뷰 34,(지번) 감삼동 206-1,연락처 없음,http://www.xn--ob0bx0i77izi0a.kr/
아프로,5.0,1건,리뷰 0,대구 남구 대명로 242,(지번) 대명동 521-9,053-624-0571,
누크,0.0,0건,리뷰 1,서울 종로구 평창34길 8-3,(지번) 평창동 467-4,02-732-7241,http://nookgallery.co.kr/
초안산 도자기체험장,0.0,0건,리뷰 2,서울 노원구 월계동 산 17-7,(지번) 평창동 467-4,연락처 없음,https://www.nowon.kr/www/info/info1/info1_12.jsp
사이에,0.0,0건,리뷰 2,대구 중구 북성로 102 1층,(지번) 북성로1가 74,연락처 없음,http://inbtwn.kr/
홍티예술촌,4.5,2건,리뷰 35,부산 사하구 홍티로 76,(지번) 다대동 1622,연락처 없음,
빈센,5.0,1건,리뷰 0,울산 남구 삼산로55번길 3,(지번) 신정동 662-11,052-258-2250,
303 하남가구단지(골드무,0.0,0건,리뷰 0,경기 하남시 하남대로 514,(지번) 천현동 538-1,031-794-5667,
,0.0,0건,리뷰 0,서울 종로구 북촌로11가길 1,(지번) 가회동 31-14,연락처 없음,
선화,0.0,0건,리뷰 0,대구 수성구 청호로 248-1,(지번) 황금동 248-3,053-767-3884,
프롬지캔들,0.0,0건,리뷰 3,대구 남구 성당로46길 80-2 1층,(지번) 대명동 2239-32,010-9467-0425,https://blog.naver.com/fromji_candle/
내디내만목공,0.0,0건,리뷰 4,경기 고양시 일산동구 동국로245번길 106,(지번) 성석동 137-2,031-976-7893,http://blog.naver.com/mydiy
포렉스,0.0,0건,리뷰 0,경남 창원시 성산구 반월로 46,(지번) 양곡동 201-3,055-274-4804,
로비니,0.0,0건,리뷰 9,대구 남구 현충로18길 12,(지번) 대명동 350-1,010-2837-2346,http://www.robini.co.kr/
도서관옆공방,0.0,0건,리뷰 0,대구 서구 국채보상로49길 9,(지번) 평리동 1090-9,053-522-2644,
,D 태화TEXTILE 화방,0.0,0건,리뷰 0,(지번) 평리동 1090-9,053-522-2644,
스페이,5.0,2건,리뷰 3,서울 영등포구 경인로 739 2층,(지번) 문래동2가 4-2,053-522-2644,http://www.facebook.com/space9mullae
,4.0,4건,리뷰 1,서울 종로구 우정국로 40,(지번) 견지동 108,02-733-8960,
두가지,0.0,0건,리뷰 6,전북 전주시 완산구 전동성당길 26 1층,(지번) 경원동1가 115-5,02-733-8960,
한솔,5.0,1건,리뷰 27,경남 양산시 상북면 충렬로 672,(지번) 상북면 소석리 594,010-3865-8764,https://blog.naver.com/fly2697
사이아트스,0.0,0건,리뷰 4,서울 종로구 윤보선길 28,(지번) 안국동 63-1,010-3865-8764,http://www.cyartspace.org/
제이에이치텍,0.0,0건,리뷰 0,대구 달서구 성서공단로 11,(지번) 호림동 5-12,053-592-6381,
지혜진아트도자기공방,5.0,1건,리뷰 0,경기 수원시 영통구 매봉로49번길 5 3층,(지번) 매탄동 1195-1,053-592-6381,https://www.instagram.com/cheehyejin_ceramic_studio
4,0.0,0건,리뷰 1,제주특별자치도 제주시 구남로8길 38,(지번) 이도2동 2008-3,064-753-8037,
송도해수욕장 ,0.0,0건,리뷰 3,경북 포항시 남구 송도해안길 34-1,(지번) 송도동 254-368,연락처 없음,
지오,0.0,0건,리뷰 0,대구 달성군 화원읍 명천로21길 17,(지번) 화원읍 천내리 541-1,053-294-0015,http://blog.naver.com/gowood701
올리브공방,0.0,0건,리뷰 1,대구 달성군 다사읍 서재로 120,(지번) 다사읍 서재리 169,연락처 없음,
대구화실아틀리에,0.0,0건,리뷰 3,대구 달서구 와룡로43길 70 지하,(지번) 용산동 898-7,연락처 없음,https://blog.naver.com/atelierstudio
갤러,0.0,0건,리뷰 0,대구 수성구 무학로11길 48,(지번) 상동 389-9,053-475-6859,http://blog.naver.com/hongpro21c
여나캘리그라피,0.0,0건,리뷰 0,대구 북구 대현로19길 72 1층,(지번) 대현동 21-19,053-475-6859,http://instagram.com/yeona_calligraphy
참샘아트,0.0,0건,리뷰 0,대구 북구 태암남로 29-1,(지번) 구암동 670-10,053-323-3385,http://www.frame114.com/
로맨틱무드,0.0,0건,리뷰 6,대구 달서구 감삼남길 167 1층,(지번) 감삼동 124-18,연락처 없음,http://www.instagram.com/_romantic.mood
편지,0.0,0건,리뷰 0,대구 달서구 진천로9길 88,(지번) 진천동 683-13,연락처 없음,
대림기공,0.0,0건,리뷰 0,부산 강서구 화전산단6로90번길 19,(지번) 화전동 586-8,051-971-2144,
느낌액자,0.0,0건,리뷰 0,대구 중구 동덕로 23-1 1층,(지번) 대봉동 123-18,010-5155-4429,http://www.59am.co.kr/
동방상사,0.0,0건,리뷰 0,대구 달성군 다사읍 서재본4길 30-30,(지번) 다사읍 서재리 704-4,053-356-1141,
아브니르,0.0,0건,리뷰 0,대구 남구 중앙대로31길 207 2층,(지번) 대명동 1923-3,연락처 없음,https://blog.naver.com/avenir_atelier/
쇼움갤,0.0,0건,리뷰 1,대구 동구 효신로 4,(지번) 효목동 509-10,053-745-9890,
우일요 성북동전시장,0.0,0건,리뷰 4,서울 성북구 성북로 95-4,(지번) 성북동 122-4,053-745-9890,http://www.wooilyo.com/
구구,0.0,0건,리뷰 4,서울 양천구 목동중앙서로9길 30 2층,(지번) 목동 775-18,연락처 없음,http://www.guguent.com/19
나무,0.0,0건,리뷰 0,대구 달서구 당산로 114-1,(지번) 성당동 695-103,053-249-2858,
장산액자,0.0,0건,리뷰 0,경북 경산시 서상길 106-5,(지번) 중방동 347-5,053-812-0279,
포티아 가죽공방,5.0,3건,리뷰 0,대구 수성구 동대구로80길 50,(지번) 범어동 53-24,053-812-0279,http://blog.naver.com/epunji
포토마트,0.0,0건,리뷰 0,대구 북구 노원로 209,(지번) 침산동 848-1,연락처 없음,
프린트그라운드,0.0,0건,리뷰 0,대구 중구 문우관길 19 2층,(지번) 남산동 568-20,연락처 없음,http://printground.co.kr/
예,5.0,1건,리뷰 2,광주 동구 제봉로 155-1,(지번) 궁동 12-5,연락처 없음,
갤러리위,0.0,0건,리뷰 0,대구 달서구 상인로 27,(지번) 상인동 1578-4,연락처 없음,
우드다인목,0.0,0건,리뷰 0,대구 달서구 감삼남1길 41,(지번) 감삼동 146-9,연락처 없음,http://blog.naver.com/wood-dyne/
도아도,2.0,1건,리뷰 19,대전 서구 둔산로206번길 34,(지번) 둔산동 1903,연락처 없음,https://doahstudio.modoo.at/
동산수예,0.0,0건,리뷰 0,대구 중구 큰장로 36,(지번) 대신동 1264,053-256-9191,
소품공장 부산서면점,0.0,0건,리뷰 2,부산 부산진구 신천대로50번길 65 4층,(지번) 부전동 196-2,연락처 없음,https://twitter.com/SP_factory
김민정,2.5,2건,리뷰 2,부산 금정구 오륜대로 243,(지번) 오륜동 583-12,051-514-6007,
디오제니,0.0,0건,리뷰 0,대구 달서구 달서대로85길 6-15 1층,(지번) 호림동 19-3,051-514-6007,
가죽공방 수미워크룸,0.0,0건,리뷰 0,대구 중구 경상감영길 229 2층,(지번) 동문동 4-9,051-514-6007,http://www.instagram.com/oh_sumi
에이원아트,1.8,5건,리뷰 0,경기 성남시 분당구 황새울로342번길 9 지하1층,(지번) 서현동 250-3,031-708-6263,
예나원뿌리공예,0.0,0건,리뷰 1,전남 담양군 창평면 의병로 82 1층,(지번) 창평면 의항리 11-10,019-607-7935,
꿈꾸는나무공방,5.0,1건,리뷰 0,대구 달서구 달구벌대로307길 14,(지번) 죽전동 270-5,연락처 없음,http://blog.naver.com/phs0140
,5.0,1건,리뷰 0,대구 남구 명덕로40길 79,(지번) 대명동 1794-11,053-621-3115,http://jinhwabang.igweb.kr/
원앤제이갤,5.0,1건,리뷰 3,서울 종로구 북촌로 31-14,(지번) 가회동 130-1,02-745-1615,http://www.oneandj.com/
죽산목,0.0,0건,리뷰 5,경기 안성시 일죽면 한다리길 98,(지번) 일죽면 방초리 971-4,연락처 없음,https://blog.naver.com/secukim
,"D 미미살롱J 다사점 수예,자수",0.0,0건,리뷰 0,(지번) 일죽면 방초리 971-4,연락처 없음,https://www.instagram.com/mimisalon_j
호수컴퓨터자수,0.0,0건,리뷰 0,대구 달서구 성서공단북로77길 50,(지번) 장기동 180-60,053-583-8600,
갤러,4.0,2건,리뷰 33,부산 기장군 철마면 미동길 7-20,(지번) 철마면 웅천리 36-3,051-781-5337,http://www.facebook.com/galleryyedong
팅클유,4.9,54건,리뷰 8,서울 마포구 성미산로26길 33,(지번) 연남동 257-4,051-781-5337,http://www.tingklu.co.kr/
상명뜨개방,5.0,1건,리뷰 0,대구 수성구 수성로 412,(지번) 수성동4가 1090-6,053-752-5313,
야곱,5.0,2건,리뷰 0,대구 동구 반야월북로59길 36,(지번) 신서동 448-3,053-962-8391,
해이솝,0.0,0건,리뷰 3,대구 수성구 무학로29길 20,(지번) 지산동 1065-51,연락처 없음,https://blog.naver.com/chsw16
아리엘,5.0,3건,리뷰 27,대전 서구 둔지로 38 플로채 건물 1층,(지번) 둔산동 980,연락처 없음,http://www.arielperfume.com/
페이스갤러리,2.7,3건,리뷰 10,서울 용산구 이태원로 262,(지번) 한남동 683-73,연락처 없음,http://www.pacegallery.com/
쓰임팩,0.0,0건,리뷰 0,대구 달서구 달구벌대로 1734,(지번) 두류동 487-7,010-5005-2213,http://blog.naver.com/jinizoara
이안창의센터,0.0,0건,리뷰 0,대구 서구 국채보상로50길 50-36,(지번) 평리동 1318-24,053-557-0446,
신화랑표구사,0.0,0건,리뷰 0,대구 수성구 공경로 77,(지번) 만촌동 444-35,053-741-5512,
미술넷커뮤니케이션,1.0,1건,리뷰 0,서울 성북구 동소문로25길 20-16 엠에스엔빌딩,(지번) 동선동4가 257,02-924-0099,https://www.hwabang.net/
갤러,0.0,0건,리뷰 5,서울 종로구 삼청로 127-2,(지번) 삼청동 124-1,02-6014-6677,http://www.galleryilho.com/
,0.0,0건,리뷰 1,서울 용산구 회나무로 74,(지번) 이태원동 5-13,02-6014-6677,http://p21.kr/
,D 이레화방 화방,0.0,0건,리뷰 0,(지번) 이태원동 5-13,02-6014-6677,http://www.irehb.co.kr/
쉐누301,4.6,5건,리뷰 25,경기 용인시 처인구 모현읍 문형동림로 171-1,(지번) 모현읍 동림리 301-2,연락처 없음,
통인가게,2.5,2건,리뷰 5,서울 종로구 인사동길 32,(지번) 관훈동 16,02-733-4867,http://www.tonginstore.com/
라오크,5.0,2건,리뷰 39,서울 송파구 석촌호수로 284 현대레이크빌 지하1층 106호,(지번) 송파동 31-2,010-9789-0601,http://blog.naver.com/loungeofcraft/
상미뜨게연구방,0.0,0건,리뷰 0,대구 서구 국채보상로38길 48,(지번) 중리동 79-11,053-523-8244,
학산도예,5.0,1건,리뷰 0,경북 칠곡군 가산면 호국로 1356,(지번) 가산면 학산리 324-3,054-973-8223,
박여,4.3,23건,리뷰 1,서울 용산구 소월로38길 30-34 박여숙아트센터,(지번) 이태원동 262-20,054-973-8223,https://parkryusookartcenter.wixsite.com/my-site
스튜디오올굿띵스,5.0,1건,리뷰 0,대구 중구 봉산문화길 19 2층,(지번) 봉산동 217-5,연락처 없음,
대성건드릴,0.0,0건,리뷰 0,대구 달서구 성서로5길 116,(지번) 월암동 908-1,053-586-9875,
소림공방,0.0,0건,리뷰 0,경북 고령군 다산면 상곡길 51-4,(지번) 다산면 상곡리 149-7,010-3530-5957,
캔들하다,0.0,0건,리뷰 0,대구 달서구 이곡공원로1길 70,(지번) 이곡동 128,연락처 없음,
을,0.0,0건,리뷰 0,대구 남구 이천로 134,(지번) 이천동 414-6,053-474-4888,http://www.eul-gallery.com/
에이치제이테크(HJTECH),0.0,0건,리뷰 0,대구 달서구 성서로9길 97,(지번) 월암동 910-12,053-592-9008,
니아벡,0.0,0건,리뷰 35,서울 광진구 자양로53길 15 1층,(지번) 구의동 28-46,02-444-7601,http://www.niavc.com/
진진목,0.0,0건,리뷰 1,대구 서구 통학로15길 21 1층,(지번) 평리동 1199-13,010-8865-1477,https://blog.naver.com/jinjintree/
,D 갤러리요호 화랑,5.0,1건,리뷰 8,(지번) 평리동 1199-13,010-8865-1477,https://www.instagram.com/gallery_yoho/
성서수예점,0.0,0건,리뷰 0,대구 달서구 용산동 448-11,(지번) 평리동 1199-13,연락처 없음,
고,0.0,0건,리뷰 0,대구 남구 이천로28길 2,(지번) 이천동 414-3,053-943-2261,
갤,0.0,0건,리뷰 0,서울 종로구 인사동4길 12,(지번) 낙원동 283-38,02-735-9500,https://blog.naver.com/gallerymh
갤러리,0.0,0건,리뷰 2,서울 용산구 회나무로13가길 25-1,(지번) 이태원동 260-103,02-749-0419,http://galerieerd.com/
봄의언덕,0.0,0건,리뷰 4,대구 북구 주좌길 12 아진빌 1층,(지번) 학정동 951-5,02-749-0419,http://instagram.com/spring_hill_atelier
크라메,3.0,1건,리뷰 0,대구 남구 현충로 208 크라메빌딩,(지번) 대명동 1921-11,053-623-2408,http://crama.dmax.kr/
갤러,3.0,1건,리뷰 5,서울 종로구 평창30길 40,(지번) 평창동 464-13,02-391-9171,http://www.sejul.com/
공방갤러리나비,0.0,0건,리뷰 0,대구 서구 국채보상로 421,(지번) 비산동 151-21,연락처 없음,
늘품체험공방,0.0,0건,리뷰 0,대구 북구 호암로 51 삼성창조캠퍼스 기숙사 B동 창작아티스트센터 104호,(지번) 침산동 1759,0507-1404-9746,http://www.ddghope.co.kr/
유진뜨개방,0.0,0건,리뷰 0,대구 북구 칠성남로 12,(지번) 고성동1가 152-7,053-353-6647,
벨루어,0.0,0건,리뷰 4,대구 서구 달서로5길 26 1층,(지번) 내당동 918-15,0507-1439-8883,https://www.instagram.com/craft.velour/
갤러리,0.0,0건,리뷰 4,대구 중구 봉산문화길 60,(지번) 봉산동 222-34,0507-1439-8883,http://www.galleryjone.com/
쉼목,0.0,0건,리뷰 1,대전 동구 대전로839번길 75 2층,(지번) 중동 50-1,0507-1439-8883,http://blog.naver.com/bikemaker
도자기공방 모색,0.0,0건,리뷰 7,부산 금정구 중앙대로1660번길 6,(지번) 부곡동 255-2,0507-1439-8883,https://www.instagram.com/ms_ceramics/
윤드림,0.0,0건,리뷰 0,대구 중구 서성로 44,(지번) 서성로2가 13-5,연락처 없음,
그림제작소,3.0,2건,리뷰 24,서울 송파구 석촌호수로 290 성우빌딩 3층 301호,(지번) 송파동 58-18,070-8846-0082,
황실유럽자수,0.0,0건,리뷰 0,대구 서구 국채보상로50길 65,(지번) 평리동 1228-1,053-571-0877,
웅,5.0,2건,리뷰 1,"서울 종로구 자하문로 299 2,3층",(지번) 홍지동 127-20,053-571-0877,http://www.woonggallery.co.kr/
수재샵 보석십자수 민스박스,5.0,1건,리뷰 0,서울 동대문구 사가정로 122 전농하우스토리 상가동 520호,(지번) 전농동 32-4,02-3394-6980,http://www.minsbox.com/
대한섬유,0.0,0건,리뷰 0,경북 경산시 하양읍 하양로 309,(지번) 하양읍 동서리 714,053-982-0558,
예전표구사,0.0,0건,리뷰 0,대구 중구 명륜로 128-3 1층,(지번) 대봉동 724-15,053-424-8247,http://yejoen.mobizio.kr/
필승사,0.0,0건,리뷰 0,대구 중구 국채보상로143길 69,(지번) 동인동3가 271-30,053-255-1900,
서,5.0,1건,리뷰 1,서울 광진구 자양로 179,(지번) 구의동 254-86,053-255-1900,
진안창작공예공방,0.0,0건,리뷰 0,전북 진안군 진안읍 진무로 510-5,(지번) 진안읍 가림리 1090,연락처 없음,
덕산공방,0.0,0건,리뷰 0,대구 중구 명륜로 51,(지번) 남산동 616-35,053-254-1542,
리,0.0,0건,리뷰 8,서울 종로구 율곡로3길 74-18 1층,(지번) 안국동 17-5,053-254-1542,https://www.lehmannmaupin.com/
켈리의재봉틀,0.0,0건,리뷰 0,대구 달서구 달구벌대로329길 25-9,(지번) 감삼동 55-20,연락처 없음,
빛고을공예창작촌,0.0,0건,리뷰 7,광주 남구 포충로 937,(지번) 양과동 893-2,062-607-2329,http://www.gjcraft.or.kr/
류태열사진,5.0,1건,리뷰 1,대구 중구 서성로 34-1,(지번) 남성로 5,010-5546-2517,https://blog.naver.com/rty0102
,"D 포레스트공방 미술,공예",0.0,0건,리뷰 0,(지번) 남성로 5,010-5546-2517,http://blog.naver.com/jsh_1101
뽀솝,0.0,0건,리뷰 6,대구 중구 국채보상로149길 82-1,(지번) 동인동3가 320-7,010-2790-0300,https://www.instagram.com/bboosoap/
레브쥬캔들,0.0,0건,리뷰 2,대구 중구 명덕로65길 42,(지번) 대봉동 121-93,010-2790-0300,https://www.instagram.com/revejou/
고범석,0.0,0건,리뷰 0,경기 광주시 남한산성면 오전길 24-23 1층,(지번) 남한산성면 오전리 66,010-3042-9085,http://www.kobeomsuk.com/
옥이공방,0.0,0건,리뷰 0,대구 달서구 상화로21길 30,(지번) 진천동 326,연락처 없음,
그림사,0.0,0건,리뷰 0,대구 달서구 학산로 15,(지번) 월성동 89,053-634-1665,
마주이,5.0,1건,리뷰 0,경북 경산시 임당로12길 29-7,(지번) 임당동 711,010-7253-7575,http://blog.naver.com/hmyhope
통영전통공예,0.0,0건,리뷰 4,경남 통영시 도남로 281,(지번) 도남동 642,055-645-3266,http://www.craft12.co.kr/
에이엔테크,0.0,0건,리뷰 0,경남 창원시 마산회원구 내서읍 중리공단로1길 22-3,(지번) 내서읍 중리 1126-7,055-232-3705,
구름가죽공방,0.0,0건,리뷰 0,대구 남구 중앙대로30길 75-1,(지번) 봉덕동 572-21,070-8840-2340,
민속품옛,0.0,0건,리뷰 0,대구 달서구 장기로 80-1,(지번) 성당동 656-9,연락처 없음,
갤러,0.0,0건,리뷰 17,서울 종로구 자하문로41길 4 지하1층,(지번) 부암동 185-6,연락처 없음,http://galleryraon.com/
빛,0.0,0건,리뷰 0,대구 수성구 고산로4길 48,(지번) 신매동 600-14,053-791-4463,
크리몽,0.0,0건,리뷰 0,대구 중구 교동4길 33-18,(지번) 동문동 4-19,연락처 없음,https://www.crimont.com/
홍제유연,0.0,0건,리뷰 0,서울 서대문구 통일로 484,(지번) 홍제동 294-46,연락처 없음,
,"D 영아POP 미술,공예",0.0,0건,리뷰 145,(지번) 홍제동 294-46,연락처 없음,https://blog.naver.com/jungya22
남문화,0.0,0건,리뷰 0,전북 전주시 완산구 팔달로 172,(지번) 경원동1가 24-2,063-284-3866,
민영산업제2공장,0.0,0건,리뷰 0,대구 달성군 유가읍 테크노중앙대로 193,(지번) 유가읍 상리 915-1,053-583-9346,
이젤,5.0,1건,리뷰 3,부산 수영구 연수로335번길 22,(지번) 망미동 426-3,051-753-4808,
콤마레진,0.0,0건,리뷰 1,대구 달서구 달구벌대로330길 36,(지번) 감삼동 115-65,연락처 없음,http://www.commaresin.com/
영진수예,0.0,0건,리뷰 0,대구 서구 달서로4길 37,(지번) 내당동 976-10,053-571-1969,
다연도예,0.0,0건,리뷰 0,대구 달성군 화원읍 성암로2길 26,(지번) 화원읍 본리리 125-6,053-639-2713,
도예수공원학원 북구점,0.0,0건,리뷰 0,부산 북구 의성로 111 2층,(지번) 덕천동 412-1,010-9283-3440,https://cafe.naver.com/suwanpot
향기억,2.0,3건,리뷰 50,서울 강남구 선릉로157길 23,(지번) 신사동 657-19,010-9283-3440,
베이킹클럽 오븐빨,5.0,1건,리뷰 63,경기 수원시 영통구 원천동 589 어뮤즈스퀘어 지하1층 11호,(지번) 신사동 657-19,031-214-1002,https://www.instagram.com/ovenpal/
반지이야기,0.0,0건,리뷰 1,부산 부산진구 서면로68번길 46 4층,(지번) 부전동 242-5,051-807-6490,http://cafe.naver.com/ringforu
헤펠레목공방 대구화,0.0,0건,리뷰 0,대구 달성군 화원읍 비슬로479길 6-5,(지번) 화원읍 설화리 800,053-634-3361,
아트비트,3.0,2건,리뷰 5,서울 종로구 율곡로3길 74-13,(지번) 화동 132,053-634-3361,http://www.artbit.kr/
디아나향기교습소,0.0,0건,리뷰 33,대전 유성구 원신흥남로42번길 5-20,(지번) 원신흥동 542-1,010-5550-4452,https://www.instagram.com/diana0902_/
동,0.0,0건,리뷰 3,대구 중구 봉산문화길 42,(지번) 봉산동 223-16,053-423-1300,
,"D 도예공방 굄 미술,공예",0.0,0건,리뷰 0,(지번) 봉산동 223-16,053-423-1300,https://instagram.com/pottery_goem
글모아POP,5.0,1건,리뷰 0,대구 달서구 달구벌대로307길 48,(지번) 죽전동 262-5,010-7556-0197,http://cafe.daum.net/myjhy
민트홀릭,0.0,0건,리뷰 3,대구 달성군 다사읍 대실역남로2길 12-12,(지번) 다사읍 죽곡리 826-6,010-6697-3617,https://blog.naver.com/mate1015
대림목,0.0,0건,리뷰 0,대구 동구 불로동 832-1,(지번) 다사읍 죽곡리 826-6,연락처 없음,http://www.dl.co.kr/index.html
크리도자기,0.0,0건,리뷰 19,대구 동구 둔산로 5 2층,(지번) 방촌동 863-27,연락처 없음,https://blog.naver.com/hjs9264_2
053사진액자,0.0,0건,리뷰 0,대구 중구 동덕로36길 6,(지번) 동인동2가 113-4,053-426-0530,http://my053.com/
프랑듀,0.0,0건,리뷰 0,대구 달서구 성지로 11 영남우방1차,(지번) 용산동 414-1,0507-1350-3575,https://blog.naver.com/imstarry
갤러리,5.0,1건,리뷰 2,서울 중구 퇴계로 163 지하1층,(지번) 충무로2가 52-10,연락처 없음,http://cafe.daum.net/gallerybresson/
나무이,0.0,0건,리뷰 0,경북 상주시 동문2길 54-3,(지번) 복룡동 352-1,연락처 없음,https://blog.naver.com/qwer90asdf
더쿠스튜디오,0.0,0건,리뷰 0,대구 달서구 상화북로 28 행복빌 1층,(지번) 진천동 809-16,010-9365-8816,https://es-la.facebook.com/thecoostudio.kr/
갤러,5.0,3건,리뷰 16,경기 양평군 서종면 북한강로 991 3층,(지번) 서종면 문호리 617-2,031-774-5530,
스튜디오플로레세르,0.0,0건,리뷰 0,대구 수성구 청수로25길 48-5,(지번) 황금동 865-1,연락처 없음,
헬로컨츄리,0.0,0건,리뷰 0,대구 달서구 계대동문로 99,(지번) 이곡동 1191,070-7695-2487,
보석십자수수재샵 동래점,0.0,0건,리뷰 0,부산 동래구 시실로 213 1층,(지번) 명장동 22-4,010-8809-2717,
이이요CeramicStudio,0.0,0건,리뷰 1,대구 수성구 청호로85안길 35,(지번) 범어동 65-54,연락처 없음,
,D 안동한지공장 전통공예,0.0,0건,리뷰 0,(지번) 범어동 65-54,연락처 없음,
형제마크사,0.0,0건,리뷰 0,경북 칠곡군 왜관읍 석전로 151-1,(지번) 왜관읍 석전리 445-9,054-973-8858,http://www.brotherjasoo.co.kr/
아름다운한지공방,0.0,0건,리뷰 0,대구 달서구 당산로21길 66,(지번) 감삼동 187-27,연락처 없음,
골동품경,0.0,0건,리뷰 0,충남 천안시 동남구 광덕면 광풍로 250-3,(지번) 광덕면 광덕리 403-3,010-4588-6426,
우,5.0,2건,리뷰 12,경북 경산시 대학로 315 2층,(지번) 조영동 283-1,010-4588-6426,https://www.instagram.com/woodner_woodworking
비케이갤러리,5.0,2건,리뷰 0,대구 남구 명덕로 204,(지번) 대명동 2032-5,053-476-8484,http://blog.naver.com/jpsjmk
우드,0.0,0건,리뷰 0,대구 남구 성당로 250,(지번) 대명3동 2296-19,053-634-0645,http://cafe.daum.net/dwoodschool
문풍지한지공,0.0,0건,리뷰 0,대구 중구 달구벌대로 지하 2160 메트로프라자 F236,(지번) 봉산동 127-1,053-634-0645,https://moonpoongji.modoo.at/
그린표구사,0.0,0건,리뷰 0,대구 달서구 월배로93길 99,(지번) 송현동 101-7,053-651-6333,
현아트액자,5.0,1건,리뷰 0,대구 북구 중앙대로 512,(지번) 칠성동2가 333-7,053-351-7039,
아트사랑,5.0,2건,리뷰 0,대전 대덕구 한밭대로 1168,(지번) 중리동 251-17,053-351-7039,http://www.artlove.or.kr/
니트바림,0.0,0건,리뷰 1,대구 동구 이노밸리로56길 11-2 1층,(지번) 신서동 1163-3,053-351-7039,http://fishnami.blog.me/
태양표구화랑,5.0,1건,리뷰 5,충북 청주시 서원구 사직대로 161,(지번) 사창동 239-6,053-351-7039,https://blog.naver.com/sunframer
모,5.0,1건,리뷰 0,경기 의정부시 평화로 569-1,(지번) 의정부동 206-10,053-351-7039,https://blog.naver.com/monica0133
작은창큰풍경협,0.0,0건,리뷰 1,대전 동구 대전천동로 580,(지번) 중동 51-32,042-223-8858,
삼정필,4.0,1건,리뷰 0,경남 김해시 김해대로2517번길 28,(지번) 삼정동 651-13,055-324-3604,
김씨공방,0.0,0건,리뷰 1,경남 함안군 칠원읍 광려천북로 272,(지번) 칠원읍 예곡리 832-39,연락처 없음,https://cafe.naver.com/skybluemsgxj
오캄세라믹,0.0,0건,리뷰 1,부산 서구 흑교로109번길 12,(지번) 부용동1가 17-3,연락처 없음,http://blog.naver.com/nhh0468
나무랄데없는목,0.0,0건,리뷰 17,세종특별자치시 아름서1길 13-4 영토빌딩 6층,(지번) 아름동 1332,010-4405-4469,http://blog.naver.com/namuralde
퍼퓸72,0.0,0건,리뷰 11,광주 동구 중앙로160번길 22 4층,(지번) 황금동 101,010-4405-4469,https://instagram.com/perfume72_gwangju?igshid=8df6erc9j6rd
갤러,0.0,0건,리뷰 4,서울 종로구 삼청로 87,(지번) 팔판동 27-6,010-4405-4469,http://www.gallerydoll.com/
환,0.0,0건,리뷰 0,대구 중구 명륜로26길 5,(지번) 대봉동 743-4,010-4405-4469,
료니의공방,0.0,0건,리뷰 0,대구 달서구 장기로 239-6 1층,(지번) 장기동 555-9,연락처 없음,http://blog.naver.com/lovechinggu
투제이아틀리에,0.0,0건,리뷰 7,대구 남구 대봉로26길 18,(지번) 이천동 255-16,010-2379-3086,
소소한날 대구죽전점,0.0,0건,리뷰 1,대구 달서구 죽전길 73 1층,(지번) 죽전동 211-5,연락처 없음,https://www.instagram.com/sosohannal_2nd/
보문사경,0.0,0건,리뷰 0,대구 중구 명덕로55길 11,(지번) 대봉동 162-31,연락처 없음,
신진종합상사,0.0,0건,리뷰 0,대구 서구 평리로35길 75,(지번) 중리동 1079-2,053-553-6810,
물보라천연비누,0.0,0건,리뷰 0,대구 서구 북비산로 203,(지번) 평리동 526-9,053-582-4868,
노곡자수,0.0,0건,리뷰 0,대구 서구 와룡로66길 7-6,(지번) 중리동 1120-15,053-562-5448,
목,0.0,0건,리뷰 6,서울 노원구 화랑로 606,(지번) 공릉동 29-2,02-977-4816,
,"D 니트갤러리 수예,자수",0.0,0건,리뷰 0,(지번) 공릉동 29-2,02-977-4816,
황실유럽십자수,0.0,0건,리뷰 0,경북 경산시 중앙로 72-4,(지번) 중방동 525-3,연락처 없음,
아씨 방앗간,5.0,1건,리뷰 32,서울 종로구 돈화문로11다길 47,(지번) 익선동 166-68,연락처 없음,
지후아트,5.0,1건,리뷰 2,전북 전주시 덕진구 숲정이2길 46,(지번) 진북동 1143-15,연락처 없음,
아트스페이,0.0,0건,리뷰 1,서울 은평구 증산로19길 9-3,(지번) 신사동 36-30,연락처 없음,
소피에뜰,0.0,0건,리뷰 0,대구 수성구 달구벌대로496길 19-6 1층,(지번) 범어동 256-13,연락처 없음,
우드끌로,0.0,0건,리뷰 5,부산 부산진구 전포대로223번길 20,(지번) 전포동 671-1,010-8396-1828,
딜쿠샤캔들,0.0,0건,리뷰 3,대구 북구 침산로22길 31,(지번) 침산동 105-73,연락처 없음,http://storefarm.naver.com/boriya/
탐하다,0.0,0건,리뷰 0,대구 서구 국채보상로34길 21-30,(지번) 중리동 64-8,연락처 없음,
정우테크,0.0,0건,리뷰 0,경남 김해시 생림면 상동로 30-50,(지번) 생림면 나전리 320-2,055-328-5002,
소메드가죽공방,0.0,0건,리뷰 1,부산 부산진구 전포대로255번길 41 전포상가 라동 111호,(지번) 전포동 654-1,010-8250-8817,http://blog.naver.com/somadleather
나비레진,0.0,0건,리뷰 5,대구 서구 북비산로57길 20 2층,(지번) 비산동 790-101,연락처 없음,https://blog.naver.com/naviresin
동아유리거울,0.0,0건,리뷰 0,대구 남구 관문시장1길 23,(지번) 대명11동 1185-4,연락처 없음,
성희표구사,0.0,0건,리뷰 0,대구 서구 달구벌대로329길 85,(지번) 중리동 711-17,053-554-1063,
카멜네온,5.0,1건,리뷰 10,대전 중구 중교로 93-1 2층,(지번) 은행동 72-7,053-554-1063,http://www.instagram.com/chamelneon
,D 손가네 목공방 목공예,0.0,0건,리뷰 0,(지번) 은행동 72-7,053-554-1063,
미진아트,5.0,1건,리뷰 0,서울 중구 충무로 26-1 1층,(지번) 초동 40-4,053-554-1063,http://mijinart.blog.me/
한,4.0,11건,리뷰 0,서울 광진구 능동로 170,(지번) 화양동 111-88,02-456-8585,
바늘소리,0.0,0건,리뷰 0,대구 달서구 호산로29길 11,(지번) 파호동 82-16,연락처 없음,
피네아,0.0,0건,리뷰 19,서울 서초구 방배로19길 43 1층,(지번) 방배동 928-19,연락처 없음,http://www.pinea.co.kr/
깨롱이네,0.0,0건,리뷰 12,대구 달서구 대명천로11길 12 1층,(지번) 성당동 264-1,010-7310-3589,https://m.blog.naver.com/kkaelongine
동인화방,0.0,0건,리뷰 0,부산 해운대구 해운대로 543,(지번) 우동 829-9,051-743-1175,
비즈월드,0.0,0건,리뷰 5,부산 동구 진시장로 24 부산진시장 3층 316호,(지번) 범일동 635-1,051-637-3354,http://blog.naver.com/bizworldblog
남산화랑,5.0,1건,리뷰 0,대구 달서구 야외음악당로 57-1,(지번) 성당동 490-8,053-654-7920,
7월 나무,0.0,0건,리뷰 0,대구 수성구 청솔로 4 1층,(지번) 황금동 764-11,053-654-7920,https://www.instagram.com/july_wood_/
대,0.0,0건,리뷰 0,대구 중구 서성로2가 13-4,,연락처 없음,
사계절손뜨개수예점,0.0,0건,리뷰 0,대구 달서구 와룡로51길 110-7,(지번) 용산동 950-8,연락처 없음,
한성액자,0.0,0건,리뷰 0,대구 수성구 만촌로 46,(지번) 만촌동 1007-5,053-791-5756,http://ok114.co.kr/0537915756
삐에르 핸즈,0.0,0건,리뷰 0,대구 달서구 새동네로 77-8,(지번) 용산동 427-8,연락처 없음,
만들고닷컴,0.0,0건,리뷰 0,대구 동구 반야월북로 64,(지번) 율암동 359-7,053-964-8981,http://www.mandlgo.com/
,"D 호산나성물공방 미술,공예",0.0,0건,리뷰 0,(지번) 율암동 359-7,053-964-8981,
동,0.0,0건,리뷰 0,대구 동구 신암남로28길 80-16,(지번) 신암동 362-5,연락처 없음,
갤러리중앙,0.0,0건,리뷰 0,대구 중구 봉산문화길 69,(지번) 봉산동 110,053-425-0809,
갤러,5.0,2건,리뷰 1,경북 청도군 화양읍 연지안길 36,(지번) 화양읍 토평리 31,연락처 없음,
데일리,0.0,0건,리뷰 0,대구 달성군 옥포읍 옥계길 24,(지번) 옥포읍 본리리 850-6,연락처 없음,https://blog.naver.com/dailywood
클래씨,0.0,0건,리뷰 1,부산 수영구 무학로49번길 78 1층,(지번) 광안동 93-29,연락처 없음,https://blog.naver.com/classyclocca
송하요,0.0,0건,리뷰 0,대구 달서구 송현로 12,(지번) 송현동 1950-6,연락처 없음,
진영모사,0.0,0건,리뷰 0,대구 중구 큰장로28길 40,(지번) 대신동 115-341,053-255-3100,
묵향,0.0,0건,리뷰 0,대구 서구 서대구로4길 4,(지번) 내당동 221-15,연락처 없음,
바비뜨개방,0.0,0건,리뷰 0,대구 남구 대명로20길 66-1,(지번) 대명동 1038-4,연락처 없음,
화방,0.0,0건,리뷰 0,서울 구로구 경인로 393-7 일이삼전자타운 2동 1층 82호,(지번) 고척동 73-3,02-2688-1129,http://www.hbstory.co.kr/
갤러,0.0,0건,리뷰 1,서울 마포구 양화로16길 14-16 지하1층,(지번) 서교동 370-12,02-333-6707,
서원서예,0.0,0건,리뷰 1,서울 종로구 인사동4길 17 건국관 106호,(지번) 경운동 47-1,02-333-6707,http://www.seohwa.net/
대림목공예전시장,0.0,0건,리뷰 0,대구 동구 팔공로24길 65,(지번) 도동 978-120,053-982-3455,
쥬트아뜰리에 대구점,0.0,0건,리뷰 0,대구 수성구 들안로1길 25 1층,(지번) 상동 408-1,053-568-0033,http://zutkorea.com/
,D 하늘강 아뜰리에 전통공예,0.0,0건,리뷰 9,(지번) 상동 408-1,053-568-0033,http://hanulkang.kr/
조형,3.0,1건,리뷰 6,서울 종로구 인사동5길 29 태화빌딩 지하1층,(지번) 인사동 194-27,053-568-0033,http://www.chohyunggallery.com/
황실유럽십자수,2.0,1건,리뷰 0,부산 부산진구 서전로 15,(지번) 부전동 142-5,051-924-0078,
세모네모동그라미,2.6,5건,리뷰 46,서울 강남구 강남대로106길 14 오성빌딩 3층,(지번) 역삼동 813-2,02-566-3228,http://blog.naver.com/senedong81
소나무,0.0,0건,리뷰 0,대구 중구 봉산문화길 14,(지번) 봉산동 218-8,053-423-1186,
스튜디오앙스,0.0,0건,리뷰 2,대구 달서구 진천로8길 22-15 1층,(지번) 진천동 251-42,연락처 없음,http://blog.naver.com/avec1214
달로,0.0,0건,리뷰 6,울산 남구 팔등로51번길 18-1,(지번) 신정동 475-8,연락처 없음,https://www.instagram.com/im_dalo/
퀼트가게,0.0,0건,리뷰 0,대구 중구 큰장로28길 28 4지구 1층 501호,(지번) 대신동 115-377,053-256-6061,http://www.quiltgage.com/
로터스가죽이야기,0.0,0건,리뷰 0,대구 달서구 월배로24길 13,(지번) 진천동 241,연락처 없음,
도호공방,0.0,0건,리뷰 0,대구 달서구 와룡로51길 61,(지번) 용산동 886,053-592-4095,
성조각예술원,0.0,0건,리뷰 2,경남 합천군 봉산면 인덕로 1004-16,(지번) 봉산면 계산리 1034,033-933-4343,
오니,0.0,0건,리뷰 0,대구 중구 남산로2길 48 1층,(지번) 남산동 2119-10,연락처 없음,https://blog.naver.com/oneyoney
다온향기,0.0,0건,리뷰 0,대구 달서구 감삼북길 82 1층,(지번) 감삼동 101-17,연락처 없음,http://blog.naver.com/hwr0796
아트,3.3,4건,리뷰 2,서울 종로구 자하문로6길 15,(지번) 통의동 33,연락처 없음,http://www.artside.org/
어반플루토,5.0,2건,리뷰 3,서울 영등포구 양평로22나길 3-2 2층,(지번) 양평동5가 69-2,연락처 없음,http://www.urbanpluto.com/
진주표구사,0.0,0건,리뷰 0,대구 서구 서대구로32길 5-3,(지번) 평리동 1086-7,053-567-6649,
레브쥬,0.0,0건,리뷰 4,대구 북구 학정동로 73 1층,(지번) 학정동 948-3,010-3825-9098,https://www.instagram.com/revejou
