공방이름,평균별점,별점건수,리뷰건수,주소,지번주소,연락처,홈페이지
나무이야기 DIY가구공,0.0,0건,리뷰 0,전남 순천시 해룡면 상성길 134,(지번) 해룡면 남가리 661-2,061-724-0304,
나무향기 DI,0.0,0건,리뷰 0,충북 청주시 청원구 향군로74번길 30-1,(지번) 우암동 358-14,연락처 없음,
DIY나무소리,0.0,0건,리뷰 0,경기 화성시 노작로4길 27,(지번) 반송동 115-3,031-8015-4678,
DIY나무,0.0,0건,리뷰 0,대전 중구 대둔산로 279,(지번) 사정동 490-6,연락처 없음,
DIY나무사랑공,0.0,0건,리뷰 0,충남 천안시 서북구 월봉4로 47-1,(지번) 쌍용동 1703,041-577-3663,http://www.diygo.co.kr/
DIY목공방 자작나무 진해,5.0,1건,리뷰 0,경남 창원시 진해구 중원동로 58,(지번) 중앙동 10-7,055-980-8058,
