공방이름,평균별점,별점건수,리뷰건수,주소,지번주소,연락처,홈페이지
해밀공,5.0,1건,리뷰 0,대구 달서구 조암남로20길 60,(지번) 월성동 1539-2,053-952-7743,
꾸미네작,0.0,0건,리뷰 0,"대구 달서구 성서로35길 3 1층,4층",(지번) 월암동 1-115,053-246-4587,http://milk0011.blog.me/
목공방우드,0.0,0건,리뷰 6,대구 달서구 월배로14길 53 1층,(지번) 진천동 471-19,연락처 없음,http://blog.naver.com/woodclo0202
,D 끌과망치이야기 목공예,0.0,0건,리뷰 2,(지번) 진천동 471-19,연락처 없음,http://www.gglmang.co.kr/
나,0.0,0건,리뷰 0,대구 달서구 용산큰못2길 21,(지번) 용산동 921-14,연락처 없음,
헤펠레목공방 대구수목,5.0,1건,리뷰 0,대구 달서구 화암로 327 엘리트빌딩 101호,(지번) 대곡동 1038-2,연락처 없음,http://blog.naver.com/kobo7203
든결목,0.0,0건,리뷰 8,대구 서구 서대구로62길 85-1,(지번) 비산동 1223-1,연락처 없음,http://blog.naver.com/jung601124
키큰나무,5.0,1건,리뷰 0,대구 북구 학정동로 69,(지번) 학정동 948-5,010-5453-0052,http://blog.naver.com/kikennamu2
풍각나무,0.0,0건,리뷰 15,경북 청도군 풍각면 청려로 170-111,(지번) 풍각면 금곡리 927,054-373-8525,http://blog.naver.com/mangchi7304
나무느,0.0,0건,리뷰 9,대구 중구 봉산문화1길 30 2층,(지번) 봉산동 172-21,연락처 없음,https://blog.naver.com/kmj9618007/
나무작,0.0,0건,리뷰 0,부산 연제구 거제대로 94 대진빌딩,(지번) 거제동 721-3,051-867-1307,http://cafe.naver.com/nazak
303 하남가구단지(골드무,0.0,0건,리뷰 0,경기 하남시 하남대로 514,(지번) 천현동 538-1,031-794-5667,
내디내만목공,0.0,0건,리뷰 4,경기 고양시 일산동구 동국로245번길 106,(지번) 성석동 137-2,031-976-7893,http://blog.naver.com/mydiy
한솔,5.0,1건,리뷰 27,경남 양산시 상북면 충렬로 672,(지번) 상북면 소석리 594,010-3865-8764,https://blog.naver.com/fly2697
지오,0.0,0건,리뷰 0,대구 달성군 화원읍 명천로21길 17,(지번) 화원읍 천내리 541-1,053-294-0015,http://blog.naver.com/gowood701
나무,0.0,0건,리뷰 0,대구 달서구 당산로 114-1,(지번) 성당동 695-103,053-249-2858,
우드다인목,0.0,0건,리뷰 0,대구 달서구 감삼남1길 41,(지번) 감삼동 146-9,연락처 없음,http://blog.naver.com/wood-dyne/
죽산목,0.0,0건,리뷰 5,경기 안성시 일죽면 한다리길 98,(지번) 일죽면 방초리 971-4,연락처 없음,https://blog.naver.com/secukim
,D 야곱의집 목공예,5.0,2건,리뷰 0,(지번) 일죽면 방초리 971-4,연락처 없음,
쓰임팩,0.0,0건,리뷰 0,대구 달서구 달구벌대로 1734,(지번) 두류동 487-7,010-5005-2213,http://blog.naver.com/jinizoara
진진목,0.0,0건,리뷰 1,대구 서구 통학로15길 21 1층,(지번) 평리동 1199-13,010-8865-1477,https://blog.naver.com/jinjintree/
쉼목,0.0,0건,리뷰 1,대전 동구 대전로839번길 75 2층,(지번) 중동 50-1,010-8865-1477,http://blog.naver.com/bikemaker
고범석,0.0,0건,리뷰 0,경기 광주시 남한산성면 오전길 24-23 1층,(지번) 남한산성면 오전리 66,010-3042-9085,http://www.kobeomsuk.com/
마주이,5.0,1건,리뷰 0,경북 경산시 임당로12길 29-7,(지번) 임당동 711,010-7253-7575,http://blog.naver.com/hmyhope
헤펠레목공방 대구화,0.0,0건,리뷰 0,대구 달성군 화원읍 비슬로479길 6-5,(지번) 화원읍 설화리 800,053-634-3361,
대림목,0.0,0건,리뷰 0,대구 동구 불로동 832-1,(지번) 화원읍 설화리 800,연락처 없음,http://www.dl.co.kr/index.html
나무이,0.0,0건,리뷰 0,경북 상주시 동문2길 54-3,(지번) 복룡동 352-1,연락처 없음,https://blog.naver.com/qwer90asdf
우,5.0,2건,리뷰 12,경북 경산시 대학로 315 2층,(지번) 조영동 283-1,연락처 없음,https://www.instagram.com/woodner_woodworking
우드,0.0,0건,리뷰 0,대구 남구 성당로 250,(지번) 대명3동 2296-19,053-634-0645,http://cafe.daum.net/dwoodschool
나무랄데없는목,0.0,0건,리뷰 17,세종특별자치시 아름서1길 13-4 영토빌딩 6층,(지번) 아름동 1332,010-4405-4469,http://blog.naver.com/namuralde
목,0.0,0건,리뷰 6,서울 노원구 화랑로 606,(지번) 공릉동 29-2,02-977-4816,
손가네 목,0.0,0건,리뷰 0,대구 달성군 화원읍 성천로 39,(지번) 화원읍 성산리 705-1,연락처 없음,
7월 나무,0.0,0건,리뷰 0,대구 수성구 청솔로 4 1층,(지번) 황금동 764-11,연락처 없음,https://www.instagram.com/july_wood_/
,D 데일리우드 목공예,0.0,0건,리뷰 0,(지번) 황금동 764-11,연락처 없음,https://blog.naver.com/dailywood
그루,0.0,0건,리뷰 0,대구 중구 중앙대로67길 32,(지번) 남산동 632-19,053-421-6959,
핸드메이드 가구공방 ,0.0,0건,리뷰 1,서울 마포구 망원로3길 38 1층,(지번) 망원동 432-28,053-421-6959,http://blog.naver.com/theone18
몽마,0.0,0건,리뷰 1,대구 수성구 무학로 42,(지번) 상동 468-2,연락처 없음,http://www.mongma.com/
홈,0.0,0건,리뷰 0,대구 수성구 범안로3길 77 지하,(지번) 지산동 1212-10,053-421-9913,http://homnchok.com/
우디,5.0,2건,리뷰 0,대전 유성구 유성대로828번길 46 1층,(지번) 장대동 316-5,010-8232-2809,http://blog.naver.com/woodybro
상상나무작,0.0,0건,리뷰 1,대구 중구 봉산문화1길 32,(지번) 봉산동 172-21,연락처 없음,http://blog.naver.com/klosc
배가,0.0,0건,리뷰 0,대구 남구 용두길 25,(지번) 봉덕동 1206-2,연락처 없음,http://baegasangja.co.kr/
황금,1.0,1건,리뷰 18,경북 구미시 고아읍 들성로9길 32-12,(지번) 고아읍 문성리 1240,054-607-1702,
하늘목,0.0,0건,리뷰 0,충북 청주시 흥덕구 신전로 74,(지번) 휴암동 426-1,연락처 없음,
우리나무,0.0,0건,리뷰 0,경북 경산시 계양로37길 16,(지번) 계양동 149,053-241-5812,
파,0.0,0건,리뷰 2,부산 부산진구 전포대로 226-8 지하,(지번) 전포동 207-28,010-9871-1715,https://www.instagram.com/atelier_pies/
바른나무목공아카,0.0,0건,리뷰 1,대전 유성구 현충원로347번길 63-5 1층,(지번) 구암동 660-4,042-825-7950,http://cafe.daum.net/barunnamu
행복나무,0.0,0건,리뷰 8,대전 서구 도솔로 309-2,(지번) 괴정동 95-29,010-5112-8343,
우드DIY,0.0,0건,리뷰 0,전남 여수시 성산6길 27-5,(지번) 화장동 886-4,010-9448-7316,
,D 해쉬더우드 목공예,5.0,1건,리뷰 23,(지번) 화장동 886-4,010-9448-7316,http://www.hashthewood.com/
숭의목공예마을 목공예,5.0,1건,리뷰 0,인천 미추홀구 참외전로 309-8,(지번) 숭의동 124-15,연락처 없음,
악토버핑,2.3,3건,리뷰 11,서울 구로구 신도림로11길 8-10,(지번) 신도림동 393-19,010-3091-1569,http://cscz.blog.me/
충남공예사 제1,0.0,0건,리뷰 0,대구 북구 칠성시장로 107,(지번) 칠성동2가 400-74,053-424-2998,
남원제기직,0.0,0건,리뷰 0,전북 남원시 요천로 1371,(지번) 조산동 80-1,연락처 없음,
나,0.0,0건,리뷰 0,경북 구미시 박정희로 73,(지번) 상모동 334-42,054-465-8877,
인문학목,0.0,0건,리뷰 0,경북 칠곡군 북삼읍 외율1길 35,(지번) 북삼읍 율리 830-115,연락처 없음,
예빌,0.0,0건,리뷰 0,대구 달성군 다사읍 대실역북로2길 184,(지번) 다사읍 매곡리 1517-10,053-592-3520,http://www.yebill.com/
우들리원목가구목,0.0,0건,리뷰 0,경북 청도군 이서면 대곡길 11-7,(지번) 이서면 팔조리 355-3,010-9567-1984,https://blog.naver.com/mywoodly
여주도자기,0.0,0건,리뷰 0,경기 여주시 여양로 295,(지번) 오학동 296-2,031-886-7497,
성진디자인목공,0.0,0건,리뷰 0,대구 남구 대명서6길 52-1,(지번) 대명동 1249-2,연락처 없음,
이목,0.0,0건,리뷰 0,부산 동래구 충렬대로108번길 57,(지번) 온천동 1452-37,051-507-7073,
아소토목,0.0,0건,리뷰 0,대구 북구 오봉로21길 28,(지번) 노원동3가 1129,연락처 없음,https://www.instagram.com/asotofurniture/
페투,0.0,0건,리뷰 0,대구 남구 현충로 258,(지번) 대명동 1892-7,연락처 없음,http://blog.naver.com/skj0721
나무야,0.0,0건,리뷰 3,경남 창원시 마산합포구 자산서11길 93 1층,(지번) 자산동 24-9,055-242-4126,https://blog.naver.com/0namuya0
,D 나반 목공예,3.0,2건,리뷰 8,(지번) 자산동 24-9,055-242-4126,http://blog.naver.com/thenavan
연의목,5.0,1건,리뷰 0,서울 양천구 신정동 1280-1,,연락처 없음,
여락목,0.0,0건,리뷰 1,부산 북구 만덕3로16번길 54,(지번) 덕천동 404-7,010-9666-4623,http://ollto.com/
우드워크라,0.0,0건,리뷰 8,울산 울주군 두서면 상선필길 148,(지번) 두서면 인보리 994-2,연락처 없음,https://www.instagram.com/tosil_kim/
헤펠레목,0.0,0건,리뷰 1,대구 동구 화랑로 356 1층,(지번) 방촌동 1084-201,010-6333-0101,https://blog.naver.com/ccc6k5vuo
OD목,0.0,0건,리뷰 1,대구 수성구 달구벌대로456길 6-5,(지번) 수성동1가 93-6,연락처 없음,https://blog.naver.com/dkcl9656/
제이든목,0.0,0건,리뷰 0,대구 수성구 지범로46길 5,(지번) 범물동 466,연락처 없음,https://www.instagram.com/jaydenwws/
행복목,0.0,0건,리뷰 0,대구 북구 동암로38길 19-33,(지번) 구암동 779-6,연락처 없음,
우드메,0.0,0건,리뷰 0,울산 울주군 범서읍 대리3길 10-8 1층,(지번) 범서읍 구영리 407-4,052-248-7893,http://cafe.naver.com/diymyself
어바,0.0,0건,리뷰 0,부산 금정구 중앙대로1766번길 15,(지번) 부곡동 22-7,052-248-7893,http://www.aboutwood.co.kr/
남원목기공,0.0,0건,리뷰 0,전북 남원시 요천로 1357,(지번) 조산동 85-1,063-632-3644,
CM,5.0,1건,리뷰 0,경기 남양주시 화도읍 가구단지6길 8-5,(지번) 화도읍 녹촌리 488-11,031-593-1030,
,0.0,0건,리뷰 0,대구 달서구 한실로 47 110호,(지번) 도원동 1429-2,연락처 없음,
메종2,0.0,0건,리뷰 0,대구 서구 와룡로84길 17 1층,(지번) 이현동 48-130,연락처 없음,
화,0.0,0건,리뷰 0,부산 기장군 정관읍 정관로 811,(지번) 정관읍 예림리 836-9,연락처 없음,https://blog.naver.com/hwagamok/
,D 명인목침 목공예,5.0,1건,리뷰 0,(지번) 정관읍 예림리 836-9,연락처 없음,
비갠후 목,0.0,0건,리뷰 4,서울 송파구 새말로6길 16 지하 1층,(지번) 문정동 77-9,02-521-7818,http://beganhoo.com/
오,0.0,0건,리뷰 0,울산 중구 염포로 66 1층,(지번) 반구동 873-21,052-292-4402,https://blog.naver.com/crashhw
목공,0.0,0건,리뷰 0,대구 중구 봉산문화1길 32,(지번) 봉산동 172-21,연락처 없음,https://blog.naver.com/skytones/
달구벌공,0.0,0건,리뷰 0,대구 동구 공항로33길 11,(지번) 불로동 832-8,053-985-0290,
나뭇다수제목,0.0,0건,리뷰 0,경남 양산시 물금읍 새실로 159,(지번) 물금읍 가촌리 1280-4,연락처 없음,
대전세종목공,5.0,1건,리뷰 7,대전 유성구 노은동로87번길 5-9,(지번) 노은동 535-19,010-3174-0316,http://blog.naver.com/lkjpqmz
제니스크,0.0,0건,리뷰 0,경북 경산시 원효로28길 5-17 1층,(지번) 계양동 666-18,010-5941-2274,http://janiscrate.com/
ZIP트리,5.0,1건,리뷰 1,제주특별자치도 제주시 조천읍 선진길 88,(지번) 조천읍 선흘리 469-8,010-5941-2274,http://cafe.daum.net/zip0807
레아DIY목,5.0,3건,리뷰 0,부산 부산진구 전포대로210번길 38,(지번) 전포동 334-40,010-5556-8871,http://blog.naver.com/lea-diy
느린,0.0,0건,리뷰 2,대전 동구 옛신탄진로75번길 62,(지번) 홍도동 125-20,연락처 없음,http://blog.naver.com/by020202
두림,0.0,0건,리뷰 0,경북 영천시 청통면 송천공단길 3,(지번) 청통면 송천리 5-14,0502-985-3232,http://www.durim.co.kr/
올댓,0.0,0건,리뷰 0,대구 동구 반야월북로 339-6 1층,(지번) 괴전동 117-49,연락처 없음,http://m.blog.naver.com/crom5449
알베로목,5.0,2건,리뷰 0,경기 화성시 동탄지성로306번길 64-7,(지번) 반월동 265-23,031-224-5770,http://cafe.daum.net/alberowoodworking
행운diy목,5.0,2건,리뷰 0,서울 강북구 한천로140길 11-38,(지번) 수유동 176-51,031-224-5770,https://hot7.modoo.at/
,D 디즈팩트리 목공예,0.0,0건,리뷰 3,(지번) 수유동 176-51,031-224-5770,http://www.dizfactree.com/
자작나무공방 가음,0.0,0건,리뷰 0,경남 창원시 성산구 가음로 103-1,(지번) 남양동 40-19,055-282-8105,http://withdai.blog.me/
앨리스앤,5.0,1건,리뷰 5,대구 수성구 달구벌대로650길 97-2 1층,(지번) 욱수동 227-17,055-282-8105,http://blog.naver.com/alicenjj
현산목,4.5,2건,리뷰 0,광주 서구 상무대로 895,(지번) 쌍촌동 966-3,055-282-8105,http://blog.naver.com/blueprimo
작은숲나무,5.0,2건,리뷰 0,대전 유성구 원신흥남로11번길 12-8,(지번) 원신흥동 574-9,042-822-2201,http://blog.naver.com/moonhoi65
제페토가구,0.0,0건,리뷰 0,경남 양산시 양주1길 29-1,(지번) 중부동 671-5,055-381-7425,http://www.diygeppetto.com/
로그12목,0.0,0건,리뷰 0,경북 경산시 경안로67길 14-5,(지번) 대평동 429-10,055-381-7425,https://blog.naver.com/orowood
뽀미네,0.0,0건,리뷰 0,대구 달성군 가창면 헐티로3길 6-1,(지번) 가창면 정대리 716,053-291-8447,http://blog.naver.com/jiye972000
남원목운공,5.0,1건,리뷰 0,전북 남원시 요천로 1230-9,(지번) 조산동 559-10,063-633-7489,http://www.mokunart.com/
나무집반,5.0,1건,리뷰 19,서울 송파구 오금로18길 8 지하1층,(지번) 송파동 51-3,010-2935-2769,https://blog.naver.com/semibasewooden/
나무스토리,5.0,1건,리뷰 0,광주 광산구 북문대로419번길 40 지하 1층,(지번) 신창동 508-8,연락처 없음,
린덴바움목,0.0,0건,리뷰 0,대구 수성구 신천동로 494,(지번) 수성동4가 1145-4,연락처 없음,
오월공방 롯데백화점 부산,0.0,0건,리뷰 7,부산 부산진구 가야대로 772 7층,(지번) 부전동 503-15,051-810-3778,https://www.owolgongbang.co.kr/
터치,0.0,0건,리뷰 0,대구 수성구 화랑로 102 3층,(지번) 만촌동 1328-13,010-9869-3366,https://blog.naver.com/yuesee
동국,0.0,0건,리뷰 0,경기 광명시 범안로 614,(지번) 노온사동 340-16,02-523-0107,
,D 우드락공작소 목공예,0.0,0건,리뷰 0,(지번) 노온사동 340-16,02-523-0107,http://woodrock.kr/
다락목,0.0,0건,리뷰 0,서울 서대문구 세검정로1길 75 지층,(지번) 홍은동 43-4,010-4717-0529,https://www.instagram.com/darakmokgongso
골목목,0.0,0건,리뷰 0,대구 남구 대경길 48,(지번) 대명동 3032-7,010-2569-2924,
텐박스목,0.0,0건,리뷰 1,경남 창원시 성산구 반송로42번길 23-28 반지하,(지번) 반지동 71-11,연락처 없음,https://fivemiles.blog.me/
이든나무,0.0,0건,리뷰 0,경남 창원시 진해구 충장로 225,(지번) 경화동 1171-15,010-3413-8044,
슬로우,0.0,0건,리뷰 0,대구 중구 남산로4길 5,(지번) 남산동 2377-6,연락처 없음,
두드림 나무,5.0,1건,리뷰 1,경기 군포시 엘에스로115번길 53 JMD빌딩 지하,(지번) 금정동 689-40,010-3130-5150,http://blog.naver.com/poleaxe
형제,0.0,0건,리뷰 0,대구 동구 팔공로28길 49-4,(지번) 도동 28,070-4027-1752,
빈체레목,0.0,0건,리뷰 3,경기 평택시 유천2길 21-6,(지번) 합정동 172,031-658-0809,
스튜디오,0.0,0건,리뷰 1,경기 용인시 수지구 성복2로76번길 25-13,(지번) 성복동 744-1,031-658-0809,https://www.instagram.com/studio__crack
신화목공예로,0.0,0건,리뷰 0,부산 사상구 사상로 500,(지번) 모라동 986-7,051-301-7734,
한일수출,5.0,1건,리뷰 0,울산 울주군 언양읍 언양로 637,(지번) 언양읍 반천리 645-2,052-245-4999,
헤펠레목공방 강,0.0,0건,리뷰 0,서울 강남구 선릉로132길 28,(지번) 청담동 42-1,02-6405-7722,http://blog.daum.net/jwstudio
목,0.0,0건,리뷰 0,대전 서구 만년남로3번길 46-5,(지번) 만년동 162,010-3636-6887,
남원 전통옻칠목기공,0.0,0건,리뷰 0,전북 남원시 요천로 1375,(지번) 조산동 81-1,063-632-1155,
,D 멜로우우드 목공예,0.0,0건,리뷰 0,(지번) 조산동 81-1,063-632-1155,https://www.instagram.com/mellowood_fnc
자작나무,5.0,1건,리뷰 1,경북 안동시 태사길 53-9,(지번) 옥정동 1,054-822-4153,https://blog.naver.com/cham82
쓰임목,0.0,0건,리뷰 6,인천 계양구 계양대로205번길 11-10 지하 1층,(지번) 계산동 942-21,연락처 없음,https://blog.naver.com/ss_im2018/
한성목,0.0,0건,리뷰 0,대구 동구 팔공로28길 73-11,(지번) 도동 43,053-984-7118,
키논,0.0,0건,리뷰 0,서울 서초구 방배로42길 23-3,(지번) 방배동 17-11,02-537-7196,
들꽃그리고작은나,0.0,0건,리뷰 0,경남 김해시 덕정로 170-1,(지번) 관동동 467-3,055-312-3660,
목공교실 인디,0.0,0건,리뷰 0,인천 서구 청라커낼로319번길 11,(지번) 청라동 148-3,연락처 없음,http://www.indiworks.kr/
에,0.0,0건,리뷰 0,부산 기장군 일광면 당곡길 14-1,(지번) 일광면 화전리 492,051-909-3356,http://blog.naver.com/kki___design
노을목,0.0,0건,리뷰 0,경기 평택시 팽성읍 대추안길 45,(지번) 팽성읍 노와리 468-3,031-655-3179,https://blog.naver.com/ke3399
오,0.0,0건,리뷰 1,서울 성동구 광나루로2길 25 쌍둥이빌딩 2층 201호,(지번) 성수동2가 299-49,070-7576-0430,http://onif.modoo.at/
목공방,0.0,0건,리뷰 0,경남 창원시 의창구 북면 달천길 86-10,(지번) 북면 외감리 655-1,055-251-1989,
이레디,5.0,1건,리뷰 4,세종특별자치시 한누리대로 227,(지번) 나성동 750,055-251-1989,https://leyong01076611324.modoo.at/
나무도,0.0,0건,리뷰 1,대전 유성구 신성로58번길 33,(지번) 신성동 212-1,연락처 없음,
화성지역자활,0.0,0건,리뷰 0,경기 화성시 향남읍 향남로 470,(지번) 향남읍 도이리 668,031-354-1129,
오밀목공,0.0,0건,리뷰 0,경기 용인시 기흥구 흥덕2로65번길 20-3 1층,(지번) 영덕동 997-11,031-212-0825,http://blog.naver.com/theomil
,D 다호디자인 우든펜공방 목공예,5.0,1건,리뷰 9,(지번) 영덕동 997-11,031-212-0825,http://blog.naver.com/yujulia0315
련,0.0,0건,리뷰 6,부산 수영구 수미로25번길 4 1층,(지번) 망미동 265-15,연락처 없음,https://blog.naver.com/stlyeon
이팝나무,0.0,0건,리뷰 0,부산 사상구 대동로 53,(지번) 엄궁동 6-1,010-2830-8098,
우드홀릭목,5.0,1건,리뷰 0,경남 거제시 수양로 208,(지번) 양정동 446-1,연락처 없음,
재,0.0,0건,리뷰 0,경남 진주시 범골로54번길 30-9 지하1층 BB113호 (드림IT밸리),(지번) 충무공동 87-23,010-5094-9137,http://jaejakso.modoo.at/?link=6swya66o
유니버살레이저공방 홍,0.0,0건,리뷰 0,서울 마포구 홍익로5안길 53,(지번) 서교동 369-20,연락처 없음,
우드,0.0,0건,리뷰 0,경북 성주군 초전면 주천로 1330,(지번) 초전면 용봉리 1094-1,054-933-6660,
오목공원 나무,0.0,0건,리뷰 0,서울 양천구 목동서로 159-2,(지번) 목동 921,연락처 없음,
헤펠레목공방 장,0.0,0건,리뷰 0,경남 김해시 주촌면 골든루트로 65-4,(지번) 주촌면 농소리 633-8,055-321-5866,http://www.diyhafele.co.kr/
향기로운나무 목,0.0,0건,리뷰 0,서울 송파구 송파대로40길 6 충현빌딩 지하,(지번) 송파동 95,055-321-5866,http://blog.naver.com/cg2208
목공문화공간 둥근작,0.0,0건,리뷰 3,경기 안양시 동안구 평촌대로 411 지하 1층,(지번) 비산동 1018-3,031-346-9463,http://blog.naver.com/handmadex
초록나무협동,0.0,0건,리뷰 0,전북 남원시 충정로 21,(지번) 동충동 197-11,연락처 없음,
우드팩,0.0,0건,리뷰 0,대구 남구 효성로 28,(지번) 봉덕동 1327-48,연락처 없음,
해피우드,0.0,0건,리뷰 0,경기 안양시 만안구 덕천로 97 2층,(지번) 안양동 212-16,031-441-7958,
태백목,0.0,0건,리뷰 0,대구 중구 달성로 97,(지번) 달성동 256-24,053-254-2977,
,D 신현공예 목공예,0.0,0건,리뷰 0,(지번) 달성동 256-24,053-254-2977,http://www.sinhyun.co.kr/
수원시 목공체,0.0,0건,리뷰 1,경기 수원시 장안구 정조로 1085,(지번) 송죽동 318,031-228-4559,
목공방,0.0,0건,리뷰 0,경남 창원시 의창구 팔용로419번길 13,(지번) 팔용동 112-2,연락처 없음,
이목목,0.0,0건,리뷰 0,대구 북구 관음중앙로17길 52-6 1층,(지번) 관음동 1245-32,연락처 없음,
헤펠레DIY목공방 중,0.0,0건,리뷰 0,서울 중랑구 동일로136길 28,(지번) 중화동 102-1,연락처 없음,
산너머,5.0,1건,리뷰 0,경남 양산시 하북면 백록로 247-36,(지번) 하북면 백록리 606-1,연락처 없음,
디지,0.0,0건,리뷰 0,경남 창원시 의창구 북면 마산길 14-9,(지번) 북면 마산리 173,055-265-3723,http://jyk98.blog.me/
플러,0.0,0건,리뷰 28,서울 관악구 봉천로 293 세광빌딩 2층,(지번) 봉천동 968-5,연락처 없음,https://blog.naver.com/eggegg3047/
곡성목공예커피체,5.0,1건,리뷰 0,전남 곡성군 죽곡면 오죽로 407-8,(지번) 죽곡면 봉정리 264,연락처 없음,
마르코의작,0.0,0건,리뷰 0,인천 부평구 남부역로5번길 8-8 1F,(지번) 부평동 743-31,032-229-9508,https://blog.naver.com/joomi78
공간과,5.0,4건,리뷰 0,경기 성남시 수정구 수정로456번길 12,(지번) 산성동 2214-1,031-734-2098,
연호나무,5.0,1건,리뷰 8,대구 수성구 달구벌대로 2859,(지번) 연호동 22-11,연락처 없음,http://blog.daum.net/camp1529
나무늘보나무,4.0,1건,리뷰 39,서울 영등포구 도림로135길 6,(지번) 문래동2가 14-21,010-2956-0754,https://www.instagram.com/super_neulbo/
자작나무공방 진해석,5.0,1건,리뷰 1,경남 창원시 진해구 냉천로129번길 12-1 1층,(지번) 자은동 195-1,010-2956-0754,https://blog.naver.com/hundaly
더우드목,0.0,0건,리뷰 0,경남 김해시 반룡로4번길 11-7,(지번) 대청동 330-14,055-311-5336,
,D 자작나무공방 목공예,0.0,0건,리뷰 1,(지번) 대청동 330-14,055-311-5336,http://www.fordiy.co.kr/
나무창,0.0,0건,리뷰 1,대구 달성군 현풍읍 현풍로6길 5 현풍백년도깨비시장 1층,(지번) 현풍읍 원교리 12-20,055-311-5336,
살림목,0.0,0건,리뷰 0,대구 동구 이노밸리로54길 15-1 1층,(지번) 신서동 1165-14,010-2824-5788,http://blog.naver.com/salimstudio
헤펠레DIY목공방 전주덕,0.0,0건,리뷰 0,전북 전주시 덕진구 용소로 90,(지번) 송천동1가 839-1,063-274-7601,
죽림원/대숯,0.0,0건,리뷰 0,경기 수원시 장안구 덕영대로425번길 8,(지번) 율전동 207-5,031-296-5128,
사각,0.0,0건,리뷰 0,전북 익산시 익산대로22길 8 도움빌딩 4층,(지번) 남중동 510-11,연락처 없음,
토미,0.0,0건,리뷰 0,경남 양산시 물금읍 가촌동3길 6,(지번) 물금읍 가촌리 526-3,연락처 없음,https://skylovetot.modoo.at/
영천목공,0.0,0건,리뷰 1,경북 영천시 새미1길 13,(지번) 언하동 167-1,054-334-9757,http://www.ycwoodart.co.kr/
유니크마이스터공예,4.5,2건,리뷰 0,경기 성남시 수정구 사송로66번길 7,(지번) 사송동 556-1,031-716-3339,http://www.uniquemeister.com/
나무와자이 목,0.0,0건,리뷰 2,경기 광주시 사기막길95번길 41,(지번) 탄벌동 683-1,010-8181-6969,http://blog.naver.com/sr6970
울산송정목,0.0,0건,리뷰 0,울산 북구 호계9길 10-1,(지번) 호계동 716-4,010-3835-8250,https://cafe.naver.com/ulsansongjungwood
삐삐공,5.0,2건,리뷰 0,대구 동구 파계로120길 68,(지번) 신용동 237,010-2522-0057,http://www.pippimall.com/
목수,0.0,0건,리뷰 0,부산 남구 문현로 70,(지번) 문현동 98-9,연락처 없음,
온리,5.0,1건,리뷰 1,서울 강동구 천중로 81-1,(지번) 천호동 301-44,070-7794-0123,http://onrheewood.blog.me/
보목,0.0,0건,리뷰 0,서울 중랑구 망우로 231-8 미영리치타운아파트 103동 상가 102호,(지번) 중화동 207-12,연락처 없음,http://thebomok.modoo.at/
,D DIY목공소리 목공예,0.0,0건,리뷰 0,(지번) 중화동 207-12,연락처 없음,
제이어스수제,0.0,0건,리뷰 18,경기 부천시 경인로 556,(지번) 괴안동 170-2,연락처 없음,https://blog.naver.com/leejus1209/
목공방 나,0.0,0건,리뷰 2,서울 마포구 광성로6길 76,(지번) 대흥동 325-25,연락처 없음,http://blog.naver.com/oyn5040
헤펠레목공방 군,0.0,0건,리뷰 0,경기 군포시 삼성로20번길 3-30 1층 101호,(지번) 부곡동 1213-1,연락처 없음,http://www.diyhafele.co.kr/
쟁,0.0,0건,리뷰 0,경남 양산시 물금읍 화합1길 29,(지번) 물금읍 범어리 2691-4,055-387-9335,http://blog.naver.com/jigallery
바보목수,0.0,0건,리뷰 0,경남 밀양시 초동면 초동중앙로 106-17,(지번) 초동면 대곡리 291-1,연락처 없음,
공방아름,0.0,0건,리뷰 0,대구 동구 경안로107길 21 제이앤제이하우스 1층 102호,(지번) 동호동 23-2,010-3751-1300,http://blog.naver.com/areumneuti
가람원목,0.0,0건,리뷰 0,부산 남구 신정번영로 47,(지번) 대연동 1622-22,연락처 없음,
우,0.0,0건,리뷰 0,대구 동구 율하동로10길 23-7,(지번) 율하동 1495,010-7758-3285,http://blog.naver.com/crom5449
태규목,0.0,0건,리뷰 0,충북 충주시 신촌2길 32 현대호반아파트 상가 지하 1층,(지번) 호암동 547-52,010-5491-6795,https://blog.naver.com/ltk4920/
백암예술서,0.0,0건,리뷰 0,경북 경주시 강동면 부조중명길 331,(지번) 강동면 국당리 58-1,연락처 없음,http://cafe.daum.net/a20100zHanmail.net
헤펠레목공방 하,0.0,0건,리뷰 0,경기 하남시 신평로 190,(지번) 신장동 298-2,031-792-8809,
키논 서,5.0,1건,리뷰 0,서울 종로구 옥인2길 6 1층,(지번) 누상동 49,031-792-8809,http://www.kinon.co.kr/
카펜,0.0,0건,리뷰 0,서울 서초구 논현로 37 미미빌딩 지층,(지번) 양재동 288-6,02-3446-5364,http://www.carpentree.net/
DIY나무소리,0.0,0건,리뷰 0,경기 화성시 노작로4길 27,(지번) 반송동 115-3,031-8015-4678,
,D 늘빛서각연구원 목공예,0.0,0건,리뷰 0,(지번) 반송동 115-3,031-8015-4678,
제페토 목공,0.0,0건,리뷰 0,대전 유성구 현충원로 401,(지번) 구암동 429,042-823-8258,
덕유산한옥학교 소인,0.0,0건,리뷰 0,경남 거창군 북상면 송계사길 125,(지번) 북상면 소정리 1589,연락처 없음,http://cafe.daum.net/deokusanhanok
조아저씨나무,0.0,0건,리뷰 0,경북 포항시 북구 흥해읍 도음로 713,(지번) 흥해읍 학천리 578-1,연락처 없음,
A헤펠레목,0.0,0건,리뷰 0,경기 용인시 기흥구 마북로 45,(지번) 마북동 317-21,연락처 없음,
헤펠레목공방 제주아,0.0,0건,리뷰 0,제주특별자치도 제주시 금천길 15-18,(지번) 아라이동 961-3,064-722-6851,http://blog.naver.com/navyjc
가구만들기나,5.0,1건,리뷰 0,전북 전주시 덕진구 송천중앙로 99,(지번) 송천동1가 387-1,063-276-8778,http://cafe.daum.net/cw8515
루시드DIY목,0.0,0건,리뷰 4,충북 청주시 상당구 남일면 효촌송정1길 6-7,(지번) 남일면 효촌리 27-7,연락처 없음,http://blog.naver.com/thdus9879
나무섬,0.0,0건,리뷰 0,울산 울주군 언양읍 남천로 158 1층,(지번) 언양읍 서부리 261-9,연락처 없음,
목,0.0,0건,리뷰 0,대구 달성군 유가읍 비슬로64길 34-8,(지번) 유가읍 유곡리 799,연락처 없음,http://www.shfactory.co.kr/
단디목,0.0,0건,리뷰 1,부산 동구 망양로 897 지하 1층,(지번) 범일동 1442-1,010-5162-5954,http://dandeewood.com/
커스토,0.0,0건,리뷰 1,경북 경산시 압량읍 대학로 498-4,(지번) 압량읍 부적리 62-4,연락처 없음,https://www.instagram.com/customood_/
대건,0.0,0건,리뷰 0,대구 동구 방촌동 75-2,(지번) 압량읍 부적리 62-4,연락처 없음,
민들레목,0.0,0건,리뷰 6,대전 서구 월평중로13번길 105 1층 102호,(지번) 월평동 1124,070-8246-5541,https://dandelionatelier.modoo.at/
우,0.0,0건,리뷰 3,서울 서대문구 증가로 31,(지번) 연희동 121-5,070-8246-5541,https://www.instagram.com/_woodlot_
,D 터치우드 목공예,0.0,0건,리뷰 1,(지번) 연희동 121-5,070-8246-5541,
백스가구,0.0,0건,리뷰 0,경북 경산시 솔숲길12길 3-1,(지번) 사동 362,010-8378-7936,
대전목공방미술창,0.0,0건,리뷰 0,대전 동구 태전로147번길 54,(지번) 삼성동 334-18,042-622-8408,https://blog.naver.com/rarara5704
남원제기공,0.0,0건,리뷰 0,전북 남원시 요천로 1371,(지번) 조산동 80-1,063-636-7575,
헤펠레목공방 구리덕,1.0,1건,리뷰 0,경기 남양주시 경강로294번길 23,(지번) 삼패동 316-4,연락처 없음,http://blog.naver.com/ohminhwan
카이만,0.0,0건,리뷰 1,경북 의성군 금성면 구련2길 58,(지번) 금성면 구련리 654,연락처 없음,http://www.intagram.com/caiman_woodworker_
마리목,0.0,0건,리뷰 0,부산 기장군 정관읍 정관중앙로 58 삼융프라자 111호,(지번) 정관읍 매학리 748-1,연락처 없음,http://maryhf.blog.me/
목공방,0.0,0건,리뷰 0,경기 남양주시 화도읍 녹촌로 87-48,(지번) 화도읍 녹촌리 116,010-4288-3148,http://www.instagram.com/studio_nok_turn
재미난목,0.0,0건,리뷰 5,서울 강동구 천호대로170길 98 지하 1층,(지번) 성내동 515-8,02-471-7819,https://harmony07.modoo.at/
나,5.0,1건,리뷰 0,대구 수성구 달구벌대로 2859,(지번) 연호동 22-11,연락처 없음,
나다,0.0,0건,리뷰 1,경기 수원시 영통구 매영로39번길 6,(지번) 매탄동 199-77,010-8922-4294,https://nadawood.modoo.at/
가나,0.0,0건,리뷰 0,전북 남원시 목공예길 9,(지번) 어현동 470-2,063-632-3748,
우드,0.0,0건,리뷰 0,부산 사상구 대동로 55 2층,(지번) 엄궁동 6-3,051-312-9571,https://blog.naver.com/soma0517
가구,0.0,0건,리뷰 2,서울 영등포구 여의대방로70길 7,(지번) 여의도동 53-2,010-9969-7474,
나무,0.0,0건,리뷰 0,대구 동구 신암남로 64,(지번) 신암동 204-9,010-3955-3568,
,D 우드앤캠핑카 목공예,5.0,1건,리뷰 0,(지번) 신암동 204-9,010-3955-3568,http://madesun.modoo.at/
DIY창동목,0.0,0건,리뷰 0,경남 창원시 마산합포구 오동서1길 11-1,(지번) 중성동 148,070-7393-8388,
꽃길목,0.0,0건,리뷰 0,세종특별자치시 마음로 78 스마트큐브2 306호,(지번) 고운동 1718,070-7393-8388,https://blog.naver.com/lhjju7777
토마토나무,0.0,0건,리뷰 0,울산 울주군 범서읍 평천길 93,(지번) 범서읍 천상리 604-2,052-246-5973,
해피조이,5.0,1건,리뷰 0,경기 광주시 오포읍 문현로 1-83,(지번) 오포읍 문형리 295-1,연락처 없음,
네모나라목공,0.0,0건,리뷰 0,제주특별자치도 제주시 백포남길 6,(지번) 이호이동 208-1,010-3540-4620,
이,5.0,1건,리뷰 10,서울 마포구 광성로6길 36 지층,(지번) 신수동 85-16,010-7728-6755,http://instagram.com/emokwon_studio
얼웨이즈,0.0,0건,리뷰 6,경기 성남시 분당구 미금로 43 정운빌딩 지하1층,(지번) 구미동 204-1,010-6382-5427,http://blog.naver.com/alwaysthere17
가구공방아르,0.0,0건,리뷰 0,경기 용인시 수지구 죽전로278번길 21-1 지하 1층,(지번) 죽전동 1393-3,031-889-3183,http://www.arture.co.kr/
안동목공,0.0,0건,리뷰 0,경북 안동시 서후면 명리옹기마길 4,(지번) 서후면 명리 400-2,연락처 없음,http://cafe.naver.com/andongzaengyi
묘한 나무의,4.0,2건,리뷰 2,서울 마포구 망원동 414-58 1층,(지번) 서후면 명리 400-2,연락처 없음,http://miohan.kr/
평창조경목,0.0,0건,리뷰 0,경북 칠곡군 동명면 봉암리 43-4,,연락처 없음,
라온목,0.0,0건,리뷰 0,경기 남양주시 화도읍 경춘로창벌2길 12-1 1층,(지번) 화도읍 창현리 732-3,연락처 없음,http://blog.naver.com/seoh09041
누리,0.0,0건,리뷰 3,부산 강서구 둔치강변길 13,(지번) 봉림동 758-87,010-9140-5532,https://blog.naver.com/bong12101004
단원,0.0,0건,리뷰 0,경남 진주시 명석면 광제산로26번길 7,(지번) 명석면 우수리 711-44,055-744-3441,
,D 큐브제작소 목공예,5.0,2건,리뷰 2,(지번) 명석면 우수리 711-44,055-744-3441,https://blog.naver.com/oramedyg/
파인드페,5.0,1건,리뷰 0,강원 원주시 소초면 치악로 2378-7,(지번) 소초면 흥양리 1772-1,010-3547-7288,https://smartstore.naver.com/findface
그냥좋,5.0,1건,리뷰 1,경기 과천시 자하동길 45,(지번) 중앙동 10,연락처 없음,
충북DIY가구협동,5.0,1건,리뷰 3,충북 청주시 청원구 내수읍 도원세교로 191 1층,(지번) 내수읍 덕암리 347-1,043-215-2646,http://cbdiy.qrsvc.com/
플로우드목,0.0,0건,리뷰 0,충북 청주시 흥덕구 직지대로753번길 13,(지번) 운천동 970,연락처 없음,
헤펠레목공방 나무N공방 인덕,0.0,0건,리뷰 0,경기 의왕시 이미로 40 인덕원IT밸리 D동 406호,(지번) 포일동 653,연락처 없음,http://blog.naver.com/ohminhwan
정,0.0,0건,리뷰 0,전북 남원시 요천로 1268,(지번) 조산동 465,연락처 없음,http://www.jilpoom.com/
웅석,0.0,0건,리뷰 0,경남 산청군 단성면 호암로 1325,(지번) 단성면 방목리 693,055-973-4118,http://www.craftwood.co.kr/
나무더,0.0,0건,리뷰 0,대구 동구 동호로9길 31,(지번) 신서동 554-8,010-9912-6292,
참나무,0.0,0건,리뷰 0,광주 남구 봉선1로37번길 2,(지번) 봉선동 1000-1,연락처 없음,
나무놀,0.0,0건,리뷰 0,대구 수성구 신매동 580,,연락처 없음,
반쪽이공방 해운,5.0,1건,리뷰 0,부산 해운대구 좌동로 152 신도시시장 312호,(지번) 좌동 1429-1,070-4253-5365,http://cafe.daum.net/banzzogihaewoon
나무가,0.0,0건,리뷰 0,울산 중구 북부순환도로 605 행운빌딩 4층,(지번) 복산동 339-2,연락처 없음,
창사랑목,0.0,0건,리뷰 1,서울 서대문구 가재울로6길 53-59 2층,(지번) 남가좌동 346-1,연락처 없음,https://changsarang.modoo.at/
헤펠레목공방 강,0.0,0건,리뷰 0,서울 강동구 강동대로53길 44,(지번) 성내동 443-17,연락처 없음,https://blog.naver.com/peak67
,D 오목수공방 목공예,0.0,0건,리뷰 1,(지번) 성내동 443-17,연락처 없음,
헤펠레목공방 금,0.0,0건,리뷰 0,부산 금정구 두실로 72,(지번) 남산동 999-16,010-3174-4519,https://blog.naver.com/lkfgjh
자작나무공방 용,0.0,0건,리뷰 0,경남 창원시 진해구 안골로 348,(지번) 용원동 1211-1,연락처 없음,
공방,1.0,1건,리뷰 0,부산 연제구 쌍미천로 120,(지번) 연산동 1120-12,연락처 없음,
짜맞춤전,0.0,0건,리뷰 0,인천 부평구 갈월서로 26 아주아파트 상가 지하,(지번) 갈산동 374,연락처 없음,
키다리목수아,5.0,1건,리뷰 8,대전 대덕구 석봉로58번안길 82 한밭아파트 상가동 1층 101호,(지번) 석봉동 313-1,0507-1312-7156,http://www.kidaryic.com/
목공방,0.0,0건,리뷰 0,서울 강남구 봉은사로78길 6 지하1층,(지번) 삼성동 117-2,010-8546-0789,http://rarestudio.co.kr/
열린목,0.0,0건,리뷰 0,서울 강서구 화곡로20길 37 지하1층,(지번) 화곡동 1084-1,연락처 없음,
키큰나무,0.0,0건,리뷰 0,경북 경산시 경산로15길 12,(지번) 옥곡동 811-1,연락처 없음,
헤펠레목공방 정,0.0,0건,리뷰 0,전북 정읍시 금붕동 250,(지번) 옥곡동 811-1,연락처 없음,
바,0.0,0건,리뷰 0,인천 남동구 장승로 45 지하,(지번) 만수동 1089-7,연락처 없음,http://blog.naver.com/sealove45
오,0.0,0건,리뷰 0,전북 전주시 덕진구 정언신로 57-1,(지번) 인후동1가 832-21,063-214-1500,
터치,0.0,0건,리뷰 0,대구 수성구 고산로 160-16,(지번) 매호동 1326-5,연락처 없음,
피노키오,0.0,0건,리뷰 0,대전 서구 관저동로 64-61 오케이빌딩 1층,(지번) 관저동 1400,042-541-8009,http://blog.naver.com/dud680
소년공방 아,0.0,0건,리뷰 0,충남 아산시 번영로43번길 20,(지번) 실옥동 181-98,041-545-7733,https://blog.naver.com/goronglong
,D 작은나무소리공방 목공예,0.0,0건,리뷰 0,(지번) 실옥동 181-98,041-545-7733,http://xn--910b55ou7av3mrth4na.webable.kr/
레드체어메,0.0,0건,리뷰 0,경기 광주시 오포읍 능평로30번길 10,(지번) 오포읍 능평리 458-4,연락처 없음,http://blog.naver.com/redsky_88
김수연원목공방갤,0.0,0건,리뷰 0,전북 군산시 미제3길 31-1,(지번) 미룡동 386-1,연락처 없음,
대림공,0.0,0건,리뷰 0,전북 남원시 인월면 천왕봉로 135-37,(지번) 인월면 상우리 355-7,063-636-2565,
아빠솜씨,0.0,0건,리뷰 0,경기 양주시 율정로247번길 79-27,(지번) 율정동 115,063-636-2565,https://blog.naver.com/zeregadis77
고전,5.0,1건,리뷰 0,경남 산청군 신안면 원지로 191-27,(지번) 신안면 하정리 249,055-973-8843,
우드스튜디오,5.0,1건,리뷰 0,경기 과천시 광창1로 21-35,(지번) 과천동 142-3,연락처 없음,
가,0.0,0건,리뷰 0,서울 광진구 구의로 73 지하1층,(지번) 구의동 229-2,연락처 없음,http://blog.naver.com/gakkuda87
진주만나,5.0,1건,리뷰 9,경남 진주시 내동면 신율리 478-2,(지번) 구의동 229-2,010-3254-5330,https://tektonstory.modoo.at/
예목수석,0.0,0건,리뷰 0,부산 수영구 수미로 29-2,(지번) 망미동 265-33,연락처 없음,https://blog.naver.com/tmdcjf3454
나무,0.0,0건,리뷰 3,경기 용인시 처인구 포곡읍 포곡로246번길 19 1층,(지번) 포곡읍 삼계리 545-1,연락처 없음,https://www.instagram.com/namu.sj/
애채나무,0.0,0건,리뷰 0,서울 동대문구 답십리로69길 49,(지번) 장안동 324-9,연락처 없음,
에이퍼,0.0,0건,리뷰 1,부산 기장군 기장읍 차성로322번길 17-5,(지번) 기장읍 동부리 126-8,연락처 없음,https://blog.naver.com/a_furniture_lab
곡산서각 공예연,0.0,0건,리뷰 0,경남 김해시 분성로172번길 30-6,(지번) 외동 384-4,055-333-4884,
윤목,0.0,0건,리뷰 0,대구 수성구 파동로 75-1,(지번) 파동 508-4,연락처 없음,
,D 라우드공방 목공예,0.0,0건,리뷰 0,(지번) 파동 508-4,연락처 없음,http://www.lawood.co.kr/
편백공,0.0,0건,리뷰 1,부산 사하구 옥천로 57,(지번) 감천동 16-350,연락처 없음,
금어당 목,0.0,0건,리뷰 1,전북 전주시 덕진구 장동 494-5,,연락처 없음,http://cafe.daum.net/neulsomkkon
프롬더오,0.0,0건,리뷰 2,대전 서구 변정3길 12 1층,(지번) 변동 46-30,연락처 없음,http://blog.naver.com/materiallism
나무,0.0,0건,리뷰 14,광주 광산구 목련로394번길 40-7 1층,(지번) 신가동 1008-11,연락처 없음,http://blog.naver.com/bos6079
도깨비방,0.0,0건,리뷰 1,충북 제천시 백운면 금봉로 142,(지번) 백운면 평동리 61,010-3881-0029,http://www.xn--9l0bq5h32fgrc8wdjxu.com/
헤펠레목,0.0,0건,리뷰 0,경기 남양주시 송산로339번길 41-14,(지번) 별내동 885,031-574-0622,
소,0.0,0건,리뷰 0,서울 강북구 4.19로13길 3,(지번) 수유동 563-15,010-6211-1969,https://cafe.naver.com/somokgan
신라 로구로목,0.0,0건,리뷰 0,부산 동래구 충렬대로272번길 47,(지번) 낙민동 215-9,연락처 없음,
파인트리 목공예,0.0,0건,리뷰 0,부산 강서구 명지오션시티4로 61,(지번) 명지동 3239-2,연락처 없음,
헤펠레목,0.0,0건,리뷰 0,경남 밀양시 용평로 207,(지번) 용평동 312-5,연락처 없음,
남원목기칠기상 제일공,0.0,0건,리뷰 0,경기 수원시 팔달구 수원천로255번길 6,(지번) 영동 8,031-244-7614,
나무사,0.0,0건,리뷰 0,경기 용인시 처인구 원삼면 원양로577번길 71 71호,(지번) 원삼면 좌항리 240-1,010-6298-1811,
헤펠레목공방 양,0.0,0건,리뷰 0,경남 양산시 동면 금오5길 8-31 1층,(지번) 동면 금산리 1443-7,055-366-2808,https://blog.naver.com/woohabba
손,0.0,0건,리뷰 0,경기 고양시 일산동구 강촌로26번길 7-21 지하1층,(지번) 백석동 1411-1,010-5214-0052,https://cafe.naver.com/sonmakeroom
,D 목공소녀 목공예,1.0,1건,리뷰 0,(지번) 백석동 1411-1,010-5214-0052,
라나의목,0.0,0건,리뷰 1,경기 광주시 오포읍 봉골길171번길 33,(지번) 오포읍 문형리 12-47,010-5135-2041,https://blog.naver.com/md756
별을먹은,0.0,0건,리뷰 0,경북 구미시 선산읍 선상서로 110,(지번) 선산읍 이문리 641-11,연락처 없음,
문일,0.0,0건,리뷰 2,서울 노원구 동일로198길 74,(지번) 공릉동 434-7,연락처 없음,
퀸즈가든공방 ,0.0,0건,리뷰 0,부산 기장군 정관읍 병산로 101,(지번) 정관읍 용수리 378-10,연락처 없음,https://queenzdiy.modoo.at/
DIY나무,0.0,0건,리뷰 0,대전 중구 대둔산로 279,(지번) 사정동 490-6,연락처 없음,
아임,0.0,0건,리뷰 0,서울 금천구 시흥대로 281,(지번) 시흥동 113-15,02-805-7244,
송하,5.0,1건,리뷰 0,충남 논산시 연산면 청동로1길 59-27,(지번) 연산면 청동리 259-39,연락처 없음,http://www.instagram.com/songhawoodcraft_official
라이브,0.0,0건,리뷰 0,인천 서구 봉수대로 206 포레스코 1동 2층,(지번) 가좌동 178-353,070-5180-5192,http://www.liveedge.kr/
,0.0,0건,리뷰 1,서울 강동구 성안로 106 1층 104호,(지번) 성내동 385-1,02-487-3939,https://www.instagram.com/mokseol/
아낌없이주는,5.0,1건,리뷰 0,전남 여수시 소호3길 41-1,(지번) 소호동 1198-4,010-2313-3131,
나무,0.0,0건,리뷰 0,경기 안양시 동안구 벌말로 126 오비즈타워 315호,(지번) 관양동 1802,031-450-3530,http://www.wooden.co.kr/
소명,0.0,0건,리뷰 0,서울 광진구 능동로4길 17,(지번) 자양동 553-376,02-2201-0791,
205디,5.0,1건,리뷰 2,경기 광명시 금오로794번길 40,(지번) 옥길동 18-30,010-8615-4768,https://blog.naver.com/20575
김선준,0.0,0건,리뷰 0,전남 광양시 광양읍 서평10길 35,(지번) 광양읍 구산리 770-12,연락처 없음,
,D 우든스트 목공예,5.0,1건,리뷰 1,(지번) 광양읍 구산리 770-12,연락처 없음,https://woodenst.modoo.at/
남원,0.0,0건,리뷰 0,경남 창원시 의창구 지귀로12번길 35,(지번) 봉곡동 41,055-265-5265,
유한공예로,0.0,0건,리뷰 0,경남 양산시 용주로 77-7,(지번) 용당동 981-1,055-386-8298,
제일,0.0,0건,리뷰 0,경기 성남시 중원구 제일로63번길 29,(지번) 성남동 3641,031-754-5780,
다,0.0,0건,리뷰 0,충북 괴산군 문광면 흑석2길 12,(지번) 문광면 흑석리 337,043-836-1040,http://dadoin.co.kr/
미성뿌리,5.0,1건,리뷰 1,충남 공주시 반포면 정광터1길 39,(지번) 반포면 봉곡리 306-1,041-857-5707,
컬러링토이하,0.0,0건,리뷰 0,부산 해운대구 좌동순환로 420,(지번) 중동 908,070-4961-6706,http://coloringtoyhouse.modoo.at/
천호진의생활목공D,0.0,0건,리뷰 0,광주 북구 대자로 14,(지번) 운암동 780-58,연락처 없음,
어울림DIY공,5.0,1건,리뷰 0,경기 안성시 금광면 구송동길 59-24,(지번) 금광면 내우리 78,031-677-9777,
동강누리협동,0.0,0건,리뷰 0,강원 영월군 영월읍 팔괴1농공단지길 33-15,(지번) 영월읍 팔괴리 1244-1,033-375-1300,https://www.facebook.com/gksrn2017/
꼬마,0.0,0건,리뷰 0,경북 포항시 북구 학전로 37 청운우방상가 105호,(지번) 학산동 6-2,054-248-0502,
카페 ,0.0,0건,리뷰 0,경기 김포시 풍무로96번길 11 한양프라자 B동 3층,(지번) 풍무동 405-2,연락처 없음,
라임나무,0.0,0건,리뷰 3,경기 화성시 동탄지성로 141 1층,(지번) 능동 1114-3,연락처 없음,http://blog.naver.com/raim2015
나무,0.0,0건,리뷰 0,경남 양산시 동면 금오12길 52,(지번) 동면 석산리 1463-16,연락처 없음,
백산목,5.0,1건,리뷰 0,전북 전주시 완산구 서학로 25,(지번) 동서학동 58,063-282-8280,
,D 강동목공예 목공예,0.0,0건,리뷰 0,(지번) 동서학동 58,063-282-8280,
우드머리목,0.0,0건,리뷰 0,경기 수원시 권선구 금호로246번길 18-5 1층,(지번) 탑동 761-7,063-282-8280,
슬로비목,0.0,0건,리뷰 0,인천 남동구 석산로 191 2층,(지번) 간석동 140-7,032-433-5175,https://blog.naver.com/taekwonjc
조은나무,0.0,0건,리뷰 0,경기 안산시 상록구 감골로 147,(지번) 사동 1338-6,010-3013-9571,
슈퍼,5.0,1건,리뷰 0,서울 중랑구 용마산로 615 1층,(지번) 신내동 418-3,010-3792-8323,https://blog.naver.com/hodduckjin
운,0.0,0건,리뷰 0,경기 용인시 처인구 모현읍 포은대로 245,(지번) 모현읍 매산리 15-1,031-768-1280,
느루,0.0,0건,리뷰 0,울산 남구 수암로64번길 3 1층,(지번) 신정동 810-1,031-768-1280,http://smartstore.naver.com/neuru_wood
모,0.0,0건,리뷰 0,대전 서구 계룡로629번길 30,(지번) 탄방동 80-9,연락처 없음,https://pf.kakao.com/_kJWWxb
아네스목,0.0,0건,리뷰 0,충남 아산시 염치읍 아산로671번길 198,(지번) 염치읍 서원리 193-1,041-548-5080,
뚜닥뚜닥 목,0.0,0건,리뷰 2,경기 안산시 상록구 용신로 306,(지번) 사동 1253,연락처 없음,
나무스,0.0,0건,리뷰 0,충남 금산군 남이면 금산로 753-22,(지번) 남이면 매곡리 302-2,041-926-9833,
우드스페,0.0,0건,리뷰 0,인천 서구 백범로934번길 30-15 2층,(지번) 가좌동 178-450,010-9972-8155,https://blog.naver.com/buildmons
공예창작지원,0.0,0건,리뷰 0,경남 진주시 명석면 광제산로 367,(지번) 명석면 관지리 767,연락처 없음,
지리산,0.0,0건,리뷰 0,경남 진주시 모덕로294번길 9,(지번) 하대동 116-4,055-755-0175,
지중해소,0.0,0건,리뷰 1,서울 은평구 수색로 271,(지번) 수색동 370-1,연락처 없음,http://blog.naver.com/kenny70
,D 안동미소도마 목공예,0.0,0건,리뷰 0,(지번) 수색동 370-1,연락처 없음,https://blog.naver.com/trj7379
조이우드,0.0,0건,리뷰 0,전북 전주시 완산구 중화산로 71 지하1층,(지번) 중화산동2가 406-15,연락처 없음,http://blog.naver.com/joiwoodworks/220458634751
보람 ,0.0,0건,리뷰 0,경기 양주시 어하고개로132번길 10,(지번) 삼숭동 56,031-821-4081,
창의야,5.0,1건,리뷰 0,충북 청주시 청원구 상리로29번길 19 1층,(지번) 율량동 76-7,043-288-6173,http://www.ideaplay.co.kr/
반김 cra,0.0,0건,리뷰 0,경기 파주시 돌곶이길 74-29,(지번) 서패동 191,031-944-5853,
목이,0.0,0건,리뷰 13,경기 고양시 덕양구 행신로 297,(지번) 행신동 232-3,연락처 없음,http://mogiwood.com/
아사달목,0.0,0건,리뷰 6,경기 평택시 중앙시장로8번길 10,(지번) 신장동 300-15,010-7477-4835,https://blog.naver.com/discast74
데일리오브,0.0,0건,리뷰 0,충남 아산시 탕정면 삼성로 425-16,(지번) 탕정면 동산리 103,070-4121-4104,http://blog.naver.com/prologue/PrologueList.nhn?blogId=jungshot
헤펠레목공방 전북혁,0.0,0건,리뷰 0,전북 전주시 덕진구 정여립로 872,(지번) 만성동 846-4,063-274-2274,
완산,0.0,0건,리뷰 0,전북 전주시 완산구 전주천동로 196,(지번) 다가동2가 120-3,063-283-8296,
나무향기,5.0,1건,리뷰 0,강원 원주시 단관초교길 30-7 1층,(지번) 관설동 1716-5,033-904-8478,http://www.facebook.com/k5avec
,0.0,0건,리뷰 3,서울 송파구 송파대로37길 108,(지번) 석촌동 240-16,연락처 없음,http://mythkim.com/
이끌림공방 2,0.0,0건,리뷰 0,경북 포항시 북구 법원로140번길 42,(지번) 장성동 1404-2,연락처 없음,https://blog.naver.com/chamjh1/
그로,0.0,0건,리뷰 0,충남 아산시 탕정면 삼성로 520-76,(지번) 탕정면 동산리 30-4,041-547-7060,http://www.grow-on.co.kr/
나무THWO,0.0,0건,리뷰 0,경남 사천시 중앙로 177,(지번) 벌리동 53-48,연락처 없음,
,D 튼튼가구만들기 목공예,0.0,0건,리뷰 0,(지번) 벌리동 53-48,연락처 없음,
쓰리캣메이,0.0,0건,리뷰 0,"서울 성동구 뚝섬로1가길 25 1,2층",(지번) 성수동1가 656-569,연락처 없음,http://instagram.com/threecatmakery
열달,0.0,0건,리뷰 0,경기 이천시 신둔면 도자예술로5번길 65,(지번) 신둔면 고척리 600-9,연락처 없음,
남원춘향,0.0,0건,리뷰 0,전북 남원시 목공예길 28,(지번) 어현동 470-8,063-632-6964,
동남,0.0,0건,리뷰 0,서울 강서구 국회대로7길 66,(지번) 화곡동 845-42,02-2692-4126,
가구공방,0.0,0건,리뷰 0,서울 서대문구 홍제내길 52 지층,(지번) 홍제동 361-49,연락처 없음,http://sungreenwood.com/
포스트웍스목,0.0,0건,리뷰 0,경기 고양시 일산서구 호수로838번길 7-4 지하 1층,(지번) 대화동 2292-6,070-8623-5013,https://blog.naver.com/postworks2017
해성나무,0.0,0건,리뷰 0,충북 영동군 영동읍 회동로 121,(지번) 영동읍 회동리 82-51,043-745-0808,
어반가,0.0,0건,리뷰 0,경기 수원시 영통구 센트럴파크로127번길 156,(지번) 이의동 1319-11,031-216-6521,http://www.urbangarage.co.kr/
A헤펠레목공방 판,0.0,0건,리뷰 0,경기 성남시 분당구 운중로233번길 17-6,(지번) 판교동 614-4,070-4012-4900,
락목,0.0,0건,리뷰 0,경북 영천시 대창면 금창로 679,(지번) 대창면 대창리 1076-192,010-6535-4026,
아띠나무공방앤,5.0,2건,리뷰 0,경기 김포시 양촌읍 대곶남로 741,(지번) 양촌읍 구래리 263-10,031-984-5557,http://blog.naver.com/yhylmy
원,0.0,0건,리뷰 0,경남 창원시 의창구 북면 천주로 417,(지번) 북면 외감리 149,055-299-2229,
송선목,0.0,0건,리뷰 0,전북 군산시 동령길 22-17,(지번) 장미동 2-55,010-2502-3488,
죽림옻칠공,5.0,2건,리뷰 0,전북 남원시 산책길 8,(지번) 조산동 106,063-626-6555,
,D 잔나무향 목공예,0.0,0건,리뷰 0,(지번) 조산동 106,063-626-6555,
윤,0.0,0건,리뷰 0,전남 순천시 금곡길 56,(지번) 금곡동 87-6,연락처 없음,
나무와뉴질,0.0,0건,리뷰 0,경기 의정부시 용민로237번길 18,(지번) 낙양동 705-11,031-841-9669,
퍼니DIY 진,0.0,0건,리뷰 0,경남 창원시 진해구 덕산로45번길 32,(지번) 자은동 901-9,연락처 없음,
,0.0,0건,리뷰 0,경남 진주시 집현면 진산로 1091-2,(지번) 집현면 대암리 492-2,055-757-2420,
목공방,0.0,0건,리뷰 0,부산 해운대구 좌동로 152 신도시시장상가 3층 312호,(지번) 좌동 1429-1,010-3560-0288,https://blog.naver.com/mang797
공감,4.0,1건,리뷰 0,경기 파주시 운정역길 35-68,(지번) 상지석동 735-5,031-947-5987,http://blog.naver.com/gonggamtree
가구와그림,0.0,0건,리뷰 1,광주 남구 군분로 44,(지번) 월산동 1042-29,062-385-5350,
소니목,0.0,0건,리뷰 2,경남 양산시 평산로 73,(지번) 평산동 488-2,010-8487-1178,
모,0.0,0건,리뷰 1,대전 유성구 유성대로654번길 125 대경빌딩 지하 1층,(지번) 구암동 609-6,042-824-5566,http://moment-s.co.kr/
제페토목,0.0,0건,리뷰 0,울산 중구 운곡안길 13,(지번) 다운동 520-9,052-2771-8276,
초,0.0,0건,리뷰 0,경기 광주시 오포읍 오포로 127-19,(지번) 오포읍 능평리 155-7,031-603-9989,
대한,0.0,0건,리뷰 0,부산 사상구 낙동대로1348번길 45,(지번) 삼락동 388-18,051-304-0203,
나무가있는,0.0,0건,리뷰 0,경남 김해시 대청계곡길 18 지하 1층,(지번) 대청동 875-6,051-304-0203,https://blog.naver.com/flynnher
헤펠레목공방 김,0.0,0건,리뷰 0,경남 김해시 금관대로1190번길 55-14,(지번) 외동 1217-2,055-905-9168,
,D 비니네나무 목공예,0.0,0건,리뷰 0,(지번) 외동 1217-2,055-905-9168,http://blog.naver.com/soonki710
JS목조형아카,0.0,0건,리뷰 0,서울 구로구 개봉로3길 56,(지번) 개봉동 357-30,02-2060-4913,
우리목,0.0,0건,리뷰 0,경기 김포시 양촌읍 황금로24번길 91-27,(지번) 양촌읍 대포리 71-16,연락처 없음,
비베,0.0,0건,리뷰 0,대전 서구 월평새뜸로4번길 79 1층,(지번) 월평동 1226,연락처 없음,https://www.instagram.com/vive__lento
DIY목공교육,0.0,0건,리뷰 0,서울 양천구 목동중앙남로3길 36,(지번) 목동 734-14,070-7372-7831,
헤펠레목공방 여,5.0,1건,리뷰 0,전남 여수시 화양면 소호로 208-37 1층,(지번) 화양면 용주리 211-1,061-691-2023,
만듦목,0.0,0건,리뷰 1,경남 거제시 동부면 산촌명진길 42-30,(지번) 동부면 산촌리 412-1,연락처 없음,https://blog.naver.com/artistevan/
나무수,0.0,0건,리뷰 3,경기 부천시 상일로145번길 34,(지번) 상동 424-10,070-8773-2963,https://namusoo.modoo.at/
목,0.0,0건,리뷰 0,경기 용인시 기흥구 지삼로 266,(지번) 지곡동 107,031-285-6898,
소울우드목,0.0,0건,리뷰 0,인천 남동구 만월북로 110 2층,(지번) 간석동 1-110,연락처 없음,
공작소 나무,0.0,0건,리뷰 0,충북 청주시 청원구 내수로 28 새활용시민센터 3층,(지번) 주성동 297-19,연락처 없음,
아트코,0.0,0건,리뷰 0,전남 광양시 영수길 83,(지번) 광영동 760-6,연락처 없음,
목공방 비버,0.0,0건,리뷰 0,경기 부천시 석천로184번길 16 2층,(지번) 중동 1158-2,070-8838-0440,https://cafe.naver.com/beaverwood
듀크목,0.0,0건,리뷰 0,울산 남구 번영로 36,(지번) 야음동 644-11,052-266-9566,
예인,0.0,0건,리뷰 0,전북 남원시 운봉읍 바래봉길 70,(지번) 운봉읍 동천리 78-2,063-626-0057,
,D 미목공방 목공예,0.0,0건,리뷰 0,(지번) 운봉읍 동천리 78-2,063-626-0057,
헤펠로목공방 목,0.0,0건,리뷰 0,서울 양천구 신목로12길 12,(지번) 신정동 89-114,02-2646-0075,
마젠타,0.0,0건,리뷰 0,경기 오산시 수청로8번길 8 1층,(지번) 수청동 586-4,031-376-2670,http://cafe.naver.com/magentaj
헤펠레목공방 여,0.0,0건,리뷰 0,전남 여수시 대통2길 69,(지번) 화장동 843-7,061-682-5588,
월령,0.0,0건,리뷰 0,전북 군산시 개정면 최호장군길 120,(지번) 개정면 발산리 396-2,063-451-5520,
노암,5.0,1건,리뷰 0,경북 안동시 남선면 놉실로 146,(지번) 남선면 원림리 735-10,070-8832-4504,
청풍,0.0,0건,리뷰 0,경기 남양주시 별내면 청학로54번길 55-39,(지번) 별내면 청학리 240-13,연락처 없음,
우드락목,0.0,0건,리뷰 0,경기 용인시 수지구 이종무로 103,(지번) 고기동 434-1,031-283-7641,
한짜임목,0.0,0건,리뷰 0,경기 이천시 백사면 청백리로393번길 100-15,(지번) 백사면 내촌리 161-2,010-5177-1123,https://blog.naver.com/hanzzaim
설봉,0.0,0건,리뷰 0,경북 영천시 한방로 186-6,(지번) 작산동 248-4,054-336-8656,
나무,0.0,0건,리뷰 0,전남 광양시 광양읍 읍내중앙길 38,(지번) 광양읍 목성리 918,연락처 없음,
나무를,0.0,0건,리뷰 1,서울 서대문구 가좌로 141,(지번) 홍은동 346-1,02-6956-1246,https://blog.naver.com/mklove1111
청암목,0.0,0건,리뷰 0,경남 진주시 명석면 진주대로 2632-10,(지번) 명석면 외율리 946,055-744-4441,
남원목기 인터넷사,0.0,0건,리뷰 1,전북 남원시 마방길 65,(지번) 동충동 21-1,063-635-8802,http://mokgi.co.kr/
좋은,0.0,0건,리뷰 0,경북 안동시 강남1길 133-11,(지번) 정하동 291-6,054-841-8786,
,D 이용기목조형연구소 목공예,0.0,0건,리뷰 0,(지번) 정하동 291-6,054-841-8786,https://www.instagram.com/art_space_lee/
우드,0.0,0건,리뷰 0,전남 순천시 이수1길 20,(지번) 덕암동 269-11,연락처 없음,
펠릭스우드스튜,0.0,0건,리뷰 0,서울 마포구 월드컵로32길 35 지하1층,(지번) 성산동 277-19,010-2649-7291,https://blog.naver.com/roowalix/
나무로,0.0,0건,리뷰 0,경기 의정부시 흥선로 97,(지번) 가능동 740-6,연락처 없음,
꿈꾸는자작,5.0,1건,리뷰 0,경기 화성시 정남면 정송길30번길 4-20,(지번) 정남면 백리 390-9,031-227-3725,http://www.zazakdream.wo.to/
문예,0.0,0건,리뷰 0,경기 수원시 영통구 신원로276번길 30,(지번) 원천동 370-1,031-213-5415,
구름나무,0.0,0건,리뷰 0,부산 부산진구 전포대로256번길 15,(지번) 전포동 192-8,연락처 없음,
숭덕문,0.0,0건,리뷰 0,경기 화성시 10용사1길 39,(지번) 반송동 150-18,031-884-0243,http://www.sdmhw.kr/
구름쇠,0.0,0건,리뷰 0,경기 고양시 일산동구 숲속마을1로48번길 31 지하1층,(지번) 풍동 1295-5,010-2685-9437,http://www.facebook.com/Studio.Cloudsteel
남원 제기옻칠공예연,0.0,0건,리뷰 0,전북 남원시 요천로 1373,(지번) 조산동 80-21,063-634-5757,
들꽃DIY목,0.0,0건,리뷰 4,경기 양평군 양평읍 경강로 1706,(지번) 양평읍 오빈리 219-4,031-773-7728,
우든,5.0,1건,리뷰 0,울산 중구 화진4길 40,(지번) 태화동 22-4,연락처 없음,
기브앤테,0.0,0건,리뷰 0,서울 용산구 이촌로 100-11,(지번) 이촌동 193-4,02-6219-1619,http://giventake.me/
나무느낌,0.0,0건,리뷰 0,전남 목포시 죽교천로 21,(지번) 죽교동 574-21,010-2650-1005,
,0.0,0건,리뷰 0,경북 경주시 내남면 용장3길 13-3,(지번) 내남면 용장리 262-2,054-772-0206,http://cafe.naver.com/changwooncraft
,D A헤펠레목공방 동탄점 목공예,0.0,0건,리뷰 0,(지번) 내남면 용장리 262-2,054-772-0206,
부일,0.0,0건,리뷰 0,인천 부평구 경인로 1109-1,(지번) 일신동 90-39,032-501-2980,
BJ퍼,0.0,0건,리뷰 1,경기 남양주시 화도읍 북한강로1621번길 120-14,(지번) 화도읍 금남리 256,010-5678-3445,https://bjcnc.itpage.kr/
전통공예연,0.0,0건,리뷰 0,강원 원주시 이화3길 9,(지번) 단계동 942-3,033-742-5992,
헤펠레목공방 세,0.0,0건,리뷰 0,세종특별자치시 보듬3로 92,(지번) 아름동 1293,033-742-5992,http://cafe.naver.com/hafelesejong
나무,0.0,0건,리뷰 4,전남 광양시 광양읍 숲샘길 12,(지번) 광양읍 칠성리 510,연락처 없음,
노마드 목,0.0,0건,리뷰 0,서울 서대문구 연희로 159 보광빌딩 지층,(지번) 연희동 81-12,연락처 없음,http://blog.naver.com/rickwood
태성옻칠,0.0,0건,리뷰 0,경기 남양주시 진건읍 독정로성지2길 16-2,(지번) 진건읍 용정리 104-1,031-573-3879,
그,0.0,0건,리뷰 1,경남 진주시 진주대로960번길 18 1층,(지번) 칠암동 289,031-573-3879,http://instagram.com/groodam/
백년,0.0,0건,리뷰 0,부산 금정구 금강로 287,(지번) 장전동 388-26,051-516-7474,http://www.jegikorea.com/
미르,0.0,0건,리뷰 0,경기 용인시 기흥구 사은로126번길 33,(지번) 보라동 558,031-285-5336,
,0.0,0건,리뷰 0,서울 영등포구 가마산로61나길 11 1층 101호,(지번) 신길동 315-8,031-285-5336,http://www.swww.co.kr/
나무,0.0,0건,리뷰 0,대전 유성구 전민로46번길 52 1층,(지번) 전민동 448-4,연락처 없음,
금정,0.0,0건,리뷰 0,부산 기장군 기장읍 동뫼길 25,(지번) 기장읍 청강리 523-8,051-721-1148,http://smartstore.naver.com/gjpark
영종씨앤씨목,0.0,0건,리뷰 0,인천 중구 중산로69번길 4,(지번) 중산동 1242-54,연락처 없음,
,D 송전전통목공예 목공예,0.0,0건,리뷰 0,(지번) 중산동 1242-54,연락처 없음,
뚝딱DIY,0.0,0건,리뷰 0,인천 남동구 인주대로681번길 4,(지번) 구월동 1220,032-666-9057,http://www.diyself.co.kr/
아트 스페이스 유(Art Spac,0.0,0건,리뷰 0,경기 하남시 하남대로 308,(지번) 하산곡동 426-4,031-793-3682,
우리나무,0.0,0건,리뷰 0,서울 서초구 서초대로16길 12,(지번) 방배동 941-21,연락처 없음,
엔,0.0,0건,리뷰 3,경북 문경시 가은읍 가은로 34,(지번) 가은읍 작천리 25-1,연락처 없음,https://blog.naver.com/ndoc0/
나,0.0,0건,리뷰 1,인천 계양구 성안길 8,(지번) 갈현동 46-1,연락처 없음,
찰리의,0.0,0건,리뷰 0,부산 사하구 낙동대로 512,(지번) 하단동 506-15,연락처 없음,
공명,0.0,0건,리뷰 0,경기 이천시 마장면 중부대로644번길 133-28,(지번) 마장면 표교리 380-1,연락처 없음,http://cafe.daum.net/konglong
작은세상큰나무,0.0,0건,리뷰 0,전북 완주군 삼례읍 삼례나들목로 37,(지번) 삼례읍 하리 657-3,070-7797-3301,
컨츄리,0.0,0건,리뷰 0,경남 거제시 계룡로 118,(지번) 고현동 521-1,연락처 없음,
봉우목,0.0,0건,리뷰 0,경남 양산시 신명로 91,(지번) 평산동 568,연락처 없음,
행복한목,5.0,1건,리뷰 0,경기 광주시 오포읍 문현로 1-83,(지번) 오포읍 문형리 295-1,연락처 없음,
우드모,0.0,0건,리뷰 0,경기 성남시 분당구 불곡로3번길 4 지하 1층,(지번) 정자동 221-3,031-712-0079,https://blog.naver.com/woodmoment
진명로,0.0,0건,리뷰 0,부산 남구 자유평화로57번길 33-1,(지번) 문현동 786-15,051-646-4905,
공,0.0,0건,리뷰 0,경기 평택시 통미로48번길 14,(지번) 합정동 486-29,010-5268-3215,
,D 마르코스튜디오 목공예,0.0,0건,리뷰 0,(지번) 합정동 486-29,032-225-9508,
대디,0.0,0건,리뷰 0,충남 논산시 계백로 1083-1 1층,(지번) 반월동 199-6,010-9140-5520,https://daddy5602.blog.me/
로브,0.0,0건,리뷰 0,서울 강남구 논현로12길 23-10 지하1층,(지번) 개포동 1199-9,010-7121-4013,http://www.rawbrown.com/
기덕,0.0,0건,리뷰 0,경북 포항시 남구 호미곶면 호미로1153번길 7,(지번) 호미곶면 강사리 749-4,054-284-0466,https://gideok.imweb.me/
홍반장의목공,0.0,0건,리뷰 0,전북 전주시 완산구 감나무4길 25,(지번) 서신동 233-3,063-251-5022,http://hongbanjang.alltheway.kr/
사보목,0.0,0건,리뷰 0,경남 합천군 합천읍 동서로 28,(지번) 합천읍 합천리 1198-1,연락처 없음,
부경목,0.0,0건,리뷰 0,경남 밀양시 단장면 동화1길 1,(지번) 단장면 사연리 1034-3,연락처 없음,
푸르미목,0.0,0건,리뷰 0,충남 천안시 서북구 다가말2길 13-1 지하,(지번) 쌍용동 540-3,연락처 없음,
숨쉬는,0.0,0건,리뷰 0,경기 시흥시 큰솔로46번길 32 1층,(지번) 정왕동 1397-6,연락처 없음,https://smartstore.naver.com/sumtree
령아트,0.0,0건,리뷰 0,전북 익산시 하나로 422-15 나라하우스 상가 1층 102호,(지번) 어양동 660-3,010-4161-9677,http://cafe.daum.net/soybean-kg
석포,5.0,1건,리뷰 0,충북 충주시 동량면 미라실로 782,(지번) 동량면 지동리 410-4,연락처 없음,
목수와칠,0.0,0건,리뷰 0,경기 남양주시 경춘로1350번길 2,(지번) 평내동 130-19,연락처 없음,
미스터,0.0,0건,리뷰 0,경기 김포시 양촌읍 김포한강4로278번길 61,(지번) 양촌읍 석모리 374-2,연락처 없음,https://cafe.naver.com/carpentryshop/
마,0.0,0건,리뷰 0,전북 전주시 완산구 중인동 643 스페이스코웍 2층 234호,,연락처 없음,http://mamate.co.kr/
명품거제목촌,0.0,0건,리뷰 0,경남 거제시 장목면 거제북로 2650-1,(지번) 장목면 송진포리 103-3,055-635-1406,http://055-635-1406.ezbuilder.co.kr/h/
,D 공예와디자인 목공예,0.0,0건,리뷰 0,(지번) 장목면 송진포리 103-3,055-635-1406,
청담 민속품. 중고물품 경,0.0,0건,리뷰 0,경기 화성시 융건로 70-4,(지번) 배양동 69-620,031-234-8775,
나무아,0.0,0건,리뷰 0,경기 수원시 팔달구 행궁로 31-3,(지번) 남창동 89,031-253-3115,
한국새총,0.0,0건,리뷰 0,경북 안동시 영호4길 21 1층,(지번) 옥야동 340-99,054-854-2555,http://www.saechong.com/
나무사랑목,0.0,0건,리뷰 0,서울 송파구 백제고분로 379,(지번) 송파동 19-5,02-3432-3000,
디어,0.0,0건,리뷰 0,대전 동구 옛신탄진로75번길 62,(지번) 홍도동 125-20,010-6766-2453,
나무풍경스,0.0,0건,리뷰 0,광주 서구 상무대로 929-9,(지번) 쌍촌동 964-33,연락처 없음,
남원,0.0,0건,리뷰 0,부산 금정구 삼어로 221,(지번) 금사동 62-6,051-864-7187,
수진공,0.0,0건,리뷰 0,경기 광주시 초월읍 경충대로 1365,(지번) 초월읍 대쌍령리 403-1,031-768-4834,
퍼니스,0.0,0건,리뷰 0,부산 강서구 낙동남로991번길 42-1,(지번) 명지동 3175-36,051-714-7104,
나무를그,0.0,0건,리뷰 0,대전 서구 도솔로 185,(지번) 도마동 17-38,연락처 없음,
컨츄리크래,0.0,0건,리뷰 0,경기 고양시 일산서구 일현로 161,(지번) 탄현동 305-40,02-1599-3683,
소년공방 동,0.0,0건,리뷰 0,경기 화성시 동탄대로시범길 146 포트센트럴시티 704호,(지번) 청계동 535-1,031-373-1079,http://cafe.naver.com/boyzgarage06
목담목,0.0,0건,리뷰 0,경기 남양주시 송산로339번길 38,(지번) 별내동 877-4,010-9799-1961,
동원,0.0,0건,리뷰 0,서울 강서구 국회대로 101,(지번) 화곡동 908-8,02-2693-4411,http://blog.naver.com/cocobarbie49
,D 수아트나무공방 목공예,0.0,0건,리뷰 0,(지번) 화곡동 908-8,02-2693-4411,
왓에버,0.0,0건,리뷰 1,서울 동작구 등용로 16,(지번) 상도동 363,02-815-3149,
