공방이름,평균별점,별점건수,리뷰건수,주소,지번주소,연락처,홈페이지
라움아틀리에,0.0,0건,리뷰 61,대구 중구 교동1길 5 1층,(지번) 용덕동 1-19,010-2829-6868,http://www.instagram.com/Raum_atelier
대구,4.0,1건,리뷰 0,대구 중구 달구벌대로 2109-11,(지번) 덕산동 127-32,053-421-3388,
명덕화방문,0.0,0건,리뷰 0,대구 중구 명덕로 177,(지번) 남산동 2111-29,053-254-0243,
,"D 호랑이공방 미술,공예",0.0,0건,리뷰 26,(지번) 남산동 2111-29,053-254-0243,https://blog.naver.com/qksksk1215
롤드페인트,5.0,2건,리뷰 38,대구 중구 봉산문화길 92 1층,(지번) 봉산동 132-11,010-3000-6855,https://www.rolledpaint.com/
아바텍,0.0,0건,리뷰 0,대구 달서구 달서대로85길 100,(지번) 호림동 3,053-592-4060,
리안갤러리,0.0,0건,리뷰 1,대구 중구 이천로 188-1,(지번) 대봉동 727-15,053-424-2203,http://www.leeahngallery.com/
황실십자수,0.0,0건,리뷰 0,대구 중구 국채보상로 지하 580,(지번) 동성로2가 41-8,연락처 없음,
멜팅포인트,5.0,1건,리뷰 55,대구 중구 국채보상로 627 1층,(지번) 공평동 90-2,연락처 없음,http://www.instagram.com/melting_ham
메이크어포터리,0.0,0건,리뷰 18,대구 중구 국채보상로150길 76-12,(지번) 삼덕동3가 169-9,연락처 없음,https://www.instagram.com/make.a.pottery_official
상,0.0,0건,리뷰 0,대구 중구 중앙대로 292,(지번) 남산1동 710-2,053-424-5940,
해밀공,5.0,1건,리뷰 0,대구 달서구 조암남로20길 60,(지번) 월성동 1539-2,053-952-7743,
멜로우포터리,3.7,3건,리뷰 16,대구 중구 교동2길 37-13 2층,(지번) 완전동 5-41,010-7618-3393,https://www.instagram.com/mellow_pottery
그림안에액자,0.0,0건,리뷰 0,대구 중구 봉산문화길 94,(지번) 봉산동 132-9,053-422-1993,
은노리,0.0,0건,리뷰 6,대구 중구 동성로2길 12-17 2층,(지번) 봉산동 23-6,연락처 없음,https://blog.naver.com/eunnori21
솔도예공방,4.0,2건,리뷰 17,대구 중구 국채보상로140길 17-8 1층,(지번) 동인동4가 210-2,연락처 없음,https://www.instagram.com/sol_ceramic/
오월공방,4.0,1건,리뷰 6,대구 중구 봉산문화길 38 2층,(지번) 봉산동 223-17,010-3083-0032,https://www.instagram.com/owol_daegu/
갤러리,0.0,0건,리뷰 4,대구 중구 이천로 206,(지번) 대봉동 722-3,010-3083-0032,https://www.instagram.com/cnk_gallery/
라붐,0.0,0건,리뷰 5,대구 남구 관문시장4길 62,(지번) 대명동 1173-2,연락처 없음,https://www.instagram.com/la_baume/
황실십자수 대명점,5.0,2건,리뷰 0,대구 남구 두류공원로 86,(지번) 대명4동 3044-94,053-656-1151,
호,0.0,0건,리뷰 0,대구 남구 계명중앙1길 28,(지번) 대명3동 2132-5,053-622-3749,
대,0.0,0건,리뷰 0,대구 남구 명덕로36길 32,(지번) 대명2동 1810-10,053-625-7775,
윤서경캘리그라피,5.0,1건,리뷰 4,대구 남구 중앙대로 244 3층,(지번) 대명동 2005-13,010-5333-0670,
꽃영남캘리그라피,0.0,0건,리뷰 1,대구 동구 율하동로17길 47-1 애플빌라 101호,(지번) 율하동 1009,010-8277-5738,https://pf.kakao.com/_cVLwxb
갤러,0.0,0건,리뷰 0,대구 중구 대봉로 200-25,(지번) 대봉동 130-5,053-422-1628,http://www.galleryshilla.com/
헤이데이지그,0.0,0건,리뷰 6,대구 중구 동덕로30길 139-15 2층,(지번) 동인동4가 528-2,053-422-1628,https://www.instagram.com/hey_daisy_art/
우손 ,0.0,0건,리뷰 8,대구 중구 봉산문화길 72,(지번) 봉산동 134-12,053-427-7737,
앤플리아,0.0,0건,리뷰 17,대구 달서구 진천로18길 40 1층,(지번) 진천동 561-63,070-8196-6568,https://blog.naver.com/annflia
대구공예학원,5.0,1건,리뷰 5,대구 북구 고성북로 21 2층,(지번) 고성동3가 102-7,053-351-8514,https://www.instagram.com/daegu_dha/
디자인틀,5.0,1건,리뷰 53,대구 남구 대명로20길 55 1층,(지번) 대명동 988-3,010-3853-8321,https://blog.naver.com/design_tl
키큰나무,5.0,1건,리뷰 0,대구 북구 학정동로 69,(지번) 학정동 948-5,010-5453-0052,http://blog.naver.com/kikennamu2
멜리멜로,0.0,0건,리뷰 5,대구 중구 남산로4길 132,(지번) 남산동 232-15,연락처 없음,https://instagram.com/melimelo_ceramic
리즈금속디자인,0.0,0건,리뷰 0,대구 중구 봉산문화길 10 은성빌딩 1층,(지번) 봉산동 219-6,053-252-5008,http://instagram.com/leez.metal
,"D 바름공방 미술,공예",0.0,0건,리뷰 13,(지번) 봉산동 219-6,053-252-5008,https://blog.naver.com/skyyks111/
꾸미네작,0.0,0건,리뷰 0,"대구 달서구 성서로35길 3 1층,4층",(지번) 월암동 1-115,053-246-4587,http://milk0011.blog.me/
논블랙 은공방,0.0,0건,리뷰 25,대구 북구 대현로9길 39 1층,(지번) 대현동 246,연락처 없음,https://www.instagram.com/noneblack_/
리네아손뜨개한옥공방,5.0,1건,리뷰 1,대구 중구 국채보상로 492-30,(지번) 동산동 136,053-252-1541,https://blog.naver.com/lineaknitting/
아트,5.0,2건,리뷰 12,대구 수성구 공경로 70 상가 402동,(지번) 만촌동 605,053-952-5252,http://artbook.itrocks.kr/
도자기공방 노원,5.0,1건,리뷰 2,대구 북구 침산남로 9-3,(지번) 노원동1가 217,연락처 없음,https://blog.naver.com/noonecera
마이온공방,0.0,0건,리뷰 15,대구 북구 복현로 14 1층,(지번) 복현동 361-7,010-9353-1421,https://www.instagram.com/myown.art_/
아가쏘잉,0.0,0건,리뷰 0,대구 달서구 월배로14길 43,(지번) 진천동 628-2,053-633-7975,
모네화,5.0,1건,리뷰 0,대구 달서구 계대동문로 51-1,(지번) 신당동 1786-14,053-583-9923,
황실 생활자수&십자수,0.0,0건,리뷰 0,대구 달서구 당산로 155,(지번) 감삼동 109-8,053-564-0877,
한땀핸즈 수성구점,0.0,0건,리뷰 2,대구 수성구 동대구로45길 9,(지번) 황금동 671-7,010-5355-6230,https://blog.naver.com/dnfls231
십자수 마을 내당점,0.0,0건,리뷰 0,대구 서구 달서로 34,(지번) 내당2.3동 899-23,053-551-9897,
동경비즈 동성로점,0.0,0건,리뷰 0,대구 중구 동성로2길 20 1층,(지번) 삼덕동1가 12-9,070-4652-3769,http://www.tokyobeads.co.kr/
초록도,0.0,0건,리뷰 17,대구 중구 동성로6길 12-3 3층,(지번) 공평동 39,연락처 없음,https://www.instagram.com/chorokdo.green_island/
목공방우드,0.0,0건,리뷰 6,대구 달서구 월배로14길 53 1층,(지번) 진천동 471-19,연락처 없음,http://blog.naver.com/woodclo0202
,D 끌과망치이야기 목공예,0.0,0건,리뷰 2,(지번) 진천동 471-19,연락처 없음,http://www.gglmang.co.kr/
대,0.0,0건,리뷰 0,대구 중구 명덕로 233-1,(지번) 대봉동 710-1,053-254-3600,
초록도,0.0,0건,리뷰 11,대구 동구 동부로34길 15,(지번) 신천동 394-13,연락처 없음,https://blog.naver.com/chorok_do
아크릴장이,0.0,0건,리뷰 0,대구 동구 신덕로 116-21,(지번) 신평동 169-12,053-751-3646,http://blog.daum.net/goodmanhsb
유아마이러브,0.0,0건,리뷰 1,대구 남구 중앙대로30길 56-6,(지번) 봉덕동 591-44,053-751-3646,http://www.instagram.com/yml_official
천연비누랑,0.0,0건,리뷰 0,대구 중구 관덕정길 6-3,(지번) 남산동 942-2,053-422-0628,
클레이팩토리,0.0,0건,리뷰 5,대구 중구 명륜로 147-16,(지번) 봉산동 185-10,053-632-0548,https://blog.naver.com/clayart94
리베센트,0.0,0건,리뷰 2,대구 수성구 만촌로 162-7,(지번) 만촌동 1330-15,연락처 없음,
아뜰리에바시티,0.0,0건,리뷰 1,대구 달서구 월배로24길 94 1층,(지번) 진천동 198-3,010-2652-6705,https://blog.naver.com/danbi2721/
파크드림,0.0,0건,리뷰 0,대구 북구 원대로 130,(지번) 침산동 416-4,053-321-8922,
졸리쥬드,5.0,1건,리뷰 0,대구 남구 앞산순환로87길 31 1층,(지번) 대명동 556-6,연락처 없음,http://jolijud.com/
갤,0.0,0건,리뷰 0,대구 수성구 달구벌대로 2811,(지번) 이천동 54-5,053-791-2131,
스마트액자,5.0,1건,리뷰 0,대구 중구 종로 69,(지번) 대안동 74-3,053-426-8806,
향기공주,0.0,0건,리뷰 2,대구 서구 달서로30길 2-6,(지번) 비산동 434-566,010-9662-6807,https://blog.naver.com/hi-mom/
보보액자,5.0,1건,리뷰 0,대구 중구 태평로 243,(지번) 동인동1가 192-5,053-425-0306,http://boboframe.edenstore.co.kr/
,"D 비누공방 미술,공예",0.0,0건,리뷰 0,(지번) 동인동1가 192-5,053-425-0306,
렌솝,0.0,0건,리뷰 1,대구 수성구 들안로71길 14,(지번) 수성동4가 1027-19,010-6201-4340,https://www.instagram.com/ren_soap23/
슬로우교동,0.0,0건,리뷰 6,대구 중구 교동4길 32,(지번) 완전동 6-12,연락처 없음,https://smartstore.naver.com/slowkyodong/
선화,0.0,0건,리뷰 0,대구 수성구 청호로 248-1,(지번) 황금동 248-3,053-767-3884,
히든스,0.0,0건,리뷰 0,대구 수성구 동대구로74길 71 지하1층,(지번) 범어동 52-8,053-751-5005,http://www.hiddenspace.kr/
무지,0.0,0건,리뷰 0,대구 중구 중앙대로 274,(지번) 남산1동 2108-10,053-421-3343,
야곱,5.0,2건,리뷰 0,대구 동구 반야월북로59길 36,(지번) 신서동 448-3,053-962-8391,
쇼움갤,0.0,0건,리뷰 1,대구 동구 효신로 4,(지번) 효목동 509-10,053-745-9890,
페인팅데이,0.0,0건,리뷰 2,대구 수성구 범어천로 23-5,(지번) 황금동 702-2,연락처 없음,
도공소,0.0,0건,리뷰 9,대구 북구 칠곡중앙대로46길 25 현대전원맨션 상가동 105호,(지번) 태전동 532-1,연락처 없음,https://blog.naver.com/ehfthl0268/
포티아 가죽공방,5.0,3건,리뷰 0,대구 수성구 동대구로80길 50,(지번) 범어동 53-24,연락처 없음,http://blog.naver.com/epunji
헤펠레목공방 대구수목,5.0,1건,리뷰 0,대구 달서구 화암로 327 엘리트빌딩 101호,(지번) 대곡동 1038-2,연락처 없음,http://blog.naver.com/kobo7203
든결목,0.0,0건,리뷰 8,대구 서구 서대구로62길 85-1,(지번) 비산동 1223-1,연락처 없음,http://blog.naver.com/jung601124
신화랑표구사,0.0,0건,리뷰 0,대구 수성구 공경로 77,(지번) 만촌동 444-35,053-741-5512,
무,0.0,0건,리뷰 0,대구 달서구 송현동 2028,,연락처 없음,
,"D 선산액자 액자,표구",0.0,0건,리뷰 0,,연락처 없음,
나무느,0.0,0건,리뷰 9,대구 중구 봉산문화1길 30 2층,(지번) 봉산동 172-21,연락처 없음,https://blog.naver.com/kmj9618007/
해이솝,0.0,0건,리뷰 3,대구 수성구 무학로29길 20,(지번) 지산동 1065-51,연락처 없음,https://blog.naver.com/chsw16
그림그린도자기공방,5.0,1건,리뷰 0,대구 남구 중앙대로32길 100,(지번) 봉덕1동 547-1,053-475-9898,http://cafe.daum.net/paintingdeco
빛,0.0,0건,리뷰 0,대구 수성구 고산로4길 48,(지번) 신매동 600-14,053-791-4463,
민영산업제2공장,0.0,0건,리뷰 0,대구 달성군 유가읍 테크노중앙대로 193,(지번) 유가읍 상리 915-1,053-583-9346,
갤러,0.0,0건,리뷰 0,대구 수성구 무학로11길 48,(지번) 상동 389-9,053-475-6859,http://blog.naver.com/hongpro21c
팔라스가죽공방,0.0,0건,리뷰 0,대구 남구 중앙대로31길 23 1층,(지번) 대명동 181-20,053-475-6859,http://blog.naver.com/pallas_lh
여나캘리그라피,0.0,0건,리뷰 0,대구 북구 대현로19길 72 1층,(지번) 대현동 21-19,053-475-6859,http://instagram.com/yeona_calligraphy
라붐,0.0,0건,리뷰 0,대구 달서구 상원로 143 105동 105호,(지번) 월성동 1300,053-475-6859,https://smartstore.naver.com/labaume
니트바림,0.0,0건,리뷰 1,대구 동구 이노밸리로56길 11-2 1층,(지번) 신서동 1163-3,053-475-6859,http://fishnami.blog.me/
봄의언덕,0.0,0건,리뷰 4,대구 북구 주좌길 12 아진빌 1층,(지번) 학정동 951-5,053-475-6859,http://instagram.com/spring_hill_atelier
천연비누만들기,0.0,0건,리뷰 0,대구 달서구 대명천로 84,(지번) 성당동 395-6,연락처 없음,
스튜디오우리방,0.0,0건,리뷰 1,대구 중구 동성로 8-13,(지번) 동성로3가 118,010-7305-6789,http://www.instagram.com/studio_ourroom
크리도자기,0.0,0건,리뷰 19,대구 동구 둔산로 5 2층,(지번) 방촌동 863-27,연락처 없음,https://blog.naver.com/hjs9264_2
,D 대림목공예 목공예,0.0,0건,리뷰 0,(지번) 방촌동 863-27,053-982-3455,http://www.dl.co.kr/index.html
마리아성물&,0.0,0건,리뷰 0,대구 중구 명륜로12길 35,(지번) 남산동 576-2,053-982-3455,
늬앙스도자기공방,0.0,0건,리뷰 0,대구 남구 안골길 49-1,(지번) 대명동 853-12,010-2383-6126,https://blog.naver.com/intechno
앞산민속품경,0.0,0건,리뷰 0,대구 남구 용두길 53,(지번) 봉덕동 1195-15,연락처 없음,
동양표구액자병풍,0.0,0건,리뷰 0,대구 달서구 두류동 630-115,,연락처 없음,
현아트액자,0.0,0건,리뷰 0,대구 달서구 진천동 49-9,,연락처 없음,
이이요CeramicStudio,0.0,0건,리뷰 1,대구 수성구 청호로85안길 35,(지번) 범어동 65-54,연락처 없음,
일인칭,0.0,0건,리뷰 1,대구 서구 서대구로42길 69,(지번) 평리동 707-30,연락처 없음,https://blog.naver.com/ilinching
민들레공방,0.0,0건,리뷰 0,대구 달성군 구지면 과학마을로1길 17,(지번) 구지면 응암리 1194-11,010-7173-9215,
만들고닷컴,0.0,0건,리뷰 0,대구 동구 반야월북로 64,(지번) 율암동 359-7,053-964-8981,http://www.mandlgo.com/
마리공방,0.0,0건,리뷰 8,대구 달서구 구마로52안길 86 1층,(지번) 송현동 102-15,053-964-8981,https://marigongbang.modoo.at/
투유갤러리,5.0,2건,리뷰 28,대구 남구 명덕로 126 1층,(지번) 대명동 1890-2,053-625-4272,http://framestory.kr/
도예공방 굄,0.0,0건,리뷰 0,대구 북구 학정동로 42-21,(지번) 학정동 973-7,053-625-4272,https://instagram.com/pottery_goem
상명뜨개방,5.0,1건,리뷰 0,대구 수성구 수성로 412,(지번) 수성동4가 1090-6,053-752-5313,
커들포드샵,0.0,0건,리뷰 0,대구 중구 대봉로 267,(지번) 봉산동 185-8,연락처 없음,
민정글씨,0.0,0건,리뷰 0,대구 달서구 당산동2길 32,(지번) 성당동 702-15,연락처 없음,https://blog.naver.com/manjaku
소피에뜰,0.0,0건,리뷰 0,대구 수성구 달구벌대로496길 19-6 1층,(지번) 범어동 256-13,연락처 없음,
한성액자,0.0,0건,리뷰 0,대구 수성구 만촌로 46,(지번) 만촌동 1007-5,053-791-5756,http://ok114.co.kr/0537915756
헤이밋공방,0.0,0건,리뷰 0,대구 남구 명덕로20길 129-1,(지번) 대명동 2143-11,0507-1310-5096,https://blog.naver.com/wwdkfma
모든액자,0.0,0건,리뷰 0,대구 달서구 이곡서로 35 지하1층,(지번) 이곡2동 1212,053-593-5990,
대림목공예전시장,0.0,0건,리뷰 0,대구 동구 팔공로24길 65,(지번) 도동 978-120,053-982-3455,
굿밤,0.0,0건,리뷰 2,대구 중구 종로 20 102호,(지번) 종로2가 76-1,053-982-3455,https://goodbomb.co.kr/
동,0.0,0건,리뷰 0,대구 동구 신암남로28길 80-16,(지번) 신암동 362-5,연락처 없음,
영일리본,0.0,0건,리뷰 0,대구 북구 공평로 131,(지번) 칠성동2가 302-96,053-427-7563,
스튜디오플로레세르,0.0,0건,리뷰 0,대구 수성구 청수로25길 48-5,(지번) 황금동 865-1,연락처 없음,
토산도예원,0.0,0건,리뷰 0,대구 수성구 신매로6길 8-9,(지번) 신매동 589-7,연락처 없음,
윙스세라믹,0.0,0건,리뷰 2,대구 달서구 조암로 9 S테라스 빌딩,(지번) 월성동 1857,053-292-5678,http://blog.naver.com/pandy104
어사당필,0.0,0건,리뷰 0,대구 중구 달구벌대로 2109-27,(지번) 덕산동 125-3,연락처 없음,
다&다액자제작,0.0,0건,리뷰 0,대구 중구 관덕정길 27,(지번) 남산동 628-5,053-253-3154,
액자촌,0.0,0건,리뷰 0,대구 중구 명륜로23길 101,(지번) 남산동 911-5,053-421-5881,
,"D 스티치앤트립 수예,자수",5.0,1건,리뷰 1,(지번) 남산동 911-5,053-421-5881,https://riasee.com/
레더키메라,0.0,0건,리뷰 2,대구 중구 경상감영길 117-20 2층,(지번) 향촌동 10-8,010-7712-5203,http://blog.naver.com/ldchimera
느낌액자,0.0,0건,리뷰 0,대구 중구 동덕로 23-1 1층,(지번) 대봉동 123-18,010-5155-4429,http://www.59am.co.kr/
문화창조놀이터ETC,0.0,0건,리뷰 1,대구 중구 경상감영길 39,(지번) 서문로1가 11-8,053-217-3900,http://www.etccoop.com/
홈,0.0,0건,리뷰 0,대구 수성구 범안로3길 77 지하,(지번) 지산동 1212-10,053-421-9913,http://homnchok.com/
레브쥬,0.0,0건,리뷰 4,대구 북구 학정동로 73 1층,(지번) 학정동 948-3,010-3825-9098,https://www.instagram.com/revejou
예송,0.0,0건,리뷰 1,대구 중구 봉산문화길 56,(지번) 봉산동 222-51,053-426-1515,
뽀솝,0.0,0건,리뷰 6,대구 중구 국채보상로149길 82-1,(지번) 동인동3가 320-7,010-2790-0300,https://www.instagram.com/bboosoap/
하얀소나무,0.0,0건,리뷰 1,대구 달서구 상화북로 78-5 1층,(지번) 상인동 1458-17,010-8709-8179,https://blog.naver.com/b2yanso
미온,5.0,1건,리뷰 0,대구 달서구 죽전4길 99,(지번) 감삼동 32-19,0507-1309-9267,
우경액자표구,0.0,0건,리뷰 0,대구 수성구 달구벌대로 3082-4,(지번) 시지동 251-33,053-794-8983,
이태활,0.0,0건,리뷰 0,대구 달서구 송현로7길 37 2층,(지번) 상인동 871-1,연락처 없음,
7월 나무,0.0,0건,리뷰 0,대구 수성구 청솔로 4 1층,(지번) 황금동 764-11,연락처 없음,https://www.instagram.com/july_wood_/
예솜 천연염색연구,5.0,2건,리뷰 0,대구 남구 양지로 60,(지번) 대명동 3000-1,053-652-9523,
리네아뜨개,0.0,0건,리뷰 0,대구 중구 국채보상로 492-30,(지번) 동산동 136,연락처 없음,
사이에,0.0,0건,리뷰 2,대구 중구 북성로 102 1층,(지번) 북성로1가 74,연락처 없음,http://inbtwn.kr/
나라의캘리그라피,5.0,1건,리뷰 0,대구 달서구 명덕로 15 1층,(지번) 두류동 1192-66,070-8384-0796,http://naracnd.com/
수프레임,0.0,0건,리뷰 0,대구 서구 원대로 39-10,(지번) 원대동1가 18-3,053-984-6631,https://suframe.modoo.at/
성지하,0.0,0건,리뷰 0,대구 달서구 구마로 193,(지번) 성당동 825-16,연락처 없음,
필승사,0.0,0건,리뷰 0,대구 중구 국채보상로143길 69,(지번) 동인동3가 271-30,053-255-1900,
향기나는공방,0.0,0건,리뷰 1,대구 달서구 성서동로 355-20,(지번) 이곡동 1300-1,연락처 없음,
쥬트아뜰리에 대구점,0.0,0건,리뷰 0,대구 수성구 들안로1길 25 1층,(지번) 상동 408-1,053-568-0033,http://zutkorea.com/
가죽공방 수미워크룸,0.0,0건,리뷰 0,대구 중구 경상감영길 229 2층,(지번) 동문동 4-9,053-568-0033,http://www.instagram.com/oh_sumi
비오토프갤러리,0.0,0건,리뷰 0,대구 달서구 달구벌대로378길 99 1층,(지번) 두류동 1185-30,연락처 없음,https://instagram.com/biotope_gallery.official
비즈케슬,0.0,0건,리뷰 0,대구 중구 큰장로28길 44,(지번) 대신동 115-153,053-257-3212,
포스테크아이엔씨,0.0,0건,리뷰 0,대구 달성군 다사읍 강정본길 68-10,(지번) 다사읍 죽곡리 702-4,053-581-0811,
가죽공방땀,0.0,0건,리뷰 0,대구 수성구 무학로37길 47,(지번) 지산동 1023-4,연락처 없음,
황실유럽십자수 쌍둥이,0.0,0건,리뷰 0,대구 동구 아양로50길 94,(지번) 효목동 120-53,연락처 없음,
참샘아트,0.0,0건,리뷰 0,대구 북구 태암남로 29-1,(지번) 구암동 670-10,053-323-3385,http://www.frame114.com/
포토마트,0.0,0건,리뷰 0,대구 북구 노원로 209,(지번) 침산동 848-1,연락처 없음,
,"D 가죽공방9525 미술,공예",0.0,0건,리뷰 4,(지번) 침산동 848-1,연락처 없음,https://blog.naver.com/cuoio9525/
아프로,5.0,1건,리뷰 0,대구 남구 대명로 242,(지번) 대명동 521-9,053-624-0571,
송명수,0.0,0건,리뷰 0,대구 남구 대명남로 189,(지번) 대명동 674-6,053-651-3720,
뜨개사랑바이양쌤,0.0,0건,리뷰 0,대구 남구 두류공원로5길 56-2,(지번) 대명동 1645-14,연락처 없음,
라온제이가죽공방,0.0,0건,리뷰 0,대구 달서구 달구벌대로323길 23 솔향기 1층상가,(지번) 감삼동 44-15,010-4779-7767,http://blog.naver.com/johyerim-_-
레브쥬캔들,0.0,0건,리뷰 2,대구 중구 명덕로65길 42,(지번) 대봉동 121-93,010-4779-7767,https://www.instagram.com/revejou/
예하공방&도자기카페,5.0,1건,리뷰 0,대구 달성군 다사읍 대실역북로 80,(지번) 다사읍 매곡리 1534-12,053-583-4933,
세진수예침장,0.0,0건,리뷰 0,대구 서구 큰장로 49,(지번) 내당2.3동 983-17,053-254-0737,
몽마,0.0,0건,리뷰 1,대구 수성구 무학로 42,(지번) 상동 468-2,연락처 없음,http://www.mongma.com/
로비니,0.0,0건,리뷰 9,대구 남구 현충로18길 12,(지번) 대명동 350-1,010-2837-2346,http://www.robini.co.kr/
도함도,0.0,0건,리뷰 0,대구 동구 팔공로220길 53,(지번) 백안동 123,연락처 없음,http://www.instagram.com/do_hamyo/
유럽십자수,0.0,0건,리뷰 0,대구 북구 학정동로 69,(지번) 학정동 948-5,연락처 없음,
프롬지캔들,0.0,0건,리뷰 3,대구 남구 성당로46길 80-2 1층,(지번) 대명동 2239-32,010-9467-0425,https://blog.naver.com/fromji_candle/
키다리,0.0,0건,리뷰 5,대구 동구 신서로21길 3-5,(지번) 각산동 1106-2,010-9467-0425,http://www.kidarigallery.com/
스튜디오올굿띵스,5.0,1건,리뷰 0,대구 중구 봉산문화길 19 2층,(지번) 봉산동 217-5,연락처 없음,
진 표구액자,0.0,0건,리뷰 0,대구 동구 동부로5길 42,(지번) 신천동 534,053-427-6767,
프린트그라운드,0.0,0건,리뷰 0,대구 중구 문우관길 19 2층,(지번) 남산동 568-20,053-427-6767,http://printground.co.kr/
을,0.0,0건,리뷰 0,대구 남구 이천로 134,(지번) 이천동 414-6,053-474-4888,http://www.eul-gallery.com/
라븐,0.0,0건,리뷰 2,대구 달서구 장기로38길 6,(지번) 감삼동 317-13,053-474-4888,https://blog.naver.com/laven_aroma
아베크라룬,5.0,1건,리뷰 18,대구 수성구 범어로18길 86 1층,(지번) 범어동 65-25,연락처 없음,http://blog.naver.com/rlathgml0224
늘품체험공방,0.0,0건,리뷰 0,대구 북구 호암로 51 삼성창조캠퍼스 기숙사 B동 창작아티스트센터 104호,(지번) 침산동 1759,0507-1404-9746,http://www.ddghope.co.kr/
고,0.0,0건,리뷰 0,대구 남구 이천로28길 2,(지번) 이천동 414-3,053-943-2261,
053사진액자,0.0,0건,리뷰 0,대구 중구 동덕로36길 6,(지번) 동인동2가 113-4,053-426-0530,http://my053.com/
아브니르,0.0,0건,리뷰 0,대구 남구 중앙대로31길 207 2층,(지번) 대명동 1923-3,연락처 없음,https://blog.naver.com/avenir_atelier/
상인화랑표구사,0.0,0건,리뷰 0,대구 달서구 상원로 52,(지번) 상인동 1431-11,053-633-6564,
아미블로썸,0.0,0건,리뷰 0,대구 달성군 화원읍 화원로1길 32,(지번) 화원읍 천내리 27-4,010-4339-1080,https://blog.naver.com/army-gongbang
,5.0,1건,리뷰 0,대구 남구 명덕로40길 79,(지번) 대명동 1794-11,053-621-3115,http://jinhwabang.igweb.kr/
궁전표구사,0.0,0건,리뷰 0,대구 달서구 월배로 29,(지번) 유천동 366-7,053-633-6150,
케이크,0.0,0건,리뷰 0,대구 달서구 호산동로35북길 99,(지번) 호산동 371-8,연락처 없음,
그린홈,0.0,0건,리뷰 0,대구 수성구 신매로16길 16-8,(지번) 신매동 577-4,연락처 없음,
,D 명품아트 안남숙갤러리 화랑,0.0,0건,리뷰 0,(지번) 신매동 577-4,연락처 없음,http://www.ahnart.com/
크리몽,0.0,0건,리뷰 0,대구 중구 교동4길 33-18,(지번) 동문동 4-19,연락처 없음,https://www.crimont.com/
나,0.0,0건,리뷰 0,대구 달서구 용산큰못2길 21,(지번) 용산동 921-14,연락처 없음,
갤러리,0.0,0건,리뷰 4,대구 중구 봉산문화길 60,(지번) 봉산동 222-34,연락처 없음,http://www.galleryjone.com/
지오,0.0,0건,리뷰 0,대구 달성군 화원읍 명천로21길 17,(지번) 화원읍 천내리 541-1,053-294-0015,http://blog.naver.com/gowood701
예전표구사,0.0,0건,리뷰 0,대구 중구 명륜로 128-3 1층,(지번) 대봉동 724-15,053-424-8247,http://yejoen.mobizio.kr/
,0.0,0건,리뷰 0,대구 수성구 고산로4안길 64,(지번) 신매동 608-7,연락처 없음,
갤러리위,0.0,0건,리뷰 0,대구 달서구 상인로 27,(지번) 상인동 1578-4,연락처 없음,
투제이아틀리에,0.0,0건,리뷰 7,대구 남구 대봉로26길 18,(지번) 이천동 255-16,010-2379-3086,
태화TEXT,0.0,0건,리뷰 0,대구 달서구 달구벌대로 1834,(지번) 두류1.2동 87-36,053-650-6072,
목련작업실,0.0,0건,리뷰 0,대구 달서구 야외음악당로39서길 22 상가 102호,(지번) 두류동 611-12,연락처 없음,http://www.instgram.com/qorrn2011
동산수예,0.0,0건,리뷰 0,대구 중구 큰장로 36,(지번) 대신동 1264,053-256-9191,
대구실사랑,0.0,0건,리뷰 0,대구 수성구 고산로4안길 71,(지번) 신매동 606-15,연락처 없음,
몰타공방,0.0,0건,리뷰 0,대구 동구 송라로 14,(지번) 신천동 778-10,010-4884-6372,
황실유럽자수,0.0,0건,리뷰 0,대구 수성구 신매로16길 46,(지번) 신매동 573,053-793-0530,
,"D 구름가죽공방 미술,공예",0.0,0건,리뷰 0,(지번) 신매동 573,053-793-0530,
도자기공방 수작,0.0,0건,리뷰 0,대구 달성군 다사읍 대실역북로2길 115 1층,(지번) 다사읍 매곡리 1530-7,053-585-9832,http://blog.naver.com/soojak79
영웅컴퓨터자수,5.0,1건,리뷰 0,대구 서구 국채보상로48길 20-9 1층,(지번) 평리동 1341-6,053-557-7098,
향연캔들 대구점,0.0,0건,리뷰 0,대구 수성구 동대구로38안길 36,(지번) 범어동 687-14,연락처 없음,
헤펠레목,0.0,0건,리뷰 1,대구 동구 화랑로 356 1층,(지번) 방촌동 1084-201,010-6333-0101,https://blog.naver.com/ccc6k5vuo
동,0.0,0건,리뷰 3,대구 중구 봉산문화길 42,(지번) 봉산동 223-16,053-423-1300,
갤,0.0,0건,리뷰 0,대구 수성구 들안로28길 24-14,(지번) 황금동 873-4,연락처 없음,
제이든목,0.0,0건,리뷰 0,대구 수성구 지범로46길 5,(지번) 범물동 466,연락처 없음,https://www.instagram.com/jaydenwws/
타임,0.0,0건,리뷰 0,대구 동구 반야월로22길 12,(지번) 율하동 130-20,053-966-3235,
올렌티아,0.0,0건,리뷰 23,대구 동구 팔공로 260 협성휴포레 109동상가 2층,(지번) 봉무동 1537,010-4915-2487,https://blog.naver.com/olentia_sjin/
도자기작업실 공일이삼,0.0,0건,리뷰 0,대구 동구 율하동로10길 18-1 1층,(지번) 율하동 1516,010-5554-6418,https://www.instagram.com/0123_pottery
더,0.0,0건,리뷰 0,대구 수성구 국채보상로209길 48,(지번) 만촌동 655-26,연락처 없음,
태광스틸스크랩,0.0,0건,리뷰 0,대구 달서구 성서동로 23,(지번) 월암동 925-7,053-592-5213,
윤드림,0.0,0건,리뷰 0,대구 중구 서성로 44,(지번) 서성로2가 13-5,연락처 없음,
한양액자,5.0,1건,리뷰 0,대구 중구 태평로51길 5-9,(지번) 동인동1가 377-2,053-428-1216,
,"D 덕산공방 미술,공예",0.0,0건,리뷰 0,(지번) 동인동1가 377-2,053-428-1216,
유진뜨개방,0.0,0건,리뷰 0,대구 북구 칠성남로 12,(지번) 고성동1가 152-7,053-353-6647,
현아트액자,5.0,1건,리뷰 0,대구 북구 중앙대로 512,(지번) 칠성동2가 333-7,053-351-7039,
보문사경,0.0,0건,리뷰 0,대구 중구 명덕로55길 11,(지번) 대봉동 162-31,연락처 없음,
류태열사진,5.0,1건,리뷰 1,대구 중구 서성로 34-1,(지번) 남성로 5,010-5546-2517,https://blog.naver.com/rty0102
크라메,3.0,1건,리뷰 0,대구 남구 현충로 208 크라메빌딩,(지번) 대명동 1921-11,053-623-2408,http://crama.dmax.kr/
마틸다포슬린,0.0,0건,리뷰 0,대구 수성구 동원로2길 4 1층,(지번) 만촌동 1033-12,053-287-6026,http://blog.naver.com/matilda_s
주기밍,0.0,0건,리뷰 2,대구 수성구 무학로35길 102-4 에펠빌 1층,(지번) 지산동 1018-7,010-9569-3305,https://smartstore.naver.com/jugiming
색실공작소,0.0,0건,리뷰 0,대구 북구 동암로38길 9-38 1층,(지번) 구암동 779-3,010-7653-7234,https://blog.naver.com/npoodle
공방갤러리나비,0.0,0건,리뷰 0,대구 서구 국채보상로 421,(지번) 비산동 151-21,연락처 없음,
딜쿠샤캔들,0.0,0건,리뷰 3,대구 북구 침산로22길 31,(지번) 침산동 105-73,연락처 없음,http://storefarm.naver.com/boriya/
대구안혜윤포슬린아틀리에,0.0,0건,리뷰 0,대구 수성구 달구벌대로492길 48,(지번) 범어동 138-2,010-4524-5699,http://blog.naver.com/jungdam_susung
문풍지한지공,0.0,0건,리뷰 0,대구 중구 달구벌대로 지하 2160 메트로프라자 F236,(지번) 봉산동 127-1,010-4524-5699,https://moonpoongji.modoo.at/
예림뜨개방,0.0,0건,리뷰 0,대구 달서구 장기로 242,(지번) 감삼동 521,053-553-1603,
배가,0.0,0건,리뷰 0,대구 남구 용두길 25,(지번) 봉덕동 1206-2,연락처 없음,http://baegasangja.co.kr/
,D 환갤러리 화랑,0.0,0건,리뷰 0,(지번) 봉덕동 1206-2,연락처 없음,
도서관옆공방,0.0,0건,리뷰 0,대구 서구 국채보상로49길 9,(지번) 평리동 1090-9,053-522-2644,
마벨블랑,5.0,1건,리뷰 2,대구 남구 명덕로64길 43-4 상가19,(지번) 이천동 203-5,053-295-8900,http://www.mabelblanc.com/
비케이갤러리,5.0,2건,리뷰 0,대구 남구 명덕로 204,(지번) 대명동 2032-5,053-476-8484,http://blog.naver.com/jpsjmk
편지,0.0,0건,리뷰 0,대구 달서구 진천로9길 88,(지번) 진천동 683-13,연락처 없음,
벨루어,0.0,0건,리뷰 4,대구 서구 달서로5길 26 1층,(지번) 내당동 918-15,0507-1439-8883,https://www.instagram.com/craft.velour/
샨티캐,5.0,1건,리뷰 2,대구 중구 동덕로8길 26-17,(지번) 대봉동 31-74,연락처 없음,
이레생활도자기,0.0,0건,리뷰 0,대구 달서구 새동네로 81-11,(지번) 용산동 427-4,연락처 없음,https://www.facebook.com/erae.ceramic.art/
올댓,0.0,0건,리뷰 0,대구 동구 반야월북로 339-6 1층,(지번) 괴전동 117-49,연락처 없음,http://m.blog.naver.com/crom5449
갤러리중앙,0.0,0건,리뷰 0,대구 중구 봉산문화길 69,(지번) 봉산동 110,053-425-0809,
헤펠레목공방 대구화,0.0,0건,리뷰 0,대구 달성군 화원읍 비슬로479길 6-5,(지번) 화원읍 설화리 800,053-634-3361,
소나무,0.0,0건,리뷰 0,대구 중구 봉산문화길 14,(지번) 봉산동 218-8,053-423-1186,
꽃비가죽공방,0.0,0건,리뷰 0,대구 수성구 고산로4길 92-3,(지번) 신매동 603-2,053-423-1186,
영진수예,0.0,0건,리뷰 0,대구 서구 달서로4길 37,(지번) 내당동 976-10,053-571-1969,
행복목,0.0,0건,리뷰 0,대구 북구 동암로38길 19-33,(지번) 구암동 779-6,연락처 없음,
,0.0,0건,리뷰 0,대구 동구 팔공산로 886,(지번) 신무동 649-1,연락처 없음,
다연도예,0.0,0건,리뷰 0,대구 달성군 화원읍 성암로2길 26,(지번) 화원읍 본리리 125-6,053-639-2713,
성림뜨개방,0.0,0건,리뷰 0,대구 달서구 서당로 57,(지번) 신당동 1731,053-581-7415,
송즈퀼트,0.0,0건,리뷰 0,대구 수성구 청수로35길 131,(지번) 황금동 410,053-768-9088,
달구벌공,0.0,0건,리뷰 0,대구 동구 공항로33길 11,(지번) 불로동 832-8,053-985-0290,
열린기획,0.0,0건,리뷰 0,대구 달성군 다사읍 서재로 65,(지번) 다사읍 서재리 420,053-585-5817,
행복뜨개공방,0.0,0건,리뷰 0,대구 동구 아양로39길 40,(지번) 신암동 61-11,연락처 없음,
three small pocket,0.0,0건,리뷰 6,대구 수성구 교학로4길 22,(지번) 만촌동 858-7,연락처 없음,https://m.blog.naver.com/yyyoungni?suggestAddBuddy=true
윈느아뜰리에,0.0,0건,리뷰 2,대구 북구 동변로23길 5 1층 102호,(지번) 동변동 664-1,연락처 없음,https://blog.naver.com/uneatelier/
갤러,0.0,0건,리뷰 0,대구 중구 봉산문화길 34,(지번) 봉산동 223-27,연락처 없음,http://www.gallerysoheon.com/
진진목,0.0,0건,리뷰 1,대구 서구 통학로15길 21 1층,(지번) 평리동 1199-13,010-8865-1477,https://blog.naver.com/jinjintree/
네모속풍경,0.0,0건,리뷰 0,대구 중구 국채보상로 710-1,(지번) 동인동4가 314,053-425-7887,
옥이공방,0.0,0건,리뷰 0,대구 달서구 상화로21길 30,(지번) 진천동 326,연락처 없음,
앨리스앤,5.0,1건,리뷰 5,대구 수성구 달구벌대로650길 97-2 1층,(지번) 욱수동 227-17,연락처 없음,http://blog.naver.com/alicenjj
우드,0.0,0건,리뷰 0,대구 남구 성당로 250,(지번) 대명3동 2296-19,053-634-0645,http://cafe.daum.net/dwoodschool
토담도,0.0,0건,리뷰 0,대구 수성구 무학로35길 28,(지번) 지산1동 1030-2,연락처 없음,
려은한지공예,0.0,0건,리뷰 0,대구 중구 동성로12길 51,(지번) 문화동 10-33,연락처 없음,
충남공예사 제1,0.0,0건,리뷰 0,대구 북구 칠성시장로 107,(지번) 칠성동2가 400-74,053-424-2998,
수아재,0.0,0건,리뷰 0,대구 북구 성북로5길 20-17,(지번) 침산동 508-24,070-4100-3800,
대,0.0,0건,리뷰 0,대구 중구 서성로2가 13-4,,연락처 없음,
제이아로마,0.0,0건,리뷰 3,대구 중구 태평로 198 2층,(지번) 태평로1가 19-5,053-752-0988,https://blog.naver.com/2005you
캔들팩토리,0.0,0건,리뷰 0,대구 북구 칠성로 63-1,(지번) 칠성동2가 350-11,053-358-8245,http://candle-factory.co.kr/
태광아크릴,1.0,1건,리뷰 0,대구 동구 공항로 271,(지번) 지저동 789-3,053-358-8245,http://www.acryl-shop.net/
데일리,0.0,0건,리뷰 0,대구 달성군 옥포읍 옥계길 24,(지번) 옥포읍 본리리 850-6,연락처 없음,https://blog.naver.com/dailywood
신일옹,0.0,0건,리뷰 0,대구 중구 태평로1가 23-15,(지번) 옥포읍 본리리 850-6,연락처 없음,
캐서린가죽공방,0.0,0건,리뷰 0,대구 동구 팔공로51길 21 B-16호,(지번) 봉무동 1542-2,연락처 없음,https://blog.naver.com/hlove517/
이안창의센터,0.0,0건,리뷰 0,대구 서구 국채보상로50길 50-36,(지번) 평리동 1318-24,053-557-0446,
청,5.0,1건,리뷰 0,대구 달성군 현풍읍 현풍서로 13,(지번) 현풍읍 원교리 1115,053-614-9477,http://blog.daum.net/ds5vbx
호산나성물공방,0.0,0건,리뷰 0,대구 중구 서성로 31 1층,(지번) 계산동1가 56-2,연락처 없음,
오름공방,0.0,0건,리뷰 0,대구 북구 침산로 194-2,(지번) 침산동 531-7,연락처 없음,
,"D 샤르망캔들 미술,공예",0.0,0건,리뷰 6,(지번) 침산동 531-7,연락처 없음,http://c-candle.com/
상상나무작,0.0,0건,리뷰 1,대구 중구 봉산문화1길 32,(지번) 봉산동 172-21,연락처 없음,http://blog.naver.com/klosc
그루,0.0,0건,리뷰 0,대구 중구 중앙대로67길 32,(지번) 남산동 632-19,053-421-6959,
대구액자,0.0,0건,리뷰 0,대구 중구 명륜로 60,(지번) 남산동 614-24,053-257-0636,
황실유럽자수,0.0,0건,리뷰 0,대구 서구 국채보상로50길 65,(지번) 평리동 1228-1,053-571-0877,
오잉(OHING),0.0,0건,리뷰 0,대구 중구 봉산문화2길 42-8,(지번) 봉산동 136-56,연락처 없음,
대구도예재료상사,0.0,0건,리뷰 0,대구 서구 와룡로70길 72,(지번) 중리동 1137-3,053-555-6552,
더쿠스튜디오,0.0,0건,리뷰 0,대구 달서구 상화북로 28 행복빌 1층,(지번) 진천동 809-16,010-9365-8816,https://es-la.facebook.com/thecoostudio.kr/
연,0.0,0건,리뷰 0,대구 중구 이천로 229-12,(지번) 봉산동 221-5,053-423-3202,
속닥속닥도자기공방,0.0,0건,리뷰 0,대구 북구 동암로38길 9,(지번) 구암동 775-6,연락처 없음,
아델레제이,0.0,0건,리뷰 11,대구 중구 공평로 79 3층,(지번) 동문동 10-4,053-253-4892,http://blog.naver.com/adelej_candle
동백꽃상점,0.0,0건,리뷰 1,대구 북구 침산남로37길 24,(지번) 침산동 123-2,연락처 없음,https://blog.naver.com/akaitsubaki
마이문,5.0,1건,리뷰 0,대구 달성군 논공읍 달성군청로 50 가온마루 3층,(지번) 논공읍 금포리 1354,연락처 없음,http://instagram.com/my_moon_candle
해피손뜨게방,0.0,0건,리뷰 0,대구 북구 팔거천동로4길 41-1,(지번) 구암동 692-15,053-324-2540,
포레스트공방,0.0,0건,리뷰 0,대구 달서구 야외음악당로47길 92,(지번) 두류동 137-9,010-4533-8880,http://blog.naver.com/jsh_1101
,"D 진영모사 수예,자수",0.0,0건,리뷰 0,(지번) 두류동 137-9,010-4533-8880,
행복한미싱,0.0,0건,리뷰 0,대구 수성구 신매로16길 16-11,(지번) 신매동 576-9,053-793-2525,
대진표구화방 재료백화점,0.0,0건,리뷰 0,대구 중구 명륜로 104,(지번) 남산동 735-17,053-423-2626,
오니,0.0,0건,리뷰 0,대구 중구 남산로2길 48 1층,(지번) 남산동 2119-10,연락처 없음,https://blog.naver.com/oneyoney
뽀미네,0.0,0건,리뷰 0,대구 달성군 가창면 헐티로3길 6-1,(지번) 가창면 정대리 716,053-291-8447,http://blog.naver.com/jiye972000
동구공예전시장,0.0,0건,리뷰 0,대구 동구 팔공로30길 7-2,(지번) 불로동 477-1,053-981-1917,
나비레진,0.0,0건,리뷰 5,대구 서구 북비산로57길 20 2층,(지번) 비산동 790-101,연락처 없음,https://blog.naver.com/naviresin
삼원종합액자,0.0,0건,리뷰 0,대구 남구 대봉로19길 28-2,(지번) 이천동 517-33,053-476-8959,
성우가죽공예,0.0,0건,리뷰 0,대구 중구 명덕로55길 25,(지번) 대봉동 152-24,연락처 없음,
손가네 목,0.0,0건,리뷰 0,대구 달성군 화원읍 성천로 39,(지번) 화원읍 성산리 705-1,연락처 없음,
021갤러리,0.0,0건,리뷰 1,대구 수성구 수성로25길 5,(지번) 상동 84,053-763-0217,
퀼트가게,0.0,0건,리뷰 0,대구 중구 큰장로28길 28 4지구 1층 501호,(지번) 대신동 115-377,053-256-6061,http://www.quiltgage.com/
삼성산업,0.0,0건,리뷰 0,대구 달성군 논공읍 논공로 396-17,(지번) 논공읍 본리리 103-40,053-616-2511,
바비뜨개방,0.0,0건,리뷰 0,대구 남구 대명로20길 66-1,(지번) 대명동 1038-4,연락처 없음,
갤러,0.0,0건,리뷰 0,대구 수성구 지범로22길 20,(지번) 지산동 1272-3,연락처 없음,
뚝딱마녀,0.0,0건,리뷰 0,대구 달서구 달구벌대로301길 97 1층,(지번) 용산동 954-15,070-7583-9703,
디자인부띠끄쏭지,0.0,0건,리뷰 0,대구 동구 동부로30길 81,(지번) 신천동 346-15,연락처 없음,
토닮공예,0.0,0건,리뷰 4,대구 북구 성북로5길 10 1층,(지번) 침산동 479-33,연락처 없음,
쓰임팩,0.0,0건,리뷰 0,대구 달서구 달구벌대로 1734,(지번) 두류동 487-7,010-5005-2213,http://blog.naver.com/jinizoara
인형마루,0.0,0건,리뷰 0,대구 달서구 새동네로13길 21,(지번) 용산동 421-26,연락처 없음,
오감액자,0.0,0건,리뷰 0,대구 중구 동덕로 23-1 1층,(지번) 대봉동 123-18,0507-554-7040,http://dg59am.modoo.at/
글쟁이POP출력소,0.0,0건,리뷰 9,대구 북구 침산남로31길 18,(지번) 침산동 134-7,010-6697-7763,https://www.instagram.com/writer_bling/
OD목,0.0,0건,리뷰 1,대구 수성구 달구벌대로456길 6-5,(지번) 수성동1가 93-6,연락처 없음,https://blog.naver.com/dkcl9656/
뜨개사랑방,0.0,0건,리뷰 0,대구 북구 태전로7길 10-17,(지번) 태전동 256-1,053-321-9013,
예다움공방,0.0,0건,리뷰 1,대구 동구 경대로 46-1 2층,(지번) 신암동 705-40,053-321-9013,
비케이갤러리,0.0,0건,리뷰 0,대구 중구 동덕로30길 63-12,(지번) 동인동4가 242,010-4520-9961,
늘솜문화센터,0.0,0건,리뷰 0,대구 중구 서성로 58 서일빌딩 5층,(지번) 서성로1가 103-5,053-642-9380,http://cafe.daum.net/onoffing
앤공방,0.0,0건,리뷰 0,대구 수성구 수성로70길 35-4,(지번) 수성동2가 46-1,053-745-0389,
온누리공예공방,0.0,0건,리뷰 0,대구 수성구 무학로27길 54,(지번) 지산동 1003-6,연락처 없음,
요요작업실,0.0,0건,리뷰 0,대구 북구 동암로37길 20,(지번) 국우동 1089-1,053-262-1983,http://blog.naver.com/prologue/PrologueList.nhn?blogId=shinjy201&parentCategoryNo=17
,D 신미화랑 화랑,0.0,0건,리뷰 0,(지번) 국우동 1089-1,053-262-1983,
두루미,0.0,0건,리뷰 0,대구 수성구 천을로 180 동서1차상가,(지번) 매호동 1040,053-791-6448,http://www.durum.co.kr/
성,0.0,0건,리뷰 0,대구 남구 이천로 136-1,(지번) 이천동 408-10,053-474-1353,
동아유리거울,0.0,0건,리뷰 0,대구 남구 관문시장1길 23,(지번) 대명11동 1185-4,연락처 없음,
터치,0.0,0건,리뷰 0,대구 수성구 화랑로 102 3층,(지번) 만촌동 1328-13,010-9869-3366,https://blog.naver.com/yuesee
이음도예공,0.0,0건,리뷰 0,대구 수성구 범안로3길 37,(지번) 범물동 1339-6,연락처 없음,
헤이나 아틀리에,0.0,0건,리뷰 0,대구 북구 대학로23길 25-4 1층,(지번) 산격동 1331-9,053-965-8209,http://heyna.co.kr/
송하요,0.0,0건,리뷰 0,대구 달서구 송현로 12,(지번) 송현동 1950-6,연락처 없음,
진아트 아크릴액자,5.0,1건,리뷰 0,대구 수성구 희망로19길 28,(지번) 중동 536-1,연락처 없음,
스타일손뜨개,5.0,1건,리뷰 1,대구 수성구 신매로16길 37,(지번) 신매동 572-9,053-794-2645,http://blog.naver.com/kmo9536
껀수캘리,0.0,0건,리뷰 2,대구 달서구 상화북로 222,(지번) 상인동 1547-2,연락처 없음,https://blog.naver.com/jung6326/
성지갤,0.0,0건,리뷰 0,대구 수성구 시지로14길 63,(지번) 시지동 494-9,연락처 없음,
토모이야기,0.0,0건,리뷰 0,대구 달성군 다사읍 대실역북로4길 12 101호,(지번) 다사읍 매곡리 1527-2,070-7804-8162,http://www.tomotrade.co.kr/
모모공방,0.0,0건,리뷰 1,대구 달서구 와룡로41길 20 1층,(지번) 죽전동 266-9,070-7804-8162,http://blog.naver.com/momosangjeom/
수현한지공예,0.0,0건,리뷰 0,대구 남구 성당시장길 9,(지번) 대명동 3042-41,연락처 없음,
앤공작소,0.0,0건,리뷰 0,대구 북구 학정동로 42-9,(지번) 학정동 972-1,연락처 없음,
태성로타리연마,0.0,0건,리뷰 0,대구 달서구 성서공단로51길 48,(지번) 장동 386-8,053-581-3764,
업사이클링공예학원,0.0,0건,리뷰 0,대구 중구 중앙대로 459-1,(지번) 북성로1가 81-6,070-8261-6816,http://blog.naver.com/upcyclingart
세컨글로우,0.0,0건,리뷰 2,대구 남구 명덕로20길 129-1,(지번) 대명동 2143-11,연락처 없음,https://blog.naver.com/seulgi9329
리베르테 도자기공방,5.0,1건,리뷰 0,대구 동구 큰고개로 23 라동 상가 202호,(지번) 신암동 622,연락처 없음,
춘추표구화랑,0.0,0건,리뷰 0,대구 남구 명덕로18길 12,(지번) 대명3동 2533-2,053-622-3180,
제이레더가죽공방,0.0,0건,리뷰 0,대구 북구 대천로18길 2 서인빌딩 3층,(지번) 동천동 933-3,연락처 없음,http://jleathercraft.kr/
바늘한땀샵,0.0,0건,리뷰 0,대구 북구 검단로 64 복현보성타운상가 1층,(지번) 복현동 539-106,010-8013-3654,https://www.instagram.com/hyo_soon_lee/
신세계자개공예,0.0,0건,리뷰 0,대구 중구 종로 34,(지번) 종로2가 31,053-256-5755,
나래뜨게방,0.0,0건,리뷰 0,대구 달서구 당산로21안길 19,(지번) 감삼동 206-1,연락처 없음,
상미뜨게연구방,0.0,0건,리뷰 0,대구 서구 국채보상로38길 48,(지번) 중리동 79-11,053-523-8244,
스윗지다,0.0,0건,리뷰 8,대구 동구 공항로 150 1층,(지번) 불로동 959,010-5685-0853,https://blog.naver.com/sweetzida/
하늘비요,0.0,0건,리뷰 0,대구 수성구 국채보상로 965-1,(지번) 만촌동 423-6,053-941-3945,
글그림캘리그라피,0.0,0건,리뷰 0,대구 수성구 달구벌대로652길 54,(지번) 욱수동 259-1,연락처 없음,
대우,0.0,0건,리뷰 0,대구 중구 명륜로23길 81,(지번) 남산1동 913-5,053-422-1333,
,D 라운갤러리 화랑,0.0,0건,리뷰 0,(지번) 남산1동 913-5,053-422-1333,
형제,0.0,0건,리뷰 0,대구 동구 팔공로28길 49-4,(지번) 도동 28,070-4027-1752,
물보라천연비누,0.0,0건,리뷰 0,대구 서구 북비산로 203,(지번) 평리동 526-9,053-582-4868,
에코테마파크 대구숲 ,0.0,0건,리뷰 1,대구 달성군 가창면 가창로 1003,(지번) 가창면 용계리 535-1,연락처 없음,http://www.daeguforest.com/
경도테크,0.0,0건,리뷰 0,대구 달서구 성서서로55길 21,(지번) 신당동 386-3,053-585-1204,
정아트크리스탈액자,5.0,1건,리뷰 0,대구 북구 대동로1길 13,(지번) 산격동 1236-6,053-939-2184,
JS스토리,0.0,0건,리뷰 0,대구 달서구 와룡로28길 39,(지번) 감삼동 286-28,연락처 없음,
갤러리 시은칸,0.0,0건,리뷰 0,대구 동구 효동로6길 46,(지번) 효목동 981,연락처 없음,
욜로소잉카페,0.0,0건,리뷰 0,대구 수성구 들안로28길 21 1층,(지번) 황금동 818-10,053-267-3620,http://blog.naver.com/lej6402
권영교캘리그라피,0.0,0건,리뷰 0,"대구 남구 양지로12길 13 1, 2층",(지번) 대명동 2150-4,010-2510-8633,http://kwoncalli.com/
옛날골동품 판매전,0.0,0건,리뷰 0,대구 중구 국채보상로 556,(지번) 종로1가 41-53,연락처 없음,
도예공방다락,0.0,0건,리뷰 0,대구 북구 대천로17길 9-8,(지번) 동천동 926-3,연락처 없음,
동,0.0,0건,리뷰 0,대구 남구 명덕로22길 7,(지번) 대명3동 2130-4,연락처 없음,
도자기에그림을담다,0.0,0건,리뷰 0,대구 달성군 옥포읍 명곡로 588,(지번) 옥포읍 반송리 342,010-9222-0017,
십자수마을 대구반야월,0.0,0건,리뷰 0,대구 동구 율하동로 101,(지번) 율하동 947,연락처 없음,
,"D 예쁜손뜨개방 수예,자수",0.0,0건,리뷰 0,(지번) 율하동 947,연락처 없음,
홈앤캔들공방,0.0,0건,리뷰 0,대구 남구 명덕로14길 21,(지번) 대명동 2563-22,연락처 없음,
레젬메,0.0,0건,리뷰 0,대구 중구 교동4길 34,(지번) 완전동 5-21,연락처 없음,
마녀공작소,0.0,0건,리뷰 0,대구 남구 대명남로 110 1층,(지번) 대명동 608-16,053-201-1101,https://blog.naver.com/witchcoop
나이,0.0,0건,리뷰 0,대구 수성구 상화로 1,(지번) 상동 196-16,연락처 없음,
손인아도예공방,0.0,0건,리뷰 0,대구 수성구 용학로35길 35,(지번) 지산동 1251-8,연락처 없음,
태경금속,0.0,0건,리뷰 0,대구 북구 팔달북로8길 77,(지번) 노원동3가 211-1,053-355-1943,
스튜디오앙스,0.0,0건,리뷰 2,대구 달서구 진천로8길 22-15 1층,(지번) 진천동 251-42,연락처 없음,http://blog.naver.com/avec1214
로맨틱무드,0.0,0건,리뷰 6,대구 달서구 감삼남길 167 1층,(지번) 감삼동 124-18,연락처 없음,http://www.instagram.com/_romantic.mood
가죽공예 마디샤,0.0,0건,리뷰 1,대구 동구 율하동로20길 52 2층,(지번) 신기동 563-2,053-857-9690,http://blog.daum.net/craftmadisa
서성기획,0.0,0건,리뷰 0,대구 서구 서대구로63길 41,(지번) 비산동 1681-2,053-422-2822,
델라다린,0.0,0건,리뷰 0,대구 달서구 상인서로 76 상인영남화성타운 107동 지하5호,(지번) 상인동 1517,연락처 없음,http://blog.naver.com/bobo4861
36.5캔들공방,0.0,0건,리뷰 0,대구 수성구 범어로20길 75,(지번) 범어동 212-17,053-383-3924,
나무,0.0,0건,리뷰 0,대구 달서구 당산로 114-1,(지번) 성당동 695-103,053-249-2858,
다이앤스토리,0.0,0건,리뷰 0,대구 남구 현충로15길 9-1,(지번) 대명동 682-2,연락처 없음,http://blog.naver.com/joyyk11
,D 민속품옛고을 골동품,0.0,0건,리뷰 0,(지번) 대명동 682-2,연락처 없음,
락 이,5.0,1건,리뷰 0,대구 남구 이천로32길 22-1,(지번) 이천동 388-34,연락처 없음,
그린표구사,0.0,0건,리뷰 0,대구 달서구 월배로93길 99,(지번) 송현동 101-7,053-651-6333,
비누공방마이아로마,0.0,0건,리뷰 0,대구 수성구 명덕로 488,(지번) 범어동 774-84,053-762-9893,
도자기 하나,5.0,1건,리뷰 0,대구 수성구 만촌로 55 2층,(지번) 만촌동 962-10,연락처 없음,https://www.instagram.com/dojagihana
대구십자수,0.0,0건,리뷰 0,대구 북구 관음중앙로 126,(지번) 관음동 1275-8,연락처 없음,
퀼트빌리지 2호점,0.0,0건,리뷰 0,대구 달서구 상화북로 218,(지번) 상인동 1547-5,연락처 없음,
깨롱이네,0.0,0건,리뷰 12,대구 달서구 대명천로11길 12 1층,(지번) 성당동 264-1,010-7310-3589,https://m.blog.naver.com/kkaelongine
,0.0,0건,리뷰 0,대구 남구 명덕로36길 22,(지번) 대명동 1809-17,연락처 없음,http://comic-shop.co.kr/
나린블랑,0.0,0건,리뷰 0,대구 달서구 계대동문로3안길 28,(지번) 신당동 1700,053-243-2451,
거목아트,5.0,1건,리뷰 0,대구 수성구 지범로48길 6,(지번) 범물동 461-1,053-751-9242,
죽림화랑표구사,0.0,0건,리뷰 0,대구 중구 봉산문화길 21 1층,(지번) 봉산동 220-25,053-751-9242,
제이아트블라썸,0.0,0건,리뷰 1,대구 수성구 신매로8길 8-5,(지번) 신매동 584-2,053-794-2342,http://blog.naver.com/blossom2881
황실유럽자수 평리점,5.0,1건,리뷰 0,대구 서구 문화로49길 31,(지번) 평리동 675-15,053-553-4645,
예지공방,0.0,0건,리뷰 0,대구 동구 방천로5길 9,(지번) 불로동 1008-1,053-951-6160,
,D 갤러리경 화랑,0.0,0건,리뷰 0,(지번) 불로동 1008-1,053-951-6160,
로터스가죽이야기,0.0,0건,리뷰 0,대구 달서구 월배로24길 13,(지번) 진천동 241,연락처 없음,
달구벌,0.0,0건,리뷰 0,대구 중구 이천로 195,(지번) 대봉동 729-19,010-5158-6240,
루미너스아뜰리에,0.0,0건,리뷰 0,대구 동구 방촌로15길 2-2,(지번) 방촌동 988-77,053-982-9757,https://blog.naver.com/angel584482
방물장수,0.0,0건,리뷰 1,대구 중구 태평로 176-7,(지번) 태평로1가 6-5,010-9105-4585,https://www.instagram.com/bangmuljangsu.hun
한,0.0,0건,리뷰 0,대구 북구 칠곡중앙대로77길 24,(지번) 태전동 1064-17,053-322-8069,
뉴벼룩,0.0,0건,리뷰 0,대구 서구 북비산로72길 30,(지번) 비산동 504-35,연락처 없음,
해피79 하우스,0.0,0건,리뷰 0,대구 달성군 화원읍 비슬로516길 25,(지번) 화원읍 천내리 436-5,연락처 없음,
로지센티,0.0,0건,리뷰 2,대구 달서구 두류6길 9 보성맨션 301동 106호,(지번) 두류동 1244-2,0507-2375-8022,https://blog.naver.com/psy91822
이지얀,0.0,0건,리뷰 1,대구 중구 달구벌대로443길 16-15 2층,(지번) 삼덕동3가 332,연락처 없음,https://blog.naver.com/chocoashoo
노을,0.0,0건,리뷰 0,대구 북구 동암로37길 20,(지번) 국우동 1089-1,010-9803-1983,http://blog.naver.com/cho803
선,0.0,0건,리뷰 0,대구 서구 큰장로 109-14,(지번) 내당동 1026-12,053-285-1821,
미스고공방,0.0,0건,리뷰 0,대구 북구 학남로1길 1-20,(지번) 학정동 944-11,010-5093-4891,https://blog.naver.com/rhrnakrhc123
란뜨개공방,0.0,0건,리뷰 0,대구 북구 복현로 24,(지번) 복현동 360-3,연락처 없음,
갤러,0.0,0건,리뷰 0,대구 중구 명덕로 139-4,(지번) 남산3동 2119-39,053-253-3805,
,"D 착한재봉틀 미술,공예",0.0,0건,리뷰 0,(지번) 남산3동 2119-39,053-253-3805,
디아망플라워,0.0,0건,리뷰 0,대구 수성구 달구벌대로 3233 효성백년가약청아파트 402동 1층 12호,(지번) 신매동 280,연락처 없음,http://blog.naver.com/diamant_flower
민속,0.0,0건,리뷰 0,대구 중구 명덕로 139,(지번) 남산3동 2119-23,연락처 없음,
수수한 가죽공방,0.0,0건,리뷰 0,대구 북구 구암로21길 6 상가동 3층 303호,(지번) 읍내동 1366-3,연락처 없음,
아트클럽,0.0,0건,리뷰 2,대구 중구 공평로8길 14-7,(지번) 삼덕동2가 138-2,연락처 없음,https://www.facebook.com/SunPP/?fref=ts
문송,0.0,0건,리뷰 0,대구 남구 명덕로 274,(지번) 이천동 160-7,053-474-3050,
라이브공방,0.0,0건,리뷰 0,대구 남구 현충로6길 9-10,(지번) 대명동 493-16,연락처 없음,http://blog.naver.com/wlgp1438/
정인스페이스 도예공방,0.0,0건,리뷰 0,대구 북구 동암로37길 3-15,(지번) 국우동 1100-2,연락처 없음,
서라벌,0.0,0건,리뷰 0,대구 중구 봉산문화2길 42-14,(지번) 봉산동 136-46,053-423-1046,
예나,0.0,0건,리뷰 0,대구 수성구 무열로8길 10-25,(지번) 만촌동 712-3,연락처 없음,
메를랑,0.0,0건,리뷰 5,대구 달서구 월배로65안길 15 2층,(지번) 송현동 1916-21,연락처 없음,https://blog.naver.com/jungsoo0523
한성목,0.0,0건,리뷰 0,대구 동구 팔공로28길 73-11,(지번) 도동 43,053-984-7118,
메종안느,0.0,0건,리뷰 4,대구 수성구 달구벌대로458길 37,(지번) 수성동1가 117-9,010-9572-1101,http://blog.naver.com/aim1101/
한기숙,0.0,0건,리뷰 0,대구 중구 국채보상로 683,(지번) 동인동2가 144-3,연락처 없음,
뜨개공방,0.0,0건,리뷰 0,대구 남구 대명로 38,(지번) 대명동 1111-1,053-561-0708,
,D 린덴바움목공방 목공예,0.0,0건,리뷰 0,(지번) 대명동 1111-1,053-561-0708,
골동품,0.0,0건,리뷰 0,대구 남구 희망로3길 9,(지번) 봉덕동 486-6,053-474-6736,
아소토목,0.0,0건,리뷰 0,대구 북구 오봉로21길 28,(지번) 노원동3가 1129,연락처 없음,https://www.instagram.com/asotofurniture/
사문진민속품고미술품경,0.0,0건,리뷰 0,대구 달성군 화원읍 사문진로1길 18-21,(지번) 화원읍 성산리 246,010-5904-8802,
예술공간,0.0,0건,리뷰 1,대구 중구 국채보상로99길 43,(지번) 시장북로 37-1,053-252-9545,
더솜,0.0,0건,리뷰 0,대구 달서구 성지로16길 24,(지번) 용산동 444-6,연락처 없음,
가인,0.0,0건,리뷰 0,대구 동구 경안로 972,(지번) 각산동 1049-1,053-753-5521,
묵향,0.0,0건,리뷰 0,대구 서구 서대구로4길 4,(지번) 내당동 221-15,연락처 없음,
지니뜨개마실,0.0,0건,리뷰 0,대구 수성구 동원로 18,(지번) 만촌동 1022-1,연락처 없음,
아트블라썸 범어스트리트점,0.0,0건,리뷰 0,대구 수성구 달구벌대로 지하 2410,(지번) 범어동 835,연락처 없음,https://www.instagram.com/k.minjooooo/
남산화랑,5.0,1건,리뷰 0,대구 달서구 야외음악당로 57-1,(지번) 성당동 490-8,053-654-7920,
앤의 프랑스자수,0.0,0건,리뷰 1,대구 수성구 무학로37길 50,(지번) 지산동 819-6,010-6832-3305,https://blog.naver.com/white76snow/
,0.0,0건,리뷰 0,대구 동구 경안로 822 푸르지오 2단지상가 203호,(지번) 각산동 400,연락처 없음,http://www.suhjd.com/
다온아틀리에,0.0,0건,리뷰 2,대구 동구 경안로107길 39,(지번) 서호동 67-3,연락처 없음,https://blog.naver.com/hwr0796/
영,0.0,0건,리뷰 0,대구 북구 고성로 176,(지번) 고성동2가 79-1,연락처 없음,
,"D 수도예공방 미술,공예",0.0,0건,리뷰 0,(지번) 고성동2가 79-1,연락처 없음,http://www.instagram.com/su_ceramic_studio
까사데마마,0.0,0건,리뷰 0,대구 남구 대명복개로4길 82,(지번) 대명동 1593-53,053-622-6407,http://blog.naver.com/geppetto2012
도예공방 토우미,0.0,0건,리뷰 0,대구 수성구 청솔로22길 13-4,(지번) 범어1동 805-12,053-622-6407,http://cafe.daum.net/toemi
마쌤공방,0.0,0건,리뷰 0,대구 수성구 수성로77길 9,(지번) 수성동1가 113-6,연락처 없음,
아비앙또캔들,0.0,0건,리뷰 0,대구 동구 효신로16길 5 1층,(지번) 효목동 273-13,010-9198-4520,https://blog.naver.com/dlalswls88/
세화정공,0.0,0건,리뷰 0,대구 달서구 성서서로47길 10-13,(지번) 신당동 1871,연락처 없음,
뜨개사랑 성서점,0.0,0건,리뷰 0,대구 달서구 선원로14길 62,(지번) 신당동 1765-6,053-591-0618,
이상숙,0.0,0건,리뷰 0,대구 남구 이천로32길 19-1,(지번) 이천동 388-32,053-591-0618,
플로버공방,0.0,0건,리뷰 2,대구 달성군 화원읍 비슬로 2487,(지번) 화원읍 명곡리 210,053-637-7451,https://www.instagram.com/flover_silver
라탄여끄미,0.0,0건,리뷰 0,대구 중구 명덕로 143 1층,(지번) 남산동 2119-29,053-637-7451,http://blog.naver.com/yeokkeumi_
마이미술공간,0.0,0건,리뷰 0,대구 남구 양지로 155,(지번) 대명동 2141-4,053-284-9313,
한,0.0,0건,리뷰 0,대구 남구 이천로28길 8-2,(지번) 이천동 408-5,010-3516-3104,
진주표구사,0.0,0건,리뷰 0,대구 서구 서대구로32길 5-3,(지번) 평리동 1086-7,053-567-6649,
로컬포스트,0.0,0건,리뷰 0,대구 중구 동덕로38길 105 2층,(지번) 동인동3가 234-4,연락처 없음,http://www.localpost053.com/
민화방표구사,0.0,0건,리뷰 0,대구 중구 명덕로 51,(지번) 남산동 2272-32,053-253-7839,
,D 가인화랑 화랑,0.0,0건,리뷰 0,(지번) 남산동 2272-32,053-253-7839,
늘품화실,0.0,0건,리뷰 0,대구 달서구 진천동 49-6 3층,,연락처 없음,http://www.xn--wh1b222acknuvb.com/
기억씨,0.0,0건,리뷰 0,대구 수성구 지범로31안길 15-9 1층,(지번) 지산동 417-1,연락처 없음,http://blog.naver.com/000emotion/
세인뜨개방,0.0,0건,리뷰 0,대구 중구 서성로 35,(지번) 서성로2가 22-10,053-254-3937,
페투,0.0,0건,리뷰 0,대구 남구 현충로 258,(지번) 대명동 1892-7,연락처 없음,http://blog.naver.com/skj0721
성광금속공업사,5.0,1건,리뷰 0,대구 북구 노원로42길 11,(지번) 침산1동 1042-1,053-352-8544,
수십자수,0.0,0건,리뷰 0,대구 북구 관음중앙로 126,(지번) 관음동 1275-8,053-311-5525,
상미당표구사,0.0,0건,리뷰 0,대구 중구 명륜로 146-1,(지번) 대봉동 717-28,053-426-8058,
자영갤,0.0,0건,리뷰 0,대구 달성군 가창면 가창로155길 14,(지번) 가창면 냉천리 128,010-7216-0988,
우드다인목,0.0,0건,리뷰 0,대구 달서구 감삼남1길 41,(지번) 감삼동 146-9,연락처 없음,http://blog.naver.com/wood-dyne/
제이에이치텍,0.0,0건,리뷰 0,대구 달서구 성서공단로 11,(지번) 호림동 5-12,053-592-6381,
하늘공방,5.0,1건,리뷰 0,대구 동구 능성길 30,(지번) 능성동 180,010-7518-9999,http://blog.daum.net/indy6750
무리,0.0,0건,리뷰 0,대구 중구 명륜로23길 105,(지번) 남산동 911-2,연락처 없음,
실타래뜨개방,0.0,0건,리뷰 0,대구 북구 칠성시장로 10,(지번) 칠성동1가 153-4,연락처 없음,
대구화실아틀리에,0.0,0건,리뷰 3,대구 달서구 와룡로43길 70 지하,(지번) 용산동 898-7,연락처 없음,https://blog.naver.com/atelierstudio
,0.0,0건,리뷰 0,대구 중구 이천로 187 1층,(지번) 대봉동 730-7,연락처 없음,http://www.hamgee.co.kr/
실바늘뜨게방,0.0,0건,리뷰 0,대구 수성구 욱수천로 125,(지번) 신매동 538-17,연락처 없음,
아름다운미술관,0.0,0건,리뷰 0,대구 남구 이천로 140,(지번) 이천동 408-6,연락처 없음,
갤러,0.0,0건,리뷰 0,대구 동구 팔공산로9길 10,(지번) 덕곡동 124-1,053-257-8900,
꿈꾸는재봉틀,0.0,0건,리뷰 0,대구 수성구 지범로47길 1,(지번) 범물동 1319-6,053-783-1714,
뜨개이야기,0.0,0건,리뷰 0,대구 수성구 청수로3길 58,(지번) 중동 346-9,연락처 없음,
아트블라썸 본점,0.0,0건,리뷰 2,대구 수성구 청솔로 124-11 1층,(지번) 범어동 800-35,연락처 없음,https://www.instagram.com/k.minjooooo/
집,0.0,0건,리뷰 0,대구 중구 명륜로23길 32,(지번) 봉산동 230-89,053-422-2329,http://jhj71.com/
그담에,0.0,0건,리뷰 0,대구 수성구 달구벌대로576길 45,(지번) 연호동 257-1,070-8865-0520,http://blog.naver.com/woman6000/
그림사,0.0,0건,리뷰 0,대구 달서구 학산로 15,(지번) 월성동 89,053-634-1665,
튤립캔들,0.0,0건,리뷰 1,대구 중구 달구벌대로 2210-27 4층,(지번) 대봉동 17-15,연락처 없음,http://www.tulipcandle.kr/
솝마이아로마,0.0,0건,리뷰 0,대구 수성구 청솔로12길 16,(지번) 황금동 707-30,053-762-9893,
퀼트홈하우스,0.0,0건,리뷰 0,대구 남구 대봉로 109,(지번) 이천동 361-30,053-473-8288,
갤러,0.0,0건,리뷰 0,대구 달서구 송현로7길 41 2층,(지번) 상인동 821,연락처 없음,
메이크메이드,0.0,0건,리뷰 0,대구 수성구 달구벌대로627길 22-7,(지번) 매호동 1335-9,010-2839-1424,
,D 문화화랑 화방,0.0,0건,리뷰 0,(지번) 매호동 1335-9,010-2839-1424,
스튜디오달,0.0,0건,리뷰 4,대구 북구 성북로5길 16 202호,(지번) 침산동 510-11,연락처 없음,
소잉하우스,0.0,0건,리뷰 0,대구 달서구 한실로 47,(지번) 도원동 1429-2,연락처 없음,http://blog.naver.com/kyy9342
예쁜실로뜨개방,0.0,0건,리뷰 0,대구 수성구 달구벌대로641길 23,(지번) 매호동 1082-9,053-763-1399,
소꿉,0.0,0건,리뷰 0,대구 북구 매전로 46-22,(지번) 태전동 1173,연락처 없음,
IA,5.0,5건,리뷰 0,대구 중구 명덕로 233-1 1층,(지번) 대봉동 710-1,연락처 없음,http://www.iamhwabang.com/
러브컨템포러,0.0,0건,리뷰 0,대구 수성구 용학로28길 8,(지번) 두산동 789,연락처 없음,
아유공방 칠곡점,0.0,0건,리뷰 0,대구 북구 학남로3길 33-7,(지번) 학정동 937-17,연락처 없음,
도연공예방,0.0,0건,리뷰 0,대구 북구 동북로37길 14,(지번) 산격동 497-24,053-384-9555,
애플비즈,0.0,0건,리뷰 0,대구 남구 대봉로 107-9 1층,(지번) 이천동 361-101,053-263-9933,http://applebeads.com/
다독다,0.0,0건,리뷰 0,대구 동구 팔공로197길 39,(지번) 백안동 563-1,연락처 없음,
갤,0.0,0건,리뷰 0,대구 중구 공평로 13,(지번) 삼덕동1가 49-4,053-421-5687,
도화실,0.0,0건,리뷰 0,대구 서구 고성로25길 39-5,(지번) 원대동2가 110-7,010-2877-9904,
제이아로마,0.0,0건,리뷰 0,대구 중구 동덕로36길 4,(지번) 동인동2가 111,053-752-0988,
꽃보다벽화,0.0,0건,리뷰 0,대구 남구 양지로 146 3층,(지번) 대명동 2145-2,연락처 없음,https://flowerpainting.blog.me/
,"D 비누꽁주 미술,공예",0.0,0건,리뷰 0,(지번) 대명동 2145-2,연락처 없음,
성진디자인목공,0.0,0건,리뷰 0,대구 남구 대명서6길 52-1,(지번) 대명동 1249-2,연락처 없음,
