공방이름,평균별점,별점건수,리뷰건수,주소,지번주소,연락처,홈페이지
,5.0,1건,리뷰 36,대전 중구 문화로 67-1,(지번) 유천동 285-21,연락처 없음,
둔,3.4,5건,리뷰 0,대전 서구 문정로 80,(지번) 탄방동 749,042-489-0074,
짙은공방,0.0,0건,리뷰 15,대전 중구 중앙로156번길 24 동화빌딩 5층,(지번) 은행동 143-3,연락처 없음,
,D 일신필방 화방,0.0,0건,리뷰 0,(지번) 은행동 143-3,연락처 없음,http://ilsinbrush.co.kr/
눌세라믹,0.0,0건,리뷰 11,대전 서구 월평서로25번길 47 지하1층,(지번) 월평동 1311,042-471-4885,https://blog.naver.com/yobii_0624
냄시,0.0,0건,리뷰 4,대전 중구 목척9길 30,(지번) 은행동 132-9,042-471-4885,https://blog.naver.com/naemsih
한,0.0,0건,리뷰 1,대전 중구 중앙로122번길 10,(지번) 대흥동 493-1,042-226-3330,
도아도,2.0,1건,리뷰 19,대전 서구 둔산로206번길 34,(지번) 둔산동 1903,042-226-3330,https://doahstudio.modoo.at/
아리엘,5.0,3건,리뷰 27,대전 서구 둔지로 38 플로채 건물 1층,(지번) 둔산동 980,042-226-3330,http://www.arielperfume.com/
쉼목,0.0,0건,리뷰 1,대전 동구 대전로839번길 75 2층,(지번) 중동 50-1,042-226-3330,http://blog.naver.com/bikemaker
디아나향기교습소,0.0,0건,리뷰 33,대전 유성구 원신흥남로42번길 5-20,(지번) 원신흥동 542-1,010-5550-4452,https://www.instagram.com/diana0902_/
아트사랑,5.0,2건,리뷰 0,대전 대덕구 한밭대로 1168,(지번) 중리동 251-17,010-5550-4452,http://www.artlove.or.kr/
작은창큰풍경협,0.0,0건,리뷰 1,대전 동구 대전천동로 580,(지번) 중동 51-32,042-223-8858,
카멜네온,5.0,1건,리뷰 10,대전 중구 중교로 93-1 2층,(지번) 은행동 72-7,042-223-8858,http://www.instagram.com/chamelneon
하늘강 아뜰리,0.0,0건,리뷰 9,대전 대덕구 대청호수로1326번길 75,(지번) 이현동 196-2,010-9577-6276,http://hanulkang.kr/
우디,5.0,2건,리뷰 0,대전 유성구 유성대로828번길 46 1층,(지번) 장대동 316-5,010-8232-2809,http://blog.naver.com/woodybro
공간액자,5.0,1건,리뷰 0,대전 중구 선화로 124,(지번) 선화동 244-2,042-222-2245,
도색하러간담,0.0,0건,리뷰 1,대전 서구 관저중로95번길 56,(지번) 관저동 1113,042-222-2245,
바른나무목공아카,0.0,0건,리뷰 1,대전 유성구 현충원로347번길 63-5 1층,(지번) 구암동 660-4,042-825-7950,http://cafe.daum.net/barunnamu
행복나무,0.0,0건,리뷰 8,대전 서구 도솔로 309-2,(지번) 괴정동 95-29,010-5112-8343,
이공,0.0,0건,리뷰 1,대전 중구 대흥로139번길 36,(지번) 대흥동 183-4,042-242-2020,http://www.igongart.co.kr/
명화,0.0,0건,리뷰 2,대전 서구 대덕대로 229 지하1층,(지번) 둔산동 1031,042-488-1854,
대전경,0.0,0건,리뷰 0,대전 중구 계백로1522번길 10,(지번) 유천동 338-17,042-545-0404,
무버레더,0.0,0건,리뷰 8,대전 서구 계룡로219번길 7 1층,(지번) 월평동 1471,042-545-0404,https://blog.naver.com/mornt
모아의작업실,0.0,0건,리뷰 2,대전 중구 동서대로1235번길 24-4 지하1층,(지번) 태평동 338-43,연락처 없음,https://www.instagram.com/yj_moi/
유성표구화랑,0.0,0건,리뷰 0,대전 유성구 계룡로 17,(지번) 봉명동 563-14,연락처 없음,
현대,0.0,0건,리뷰 1,대전 중구 중교로 33,(지번) 대흥동 465-2,042-254-7978,
대전액자거울,0.0,0건,리뷰 0,대전 서구 도솔로 432,(지번) 탄방동 60-3,042-524-3768,
영아트,0.0,0건,리뷰 0,대전 중구 보문산로36번길 8 지하,(지번) 산성동 120-12,연락처 없음,
명인,5.0,1건,리뷰 0,대전 서구 오량1길 72,(지번) 복수동 283-149,042-581-3131,
오즈,5.0,3건,리뷰 1,대전 중구 테미로44번안길 10,(지번) 대흥동 326-323,042-581-3131,http://blog.naver.com/ozantique
대전세종목공,5.0,1건,리뷰 7,대전 유성구 노은동로87번길 5-9,(지번) 노은동 535-19,010-3174-0316,http://blog.naver.com/lkjpqmz
대전 황실유럽십자수,0.0,0건,리뷰 0,대전 동구 계족로 지하 176 1층,(지번) 대동 407-1,042-623-1045,
꼼지락소소,5.0,1건,리뷰 23,대전 서구 관저남로25번길 23-47 솔빌101호,(지번) 관저동 1555-2,042-623-1045,https://blog.naver.com/sosohan_you
제일컴퓨터자수,0.0,0건,리뷰 0,대전 동구 중앙로200번길 62-1,(지번) 원동 60-2,042-252-0139,http://www.jasu00.cafe24.com/
왕실십자수,0.0,0건,리뷰 0,대전 서구 대덕대로 150,(지번) 갈마동 1418,042-531-1929,
느린,0.0,0건,리뷰 2,대전 동구 옛신탄진로75번길 62,(지번) 홍도동 125-20,연락처 없음,http://blog.naver.com/by020202
신촌액자,0.0,0건,리뷰 0,대전 서구 문정로170번길 89,(지번) 둔산동 2072,042-931-8228,
작은숲나무,5.0,2건,리뷰 0,대전 유성구 원신흥남로11번길 12-8,(지번) 원신흥동 574-9,042-822-2201,http://blog.naver.com/moonhoi65
가람화랑표구사,5.0,4건,리뷰 0,대전 중구 선화로 39,(지번) 용두동 52-19,042-221-4511,
신세계화랑표구사,0.0,0건,리뷰 0,대전 서구 도솔로 274-1,(지번) 내동 1-6,042-533-1350,
이목초,0.0,0건,리뷰 0,대전 중구 계룡로 762 1층,(지번) 오류동 191-6,042-253-0880,
갤러,0.0,0건,리뷰 0,대전 유성구 동서대로179번길 62-8,(지번) 덕명동 593-3,042-822-8887,https://thebeam.modoo.at/
이,0.0,0건,리뷰 0,대전 서구 둔지로 64,(지번) 둔산동 969,연락처 없음,https://blog.naver.com/lida_mong/
수정액자,0.0,0건,리뷰 0,대전 동구 태전로 29,(지번) 중동 8-12,042-255-6005,
길가죽공방,0.0,0건,리뷰 1,대전 유성구 계룡로59번길 8 201호,(지번) 봉명동 444-16,010-5542-1002,https://blog.naver.com/sayjee1
황실유럽십자수,5.0,2건,리뷰 0,대전 서구 청사서로 41 백합아파트 상가 1층 102호,(지번) 월평동 266,042-226-1844,
목,0.0,0건,리뷰 0,대전 서구 만년남로3번길 46-5,(지번) 만년동 162,010-3636-6887,
,D 오성표구사 화방,0.0,0건,리뷰 0,(지번) 만년동 162,010-3636-6887,
캘리그라피붓향,0.0,0건,리뷰 3,대전 유성구 반석동로 54,(지번) 반석동 633-1,042-636-7008,
도나트앤코,0.0,0건,리뷰 1,대전 서구 도산로 228 1층,(지번) 변동 12-10,010-2575-6300,http://blog.naver.com/cem6300/
고려컴퓨터자수,0.0,0건,리뷰 0,대전 대덕구 계족로574번길 60,(지번) 중리동 116-1,042-621-5361,
은방이네,0.0,0건,리뷰 0,대전 중구 대전천서로 529,(지번) 선화동 82-1,연락처 없음,http://blog.naver.com/oktopsam
찬도예공방,0.0,0건,리뷰 0,대전 서구 월평로13번길 84 1층,(지번) 월평동 420,042-486-1990,
우디크래프트,0.0,0건,리뷰 0,대전 중구 계룡로955번길 11-14 1층,(지번) 대사동 248-283,010-2075-6552,http://blog.naver.com/dltkddn1290
나무도,0.0,0건,리뷰 1,대전 유성구 신성로58번길 33,(지번) 신성동 212-1,연락처 없음,
대전뚝딱이가구공방,5.0,1건,리뷰 0,대전 서구 관저동로99번길 50 1층,(지번) 관저동 1232,연락처 없음,http://blog.naver.com/letsdiy
꾸밈아뜰리에,0.0,0건,리뷰 0,대전 서구 괴정로 77 1층,(지번) 괴정동 63-7,010-8181-6641,https://blog.naver.com/wind7307
투레빗,5.0,1건,리뷰 2,대전 서구 도산로 441 세동빌딩 3층,(지번) 탄방동 1432,연락처 없음,http://cafe.naver.com/grayhq9sr
도심속의 작,4.7,3건,리뷰 1,대전 서구 둔산중로64번길 33,(지번) 둔산동 1472,042-476-0350,
신현,0.0,0건,리뷰 0,대전 서구 계백로 1204,(지번) 가수원동 180-3,042-541-7460,http://www.sinhyun.co.kr/
아토도예,0.0,0건,리뷰 4,대전 유성구 원신흥남로42번길 5-5,(지번) 원신흥동 541-11,042-825-3898,
새얀공방,0.0,0건,리뷰 1,대전 중구 대흥로 127 1층,(지번) 대흥동 424-4,042-536-1210,http://blog.naver.com/saeyan3
,"D 다모아공방 미술,공예",0.0,0건,리뷰 0,(지번) 대흥동 424-4,042-536-1210,
지소,5.0,2건,리뷰 1,대전 유성구 현충원로347번길 42,(지번) 구암동 652-3,042-471-4772,http://www.jiso.kr/
늘온 공방,0.0,0건,리뷰 0,대전 서구 원도안로179번길 30-7,(지번) 도안동 1356,연락처 없음,
공예샵,0.0,0건,리뷰 0,대전 동구 우암로 297,(지번) 가양동 86-10,연락처 없음,
샵 가꿈,0.0,0건,리뷰 0,대전 서구 용문로 89-10,(지번) 용문동 260-22,010-9899-7513,
도요1250도,0.0,0건,리뷰 0,대전 서구 원도안로179번길 16-7 1층,(지번) 도안동 1298,042-542-2334,http://blog.naver.com/doyo1250_official
후화정원,0.0,0건,리뷰 2,대전 중구 보문로260번길 30 영광빌딩 8층,(지번) 대흥동 476-1,010-4151-6666,http://blog.naver.com/huhwa-garden
도예랑,0.0,0건,리뷰 0,대전 서구 안터길 7-8,(지번) 산직동 456-3,010-5433-0470,http://www.instagram.com/do_ssam
딸기뜨개방,0.0,0건,리뷰 0,대전 유성구 계룡로38번길 28,(지번) 구암동 593-7,연락처 없음,
대신,0.0,0건,리뷰 0,대전 중구 보문로260번길 7,(지번) 대흥동 486-2,042-256-9142,
갤러,0.0,0건,리뷰 2,대전 유성구 덕명서로2번길 63-3 1층,(지번) 덕명동 510-4,연락처 없음,
제페토 목공,0.0,0건,리뷰 0,대전 유성구 현충원로 401,(지번) 구암동 429,042-823-8258,
현대기계족자,0.0,0건,리뷰 0,대전 중구 대흥로28번길 15,(지번) 대흥동 532-6,042-252-2288,
지혜생각,0.0,0건,리뷰 1,대전 중구 선화서로 50 1층 101호,(지번) 선화동 367-14,042-252-2288,http://www.jeehyemind.com/
민들레목,0.0,0건,리뷰 6,대전 서구 월평중로13번길 105 1층 102호,(지번) 월평동 1124,070-8246-5541,https://dandelionatelier.modoo.at/
붓길위의케동글씨,0.0,0건,리뷰 6,대전 서구 계룡로367번길 36 무궁화빌라 110동 101호,(지번) 갈마동 264-3,010-5513-9295,http://www.instagram.com/kedong_calli
레망,0.0,0건,리뷰 2,대전 서구 둔지로 48 3층,(지번) 둔산동 976,연락처 없음,
대전목공방미술창,0.0,0건,리뷰 0,대전 동구 태전로147번길 54,(지번) 삼성동 334-18,042-622-8408,https://blog.naver.com/rarara5704
영진액자표구사,0.0,0건,리뷰 0,대전 중구 계백로1584번길 55,(지번) 유천2동 217-18,042-586-6889,
스티치랩 소잉스튜디오 대전점,0.0,0건,리뷰 0,대전 유성구 봉명서로 17-10,(지번) 봉명동 1051-9,042-586-6889,https://instagram.com/stitchlab_daejeon
마리의화실,0.0,0건,리뷰 0,대전 서구 문정로2번길 127 2층 205호,(지번) 탄방동 678,070-4151-7000,
그나무별도 도자기공방,0.0,0건,리뷰 0,대전 서구 원도안로224번안길 6-6,(지번) 도안동 1106,042-544-8765,http://blog.naver.com/308yjh
몽가타,5.0,1건,리뷰 11,대전 유성구 계룡로16번길 6 2층,(지번) 구암동 586-9,042-544-8765,https://blog.naver.com/goldflower333
우드앤캠,5.0,1건,리뷰 0,대전 중구 대둔산로 279,(지번) 사정동 490-6,010-4166-0514,http://madesun.modoo.at/
동,0.0,0건,리뷰 0,대전 중구 중앙로112번길 13,(지번) 대흥동 490,042-252-4128,
엔에스레이저,0.0,0건,리뷰 0,대전 대덕구 신탄진로756번길 126,(지번) 신탄진동 213-15,042-935-8966,
누리네뜨게방,0.0,0건,리뷰 0,대전 서구 둔산중로 19,(지번) 탄방동 590,042-489-7557,
유럽풍십자수,0.0,0건,리뷰 0,대전 서구 둔산중로 19,(지번) 탄방동 590,연락처 없음,
푸른도예,0.0,0건,리뷰 0,대전 유성구 현충원로485번길 24,(지번) 장대동 225-39,010-3418-8457,http://blog.daum.net/pjh-409
꽃담,0.0,0건,리뷰 0,대전 서구 도솔로 446,(지번) 탄방동 66-1,042-526-0789,
,"D 불스아이아트스튜디오 미술,공예",0.0,0건,리뷰 0,(지번) 탄방동 66-1,042-526-0789,http://www.instagram.com/bulls.i_silkscreen
영진수예점,0.0,0건,리뷰 0,대전 동구 대전로785번길 10,(지번) 중동 76-12,042-226-3013,
삼원엠텍,0.0,0건,리뷰 0,대전 대덕구 신일서로86번길 53,(지번) 신일동 1690-6,042-931-4141,
고려공예,5.0,5건,리뷰 2,대전 대덕구 덕암로181번길 46-1,(지번) 덕암동 227-1,042-932-5837,http://www.koryo5837.com/
공예나무이야기,3.0,2건,리뷰 2,대전 서구 용소로39번길 22,(지번) 가수원동 1168,070-7560-9775,http://www.hcws.co.kr/
만드는날 도자기공방,0.0,0건,리뷰 0,대전 유성구 관들1길 15 102호,(지번) 관평동 880,042-936-7548,http://blog.naver.com/clayjeong
전민화랑표구사,0.0,0건,리뷰 0,대전 유성구 전민로6번길 29,(지번) 전민동 327-11,042-863-5476,
우연,0.0,0건,리뷰 0,대전 중구 대종로 467,(지번) 대흥동 187-2,연락처 없음,
금강액자,0.0,0건,리뷰 0,대전 대덕구 옛신탄진로 209,(지번) 오정동 390-7,연락처 없음,
희망액자,0.0,0건,리뷰 0,대전 대덕구 덕암로 241,(지번) 덕암동 44-9,042-932-3941,
미은오리작업실,0.0,0건,리뷰 0,대전 중구 대종로452번길 24,(지번) 대흥동 122-1,연락처 없음,
고은도예,0.0,0건,리뷰 1,대전 중구 계룡로874번길 45 2층,(지번) 오류동 158-2,연락처 없음,https://blog.naver.com/choike99
만월캘리그라피,0.0,0건,리뷰 0,대전 서구 계룡로342번길 92 1층,(지번) 갈마동 320-14,연락처 없음,
정인프레임,0.0,0건,리뷰 0,대전 대덕구 신일서로18번길 2,(지번) 신일동 1673-25,042-934-1603,
무궁화,0.0,0건,리뷰 0,대전 동구 창조2길 8,(지번) 원동 102-26,042-273-5210,
,"D 달숲정원 미술,공예",0.0,0건,리뷰 2,(지번) 원동 102-26,042-273-5210,https://www.instagram.com/moon_forest_siha/
에이프릴공방,0.0,0건,리뷰 0,대전 서구 도안동로31번길 12-13,(지번) 가수원동 940,연락처 없음,
티니안플라워,5.0,1건,리뷰 0,대전 대덕구 동서대로1786번길 11 2층,(지번) 비래동 103-12,연락처 없음,https://smartstore.naver.com/tinianflower
키다리목수아,5.0,1건,리뷰 8,대전 대덕구 석봉로58번안길 82 한밭아파트 상가동 1층 101호,(지번) 석봉동 313-1,0507-1312-7156,http://www.kidaryic.com/
유럽풍십자수 용전점,0.0,0건,리뷰 0,대전 대덕구 홍도로 109-2,(지번) 중리동 243-24,042-635-1178,
둔산액자,0.0,0건,리뷰 0,대전 서구 도솔로 480-1,(지번) 탄방동 70-17,042-486-4989,
앨리스천연비누,0.0,0건,리뷰 0,대전 서구 계룡로686번길 45 1층,(지번) 용문동 252-13,042-486-4989,http://cafe.daum.net/alice1004
피노키오,0.0,0건,리뷰 0,대전 서구 관저동로 64-61 오케이빌딩 1층,(지번) 관저동 1400,042-541-8009,http://blog.naver.com/dud680
리뜰리에,0.0,0건,리뷰 6,대전 유성구 왕가봉로 30,(지번) 노은동 554-1,연락처 없음,
향기바다,0.0,0건,리뷰 11,대전 동구 중앙로203번길 36,(지번) 중동 22-25,연락처 없음,https://www.instagram.com/chj799577
종로화랑표구사,0.0,0건,리뷰 0,대전 서구 조달청길 59,(지번) 도마동 63-24,042-253-0475,
퀼트 갤러리,4.0,1건,리뷰 0,대전 동구 중앙로200번길 73,(지번) 원동 38-1,연락처 없음,
라임도자기공방,0.0,0건,리뷰 0,대전 서구 둔산로218번길 29,(지번) 둔산동 1972,연락처 없음,
바느질하다,0.0,0건,리뷰 3,대전 중구 선화로97번길 33-1 1층,(지번) 선화동 190-50,042-222-2371,https://blog.naver.com/kgamangbean
딜라잇모모,0.0,0건,리뷰 0,대전 동구 은어송로77번길 21 1층 102호,(지번) 가오동 532,연락처 없음,http://blog.naver.com/delightscent
,D 참아트 대덕지부 화방,0.0,0건,리뷰 0,(지번) 가오동 532,연락처 없음,
다올보자기,0.0,0건,리뷰 9,대전 서구 둔산남로 195 1층,(지번) 둔산동 2124,042-483-4880,http://www.daolbojagi.com/
신현정캘리그라피,0.0,0건,리뷰 0,대전 서구 관저중로95번길 99,(지번) 관저동 1110,연락처 없음,
프롬더오,0.0,0건,리뷰 2,대전 서구 변정3길 12 1층,(지번) 변동 46-30,연락처 없음,http://blog.naver.com/materiallism
충남액자,5.0,1건,리뷰 0,대전 중구 문화로133번길 85,(지번) 유천동 214-22,042-585-8524,
그림가게,0.0,0건,리뷰 0,대전 동구 태전로 70,(지번) 삼성동 121-8,042-624-7549,
도자기작업실 꼼지락소소,0.0,0건,리뷰 3,대전 서구 관저남로25번길 23-47 101호,(지번) 관저동 1555-2,042-624-7549,https://blog.naver.com/sosohan_you
장산방액자 바른액자,4.0,1건,리뷰 0,대전 중구 대흥로 50,(지번) 대흥동 525-7,042-637-1514,
몽블랑,0.0,0건,리뷰 0,대전 중구 대종로 447,(지번) 대흥동 177,042-253-4525,
아리공방,0.0,0건,리뷰 0,대전 유성구 신성로72번길 18,(지번) 신성동 142-5,042-867-3175,http://ok114.co.kr/01050733175
별,0.0,0건,리뷰 0,대전 동구 계족로 205,(지번) 신안동 215,연락처 없음,
이레가죽공작소,5.0,4건,리뷰 4,대전 유성구 지족로 92 아파트상가 104호,(지번) 지족동 1052,연락처 없음,
오늘여기서낭만,0.0,0건,리뷰 3,대전 동구 대전로340번길 15,(지번) 대성동 420,0504-1845-8767,https://blog.naver.com/a94223775
DIY나무,0.0,0건,리뷰 0,대전 중구 대둔산로 279,(지번) 사정동 490-6,연락처 없음,
얀하우스,0.0,0건,리뷰 0,대전 유성구 계룡로60번길 32,(지번) 봉명동 465-34,010-9616-0515,
,"D 촘촘소잉 미술,공예",0.0,0건,리뷰 0,(지번) 봉명동 465-34,010-9616-0515,
실로멋내기뜨게방숙녀복,0.0,0건,리뷰 0,대전 서구 도산로 201,(지번) 변동 30-6,042-537-0122,
보광당화랑표구사,0.0,0건,리뷰 0,대전 중구 중교로 29-3,(지번) 대흥동 466-13,042-253-9110,
대전역전민,0.0,0건,리뷰 0,대전 동구 동광장로 37,(지번) 신안동 231-3,010-3454-1781,
하은퀼트,0.0,0건,리뷰 0,대전 유성구 지족북로6번길 15,(지번) 지족동 1018-7,042-826-8041,
아트스페이스B갤,0.0,0건,리뷰 0,대전 중구 중촌로40번길 22,(지번) 중촌동 98-9,연락처 없음,
조조공방,5.0,1건,리뷰 1,대전 유성구 신성로58번길 33 1층 101호,(지번) 신성동 212-1,010-3076-2833,
갤러리장미와콩나무,0.0,0건,리뷰 0,대전 서구 가장로 125,(지번) 가장동 49-26,042-489-9882,
모,0.0,0건,리뷰 0,대전 서구 계룡로629번길 30,(지번) 탄방동 80-9,연락처 없음,https://pf.kakao.com/_kJWWxb
두경액자,0.0,0건,리뷰 0,대전 대덕구 동서대로 1809,(지번) 송촌동 564-1,042-673-9906,
다팜골,0.0,0건,리뷰 0,대전 중구 대흥로165번길 13,(지번) 대흥동 121-3,042-221-1201,
오브제,0.0,0건,리뷰 0,대전 유성구 복용남로 9,(지번) 복용동 566-8,010-3441-9761,https://www.instagram.com/object.soo/
현진도예교육센,0.0,0건,리뷰 2,대전 서구 탄방로7번길 114 지하,(지번) 탄방동 1103,042-472-3548,http://www.edudoye.com/
토우,0.0,0건,리뷰 0,대전 중구 중앙로13번길 47,(지번) 용두동 20-3,010-7520-3177,
두부팩토리,0.0,0건,리뷰 16,대전 서구 남선로 66 남선공원체육관 1층,(지번) 탄방동 1084,연락처 없음,https://blog.naver.com/yangdubu0719
,"D 오키페이퍼 미술,공예",0.0,0건,리뷰 0,(지번) 탄방동 1084,연락처 없음,https://smartstore.naver.com/oki_design/
몽몽드,0.0,0건,리뷰 0,대전 서구 만년로67번길 36,(지번) 만년동 303,042-366-0202,http://blog.naver.com/monmonde00
해비치공방,0.0,0건,리뷰 8,대전 서구 둔산남로165번길 9 201호,(지번) 둔산동 1883,010-2926-0420,http://blog.naver.com/sunshine_table
꼴액자,0.0,0건,리뷰 0,대전 중구 대종로517번길 27,(지번) 선화동 27-3,042-252-3836,
잔나,0.0,0건,리뷰 0,대전 서구 관저중로95번길 65 2층,(지번) 관저동 1111,연락처 없음,
유화,5.0,1건,리뷰 1,대전 서구 남선로59번길 34 2층,(지번) 탄방동 1190,연락처 없음,http://cafe.naver.com/bobhong
모,0.0,0건,리뷰 1,대전 유성구 유성대로654번길 125 대경빌딩 지하 1층,(지번) 구암동 609-6,042-824-5566,http://moment-s.co.kr/
십자수나라,0.0,0건,리뷰 0,대전 대덕구 중리로54번길 19-19,(지번) 중리동 374-2,042-636-4002,
별아뜰리에캔들앤솝,0.0,0건,리뷰 0,대전 서구 대덕대로 151-1 2층,(지번) 갈마동 1062-1,연락처 없음,http://staratelier.modoo.at/
도담도예,0.0,0건,리뷰 0,대전 서구 한밭대로608번길 1,(지번) 월평동 617,042-482-8074,
사계절거울액자,0.0,0건,리뷰 0,대전 동구 동대전로110번길 24,(지번) 대동 62-7,019-9442-7770,
도도한공방,0.0,0건,리뷰 8,대전 대덕구 동춘당로23번길 58 103호,(지번) 송촌동 221-32,042-825-2122,
자수공작소,0.0,0건,리뷰 4,대전 동구 한밭대로 1245 SY빌딩 7층,(지번) 용전동 13-25,연락처 없음,https://blog.naver.com/cobrother
하늘물고기 1호점,0.0,0건,리뷰 1,대전 대덕구 계족로505번길 56 1층,(지번) 중리동 258-37,연락처 없음,http://www.skyfish.kr/
컴퓨터자수,0.0,0건,리뷰 0,대전 동구 동서대로1653번길 131,(지번) 용전동 127-16,연락처 없음,
비베,0.0,0건,리뷰 0,대전 서구 월평새뜸로4번길 79 1층,(지번) 월평동 1226,연락처 없음,https://www.instagram.com/vive__lento
대전액자,0.0,0건,리뷰 0,대전 중구 목중로 63,(지번) 중촌동 61-9,042-221-3688,
인소잉,5.0,3건,리뷰 0,대전 동구 동산초교로23번길 35,(지번) 홍도동 41-1,010-2485-6195,http://blog.naver.com/noranbada66
미미공방,0.0,0건,리뷰 1,대전 서구 만년남로11번길 30,(지번) 만년동 220,연락처 없음,
테이크더포터리,0.0,0건,리뷰 8,대전 서구 원도안로179번길 23-16 1층 102호,(지번) 도안동 1322,010-2227-3093,https://www.takethepottery.com/
한국화화실,0.0,0건,리뷰 0,대전 유성구 은구비서로 15 2층,(지번) 지족동 909-16,010-2227-3093,http://blog.naver.com/b3851/
대별전통옹기,0.0,0건,리뷰 0,대전 동구 대별로 71,(지번) 대별동 326,연락처 없음,
마크라메스튜디오블랑,0.0,0건,리뷰 1,대전 서구 원도안로207번길 15-27 1층,(지번) 도안동 1224,연락처 없음,https://www.instagram.com/blanc_macramestudio/
실과바늘이야기,0.0,0건,리뷰 0,대전 서구 관저북로 71,(지번) 관저동 981,042-581-9771,
글고운캘리그라피,0.0,0건,리뷰 0,대전 대덕구 송촌북로 24,(지번) 송촌동 451-11,010-2607-7762,https://blog.naver.com/jina572900
미전,0.0,0건,리뷰 0,대전 중구 유천로 57-23 2층,(지번) 유천동 211-19,042-583-8533,
꿈꾸는솜씨쟁이,0.0,0건,리뷰 0,대전 서구 괴정로149번길 23,(지번) 용문동 270-47,010-4426-0127,
황실유럽자수 본사,0.0,0건,리뷰 0,대전 서구 둔산대로117번길 18 거상빌딩 5층,(지번) 만년동 376,042-488-8636,http://www.hwang-sil.co.kr/
송강 그린십자수,0.0,0건,리뷰 0,대전 유성구 구즉로 25,(지번) 송강동 199,연락처 없음,
벨리시마캔들,0.0,0건,리뷰 4,대전 서구 둔산중로 38 둔산메트로존 309-J호,(지번) 둔산동 1419,010-7184-2389,https://blog.naver.com/kkimjk306
,D 동서액자표구 화방,0.0,0건,리뷰 0,(지번) 둔산동 1419,010-7184-2389,
공방나무숲,0.0,0건,리뷰 0,대전 동구 계족로 217,(지번) 신안동 221-22,010-5422-8960,
단혜감성,0.0,0건,리뷰 1,대전 서구 용문로 89-10 1층,(지번) 용문동 260-22,연락처 없음,http://coartpsj.blog.me/
반지소리,0.0,0건,리뷰 0,대전 유성구 대학로151번길 13,(지번) 궁동 422-5,연락처 없음,
부자만물상골,0.0,0건,리뷰 0,대전 중구 계백로1584번길 87,(지번) 유천동 268-25,010-4201-1091,
아로미공방,1.0,1건,리뷰 1,대전 서구 갈마로245번길 26,(지번) 괴정동 90-1,연락처 없음,https://blog.naver.com/rlaalgids
국제액자,0.0,0건,리뷰 0,대전 서구 용소로46번길 20,(지번) 가수원동 1243,042-585-2240,
수제비,0.0,0건,리뷰 0,대전 서구 도산로370번길 28,(지번) 용문동 260-32,042-533-3635,
대전아트센터,0.0,0건,리뷰 0,대전 서구 도솔로 457,(지번) 탄방동 65-15,042-482-9550,
태희네집,0.0,0건,리뷰 0,대전 대덕구 덕암로148번안길 126-6,(지번) 평촌동 542-17,042-932-5676,
퀼트투게더,0.0,0건,리뷰 0,대전 유성구 봉명서로 57-12,(지번) 봉명동 1030-8,042-825-7284,
블루밍린지,0.0,0건,리뷰 0,대전 유성구 전민로46번길 6 1층,(지번) 전민동 459-2,010-9010-7016,
하나컴퓨터자수,0.0,0건,리뷰 0,대전 동구 동대전로248번길 94,(지번) 가양2동 165-30,042-624-4822,
나무,0.0,0건,리뷰 0,대전 유성구 전민로46번길 52 1층,(지번) 전민동 448-4,연락처 없음,
모카공방,0.0,0건,리뷰 0,대전 서구 관저중로 33,(지번) 관저동 1579,010-6251-7146,https://blog.naver.com/babui22
,D 놀자도예공방 전통공예,0.0,0건,리뷰 0,(지번) 관저동 1579,010-6251-7146,
원목가구공방,0.0,0건,리뷰 0,대전 유성구 왕가봉로 10,(지번) 노은동 557-3,연락처 없음,
보령스텐,0.0,0건,리뷰 0,대전 대덕구 오정로14번길 24,(지번) 오정동 388-1,042-639-8907,
무드오브,0.0,0건,리뷰 3,대전 서구 관저남로25번길 14-22,(지번) 관저동 1562-1,042-639-8907,https://www.instagram.com/mood_aube__/
황실유럽자수 샤크존점,0.0,0건,리뷰 0,대전 서구 둔산중로 19,(지번) 탄방동 590,010-5401-6002,
얀하우스,0.0,0건,리뷰 0,대전 동구 동서대로 1628,(지번) 성남동 505-2,070-4153-0102,
그림을찾는,0.0,0건,리뷰 0,대전 중구 선화서로 2,(지번) 대흥동 502-15,016-245-3410,
공방라온,0.0,0건,리뷰 0,대전 중구 대종로452번길 19,(지번) 대흥동 124-2,070-4693-4021,
라온,0.0,0건,리뷰 0,대전 대덕구 중리동로56번길 27,(지번) 중리동 143-6,010-4422-7158,
모담소공방,0.0,0건,리뷰 0,대전 대덕구 신탄진동로35번길 81,(지번) 신탄진동 123-58,연락처 없음,
마인드풀리,0.0,0건,리뷰 1,대전 서구 도안북로118번길 32,(지번) 도안동 933,연락처 없음,
그리다,0.0,0건,리뷰 0,대전 서구 신갈마로113번길 22,(지번) 갈마동 391-29,연락처 없음,
차밍센트,0.0,0건,리뷰 5,대전 서구 괴정로16번길 15 1층,(지번) 괴정동 123-3,연락처 없음,https://blog.naver.com/charmingscent
나무공방 목공소 목수,5.0,1건,리뷰 0,대전 중구 유천로47번길 31,(지번) 유천동 249-34,연락처 없음,http://www.mogsu.kr/
둔산바느질공방,0.0,0건,리뷰 0,대전 서구 문정로170번길 18,(지번) 둔산동 2095,042-482-6066,
,D 공예와디자인 목공예,0.0,0건,리뷰 0,(지번) 둔산동 2095,042-482-6066,
홍익화,0.0,0건,리뷰 0,대전 유성구 도안대로 553-2 2층,(지번) 봉명동 559-13,042-826-5320,https://blog.naver.com/nohart
미래액자,0.0,0건,리뷰 0,대전 동구 계족로443번길 38-12,(지번) 용전동 174-1,042-673-2815,
온날,0.0,0건,리뷰 0,대전 유성구 유성대로713번길 211-26,(지번) 구암동 410-11,010-9484-2787,http://www.onal.kr/
램토퍼,0.0,0건,리뷰 5,대전 서구 계룡로320번길 70,(지번) 갈마동 328-2,010-9484-2787,https://ramtp.modoo.at/
라보르공방,0.0,0건,리뷰 0,대전 서구 한밭대로608번길 1 101호,(지번) 월평동 617,010-9484-2787,https://www.instagram.com/labor_gongbang
그린후레임,0.0,0건,리뷰 0,대전 서구 도솔로 222,(지번) 변동 71-15,042-633-1500,
바늘과실타래 대전서구점,0.0,0건,리뷰 0,대전 서구 계룡로349번길 36,(지번) 월평동 709,042-485-4062,
장인,0.0,0건,리뷰 0,대전 유성구 유성대로671번길 70,(지번) 구암동 92-3,042-822-1734,
디어,0.0,0건,리뷰 0,대전 동구 옛신탄진로75번길 62,(지번) 홍도동 125-20,010-6766-2453,
나무를그,0.0,0건,리뷰 0,대전 서구 도솔로 185,(지번) 도마동 17-38,연락처 없음,
둔산액자,1.0,2건,리뷰 0,대전 서구 둔산남로 192 1층,(지번) 탄방동 1270,연락처 없음,http://www.unigallery.co.kr/
보드레공방,0.0,0건,리뷰 2,대전 유성구 신성남로95번길 64,(지번) 신성동 142-14,연락처 없음,
인사동만물,0.0,0건,리뷰 0,대전 동구 대전로813번길 22,(지번) 중동 21-11,연락처 없음,
몬스터팩토리,0.0,0건,리뷰 0,대전 유성구 노은동로75번길 89 1층,(지번) 노은동 549-3,연락처 없음,http://monsterlaser.co.kr/
,0.0,0건,리뷰 0,대전 서구 월평로34번길 32,(지번) 월평동 1049,연락처 없음,
사월공방,0.0,0건,리뷰 0,대전 중구 보문로 309 1층,(지번) 선화동 361,042-347-0419,http://www.aprilceramic.com/
하나공예,5.0,3건,리뷰 2,대전 동구 대전로839번길 45,(지번) 중동 8,042-256-2748,
알루엔,0.0,0건,리뷰 0,대전 대덕구 벚꽃길 116,(지번) 상서동 295-8,042-622-2018,
치즈스튜디오,0.0,0건,리뷰 1,대전 대덕구 오정동 210-1 한남대 창업존 59동 104호,(지번) 상서동 295-8,042-622-2018,https://blog.naver.com/0819super/
,0.0,0건,리뷰 0,대전 중구 대흥로 92,(지번) 대흥동 516-2,010-5455-9905,
컴패니언 가죽공방,0.0,0건,리뷰 0,대전 중구 보문로67번길 31 1층,(지번) 부사동 152-6,010-5455-9905,https://instagram.com/companion_chan
자작나무,0.0,0건,리뷰 0,대전 서구 원도안로179번길 7-8,(지번) 도안동 1267,042-222-2187,
홍,0.0,0건,리뷰 0,대전 중구 중앙로16번길 33,(지번) 문화1동 1-190,042-222-0270,
제이엔젤스,0.0,0건,리뷰 0,대전 중구 선화로 152 3층,(지번) 은행동 19-15,연락처 없음,https://jangels.modoo.at/
완두콩물들다,0.0,0건,리뷰 1,대전 동구 천개동로 33-6,(지번) 추동 451,042-273-1030,https://naturedyeing.modoo.at/
더크래프트,0.0,0건,리뷰 0,대전 유성구 유성대로811번길 18,(지번) 장대동 306-11,연락처 없음,
팔레오아저씨의생활목,0.0,0건,리뷰 0,대전 대덕구 계족로598번길 7-16,(지번) 법동 205-7,연락처 없음,
서로마을,0.0,0건,리뷰 0,대전 유성구 봉명서로 17-9,(지번) 봉명동 1052-4,연락처 없음,http://blog.naver.com/s1004ddd
한밭,0.0,0건,리뷰 0,대전 중구 보문로262번길 23,(지번) 대흥동 489-4,042-255-8240,
,"D 에이엠티 미술,공예",0.0,0건,리뷰 0,(지번) 대흥동 489-4,042-255-8240,
유성아트,0.0,0건,리뷰 0,대전 유성구 도안대로 587 2층,(지번) 봉명동 554-17,042-823-0251,
지니아크릴페인팅,0.0,0건,리뷰 0,대전 서구 관저중로95번길 99,(지번) 관저동 1110,연락처 없음,
아뜰리에A,0.0,0건,리뷰 0,대전 서구 구봉산북로7번길 14-10 5층,(지번) 관저동 1965-4,연락처 없음,https://blog.naver.com/ahahah3954
아트룩,0.0,0건,리뷰 0,대전 대덕구 동서대로 1809,(지번) 송촌동 564-1,010-2643-0100,http://artlook.co.kr/
영아트,0.0,0건,리뷰 0,대전 중구 태평로93번길 10,(지번) 태평동 379-7,010-2438-9386,
오후,0.0,0건,리뷰 0,대전 서구 둔산남로189번길 9 1층,(지번) 둔산동 1983,연락처 없음,http://blog.naver.com/totoco82
종로커플링마을 대전점,5.0,1건,리뷰 0,대전 중구 중앙로170번길 8 2층,(지번) 은행동 45-11,042-222-5747,
소잉아카데미 유성점,0.0,0건,리뷰 0,대전 유성구 계룡로 84 레자미3차 2층,(지번) 봉명동 447-6,042-222-5747,https://dsewing.modoo.at/
디갤,0.0,0건,리뷰 0,대전 동구 대전로 845,(지번) 정동 9-1,042-222-2600,
한국재료,0.0,0건,리뷰 0,대전 중구 중교로 36,(지번) 대흥동 452-68,042-254-2123,
오,0.0,0건,리뷰 0,대전 서구 둔산중로78번길 36 청우빌딩 B101호,(지번) 둔산동 1393,042-254-2123,http://cafe.daum.net/owongallery
디엠공방,0.0,0건,리뷰 0,대전 유성구 월드컵대로307번길 5,(지번) 구암동 614-4,042-863-8598,
평송공예,0.0,0건,리뷰 0,대전 동구 산내로 429-1,(지번) 하소동 104-1,042-273-2214,
무지개뜨개방,0.0,0건,리뷰 0,대전 동구 홍도로9번길 36-9 1층 101호,(지번) 홍도동 69-2,042-672-3947,
,"D 아트홀릭미술공방 미술,공예",5.0,1건,리뷰 0,(지번) 홍도동 69-2,042-672-3947,https://blog.naver.com/artholic01
소매공예품,0.0,0건,리뷰 0,대전 중구 중앙로 지하 145,(지번) 은행동 216,연락처 없음,
송강생활도예,0.0,0건,리뷰 0,대전 유성구 와룡로 29,(지번) 송강동 208-2,042-935-2345,
영아트플라워,0.0,0건,리뷰 0,대전 동구 산내로 1310,(지번) 낭월동 166-1,042-274-2527,
다인목,0.0,0건,리뷰 0,대전 중구 어덕마을로 41,(지번) 목동 66-7,연락처 없음,
대전공예학원,0.0,0건,리뷰 0,대전 동구 동서대로 1689 서관 5층,(지번) 용전동 63-3,070-4133-7859,
롯데갤러리 ,0.0,0건,리뷰 7,대전 서구 계룡로 598 9층,(지번) 괴정동 423-1,042-601-2828,
물듦,0.0,0건,리뷰 0,대전 유성구 유성대로680번길 110,(지번) 구암동 544-14,연락처 없음,
라르고공방,0.0,0건,리뷰 1,대전 서구 가수원로 103-9 승일빌리지 1층,(지번) 가수원동 655-21,연락처 없음,http://storefarm.naver.com/largostudio
다인예실,0.0,0건,리뷰 0,대전 유성구 원신흥남로42번길 6-15,(지번) 원신흥동 546-9,010-5171-4679,
핑크몬스터,0.0,0건,리뷰 0,대전 동구 가오동 658 은어송1단지 상가 2층,(지번) 원신흥동 546-9,010-5171-4679,http://www.instagram.com/ppinkmonster
dtc,0.0,0건,리뷰 1,"대전 동구 동서대로 1689 대전복합터미널 1, 2층",(지번) 용전동 63-3,042-620-0512,http://djbusterminal.co.kr/index.php?module=Board&action=SiteBoard&iBrdNo=3&sMode=SELECT_FORM
연연공방,0.0,0건,리뷰 2,대전 유성구 대학로 90 누드캐슬빌딩 2층,(지번) 궁동 482-1,연락처 없음,http://yeonyeon.modoo.at/
노블유,0.0,0건,리뷰 1,대전 중구 계백로1618번길 59,(지번) 유천동 175-30,연락처 없음,https://blog.naver.com/dbwndud218
어나더포레스트,0.0,0건,리뷰 1,대전 중구 중앙로112번길 37 2층 201호,(지번) 대흥동 473,연락처 없음,https://smartstore.naver.com/anotherforest
,"D 후니여니공방 미술,공예",0.0,0건,리뷰 1,(지번) 대흥동 473,연락처 없음,
하이우드 호남영업소,0.0,0건,리뷰 0,대전 동구 산서로 1557,(지번) 대별동 48-1,042-273-9903,
에이스공방,0.0,0건,리뷰 0,대전 중구 목척8길 22,(지번) 은행동 10-7,042-254-1550,
황실유럽자수,0.0,0건,리뷰 0,대전 서구 갈마로147번길 45-10,(지번) 갈마동 1342,연락처 없음,
옥,0.0,0건,리뷰 0,대전 중구 보문로260번길 10 2층,(지번) 대흥동 469-1,070-8125-4502,
심플소잉NCC 대전노은점,0.0,0건,리뷰 0,대전 유성구 은구비남로 13 SK허브 105호,(지번) 지족동 894-5,070-7776-5337,http://blog.naver.com/choroc5
모은공방,0.0,0건,리뷰 2,대전 유성구 문지로 6,(지번) 도룡동 383-27,070-8286-8376,
운,0.0,0건,리뷰 0,대전 대덕구 신탄진로 244,(지번) 와동 364-11,042-621-5151,
,0.0,0건,리뷰 0,대전 동구 충정로 137 2층,(지번) 자양동 188-11,042-321-3139,
향기공방,0.0,0건,리뷰 0,대전 대덕구 신탄진로790번길 6,(지번) 신탄진동 154-20,042-932-2309,
오보예엘사칠,0.0,0건,리뷰 0,대전 동구 충정로 54,(지번) 가양동 150-19,010-8706-4067,https://l47.modoo.at/
로데르포미,0.0,0건,리뷰 0,대전 유성구 노은서로210번길 32 열매마을4단지 상가동 204호,(지번) 지족동 858,010-8706-4067,https://blog.naver.com/qhaldjssl1
실타레,0.0,0건,리뷰 0,대전 중구 계백로1584번길 28,(지번) 유천동 304-11,042-586-6566,
종합실뜨개방,0.0,0건,리뷰 0,대전 중구 태평로 35,(지번) 태평동 551,042-536-0338,
주희네공방,0.0,0건,리뷰 0,대전 동구 계족로 200,(지번) 대동 174-1,042-627-8267,
,D 월정전통목공예연구실 목공예,0.0,0건,리뷰 0,(지번) 대동 174-1,042-285-4918,
민,0.0,0건,리뷰 0,대전 동구 대전로 894,(지번) 삼성동 295-21,연락처 없음,
포토앤,0.0,0건,리뷰 0,대전 중구 선화서로 57,(지번) 선화동 409-1,042-252-3623,
온빚도예공방,0.0,0건,리뷰 0,대전 유성구 구즉로52번길 9,(지번) 송강동 182-12,연락처 없음,
더좋은날,5.0,1건,리뷰 3,대전 유성구 구즉로54번길 22,(지번) 송강동 182-7,연락처 없음,
백,0.0,0건,리뷰 0,대전 중구 보문로260번길 26,(지번) 대흥동 476-3,연락처 없음,
아랑주 중앙점,0.0,0건,리뷰 0,대전 동구 중앙로200번길 99,(지번) 원동 42-1,042-256-8268,
필쏘굿,0.0,0건,리뷰 0,대전 유성구 대학로 59 샹그릴라플러스빌 15층,(지번) 봉명동 604-2,070-8829-6042,http://blog.naver.com/wjdfls34
서울컴퓨터자수,0.0,0건,리뷰 0,대전 동구 중교로 118,(지번) 원동 60-15,042-254-5555,http://www.seouljasu.com/
땡글공방,0.0,0건,리뷰 0,대전 대덕구 계족로608번길 17-14,(지번) 법동 200-12,010-4828-1744,
고향미술품골동품전,0.0,0건,리뷰 0,대전 유성구 현충원로 401,(지번) 구암동 429,042-523-3221,
고,0.0,0건,리뷰 0,대전 대덕구 오정로75번길 94,(지번) 오정동 305-5,042-253-1525,
한지갤러리학원,0.0,0건,리뷰 0,대전 중구 중앙로13번길 45,(지번) 용두동 20-11,042-488-1558,
남원공예사,4.0,1건,리뷰 0,대전 서구 계백로 1465,(지번) 도마동 135-5,042-532-6838,
태수갤,0.0,0건,리뷰 0,대전 중구 대종로 654,(지번) 중촌동 117-14,042-622-4147,http://blog.naver.com/pss030400
,"D 사글세작업실 미술,공예",0.0,0건,리뷰 1,(지번) 중촌동 117-14,042-622-4147,https://blog.naver.com/smgsl
스튜디오테이블,0.0,0건,리뷰 1,대전 유성구 장대로71번길 15 1층,(지번) 장대동 271-27,연락처 없음,https://blog.naver.com/soyoungng
프리언뜨,0.0,0건,리뷰 0,대전 동구 중심4길 22,(지번) 판암동 567-6,010-6428-8076,http://priantt.com/
영프레임,0.0,0건,리뷰 0,대전 중구 중촌로24번길 47,(지번) 중촌동 101-14,042-256-3184,
황실유럽자수 테크노밸리점,0.0,0건,리뷰 0,대전 유성구 관들2길 48,(지번) 관평동 1092,연락처 없음,
마지목,0.0,0건,리뷰 0,대전 유성구 월드컵대로245번길 15,(지번) 구암동 629-4,010-3369-3462,
한샘표구사,0.0,0건,리뷰 0,대전 중구 대흥동 508-100,(지번) 구암동 629-4,연락처 없음,
아트앤하트,0.0,0건,리뷰 0,대전 중구 계룡로918번길 28,(지번) 문화동 1-104,연락처 없음,
동진디에스엠,0.0,0건,리뷰 0,대전 동구 석천로 47-21,(지번) 낭월동 813,042-272-0689,
진잠손뜨게방,0.0,0건,리뷰 0,대전 유성구 진잠로74번길 47,(지번) 원내동 309-13,연락처 없음,
바느질여행,0.0,0건,리뷰 0,대전 동구 용운로 80,(지번) 용운동 460,연락처 없음,
봄봄소잉,0.0,0건,리뷰 0,대전 대덕구 송촌북로 26,(지번) 송촌동 451-12,연락처 없음,
중앙 공예사,0.0,0건,리뷰 0,대전 동구 태전로 21-1,(지번) 중동 9-8,042-252-5280,
바느질산책,0.0,0건,리뷰 0,대전 대덕구 덕암북로 37,(지번) 석봉동 314-1,042-931-5402,
공방스텝스,0.0,0건,리뷰 0,대전 유성구 은구비서로24번길 46,(지번) 지족동 916-9,연락처 없음,
,"D 코드컴퍼니 미술,공예",0.0,0건,리뷰 0,(지번) 지족동 916-9,연락처 없음,http://www.kimeunsun.com/
보광액자공장,0.0,0건,리뷰 0,대전 중구 보문로 174-1,(지번) 대흥동 109-18,042-226-8859,
우드,0.0,0건,리뷰 0,대전 서구 유등로43번길 14-25,(지번) 복수동 692,연락처 없음,
도도공방,0.0,0건,리뷰 0,대전 유성구 원신흥남로42번길 59,(지번) 원신흥동 550-7,042-825-2122,https://www.facebook.com/DODO2279/
퀼트뷰,0.0,0건,리뷰 0,대전 유성구 원신흥남로42번길 51,(지번) 원신흥동 550-5,042-535-6574,
,0.0,0건,리뷰 0,대전 중구 대전천서로 469,(지번) 은행동 18-21,연락처 없음,
비앤아뜰리에,0.0,0건,리뷰 0,대전 동구 은어송로77번길 45,(지번) 가오동 510,042-274-3001,
진스타일퀼트,0.0,0건,리뷰 0,대전 서구 문정로 77,(지번) 탄방동 746,042-486-2492,
서울,0.0,0건,리뷰 0,대전 동구 대전로 730,(지번) 원동 96-35,042-282-7272,
피오니아트공방,0.0,0건,리뷰 0,대전 대덕구 비래동로15번길 56,(지번) 비래동 121-20,연락처 없음,
디이레,0.0,0건,리뷰 0,대전 유성구 반석동로40번길 78-9,(지번) 반석동 653-5,연락처 없음,
소나무,0.0,0건,리뷰 0,대전 중구 동서대로 1435-1,(지번) 중촌동 398-8,연락처 없음,
술독,0.0,0건,리뷰 0,대전 동구 대성길 19,(지번) 가양동 580-25,연락처 없음,
플랜아이,0.0,0건,리뷰 0,대전 동구 옥천로180번길 23,(지번) 판암동 202,연락처 없음,
물감세상,0.0,0건,리뷰 0,대전 동구 가양동 30-9,(지번) 판암동 202,연락처 없음,
,"D 메이드인하루 미술,공예",0.0,0건,리뷰 1,(지번) 판암동 202,연락처 없음,https://blog.naver.com/fsfsing
다솔뜨개방,0.0,0건,리뷰 0,대전 서구 벌곡로1353번길 31,(지번) 가수원동 773-8,042-544-6979,
대명기공,0.0,0건,리뷰 0,대전 대덕구 한남로114번길 67,(지번) 오정동 433-7,042-626-2510,
안나공방,0.0,0건,리뷰 0,대전 서구 정림로 55,(지번) 정림동 584,042-585-0696,
아이솝,0.0,0건,리뷰 0,대전 서구 계룡로562번길 33,(지번) 괴정동 43-13,042-320-4789,http://blog.naver.com/pakdea0204
작은아씨들,0.0,0건,리뷰 0,대전 동구 우암로 215,(지번) 가양동 531-14,연락처 없음,
순간아뜰리에,0.0,0건,리뷰 0,대전 서구 관저중로64번길 63 블루상가 109호,(지번) 관저동 1517,연락처 없음,http://www.soongan2s.com/
대전공방옷장,0.0,0건,리뷰 0,대전 대덕구 계족산로25번길 31 103호,(지번) 중리동 102-7,042-635-2979,
아름다운공예사랑 대전본부,0.0,0건,리뷰 0,대전 대덕구 계족로608번길 11,(지번) 법2동 201-8,042-633-3773,
도예공방Zakup,0.0,0건,리뷰 0,대전 유성구 원신흥남로41번길 64 1층,(지번) 원신흥동 569-5,연락처 없음,http://blog.naver.com/zakupstudio
구심 ENG,0.0,0건,리뷰 0,대전 유성구 테크노8로 38,(지번) 용산동 553-1,042-934-2662,
이끌,0.0,0건,리뷰 0,대전 대덕구 홍도로73번길 65 1층 상가,(지번) 오정동 201-5,0507-1483-1265,http://instagram.com/eccl_woodstudio
조인공작소,0.0,0건,리뷰 0,대전 유성구 어은로 57 220호,(지번) 어은동 99,연락처 없음,
천안골동품,0.0,0건,리뷰 0,대전 동구 계족로368번길 136-38,(지번) 가양동 438-29,연락처 없음,
아띠공예,0.0,0건,리뷰 0,대전 유성구 어은로58번길 14,(지번) 어은동 111-1,042-867-3916,
,D 중국고도자연구소 골동품,0.0,0건,리뷰 0,(지번) 어은동 111-1,042-867-3916,
현공방,0.0,0건,리뷰 0,대전 대덕구 계족로586번길 17,(지번) 중리동 100-14,042-622-2223,
세움모둠미술재료,0.0,0건,리뷰 0,대전 동구 계족로 124 5층,(지번) 대동 199-6,042-334-6519,http://stand-group-palette.com/
바늘땀이야기,0.0,0건,리뷰 0,대전 동구 신기로 99 4층,(지번) 가오동 489,042-272-4520,http://blog.naver.com/doll9421
꽃향기공방,0.0,0건,리뷰 0,대전 대덕구 중리남로8번길 101,(지번) 중리동 135-8,연락처 없음,
장원갤,0.0,0건,리뷰 0,대전 동구 대전천북로 8,(지번) 삼성동 307-3,010-4438-0200,
바늘콕,0.0,0건,리뷰 0,대전 유성구 송강로 15,(지번) 송강동 200-1,070-8860-1360,
스윗알리썸,0.0,0건,리뷰 0,대전 유성구 원신흥남로12번길 41-21,(지번) 원신흥동 553-4,010-8805-2301,http://blog.naver.com/aqua0320
향기나루공방,0.0,0건,리뷰 0,대전 동구 계족로140번길 46,(지번) 대동 198-27,연락처 없음,http://jamjam3.blog.me/
규방명인관,0.0,0건,리뷰 0,대전 중구 중앙로109번길 7,(지번) 선화동 286-6,042-226-1357,http://kjwgongbang.itrocks.kr/
영광수예,0.0,0건,리뷰 1,대전 중구 계룡로881번길 9-14,(지번) 용두동 17-1,연락처 없음,
새벽화실,0.0,0건,리뷰 0,대전 유성구 원신흥남로11번길 6-21 1층,(지번) 원신흥동 574-2,연락처 없음,https://www.instagram.com/saebyeok.art
서울아트,0.0,0건,리뷰 0,대전 중구 중앙로16번길 18,(지번) 문화동 1-130,연락처 없음,
이십일그램,0.0,0건,리뷰 0,대전 서구 월평새뜸로20번길 48 105호,(지번) 월평동 1351,070-8237-0091,
안빵마실,0.0,0건,리뷰 1,대전 유성구 원신흥남로42번길 28-10,(지번) 원신흥동 548-4,연락처 없음,http://blog.naver.com/ryongsame
,D 보문산방 골동품,5.0,1건,리뷰 0,(지번) 원신흥동 548-4,연락처 없음,
열린뜨개교실,0.0,0건,리뷰 0,대전 중구 중교로 8-1,(지번) 대흥동 508-10,연락처 없음,
모퉁이공방,0.0,0건,리뷰 0,대전 유성구 지족로349번길 40-13,(지번) 지족동 981-5,연락처 없음,
따오기디자인,0.0,0건,리뷰 1,대전 서구 원도안로241번길 14-18 1층,(지번) 도안동 1029,010-4420-1011,https://blog.naver.com/sunupkho
사글세작업실,0.0,0건,리뷰 2,대전 서구 도안북로93번길 20-23,(지번) 도안동 868,연락처 없음,http://blog.naver.com/smgsl
멜리플루어스,0.0,0건,리뷰 2,대전 서구 월평동로26번길 9 1층,(지번) 갈마동 723,042-623-7151,https://www.instagram.com/mellifluous_candle/
백제,0.0,0건,리뷰 0,대전 동구 대전로 845,(지번) 정동 9-1,042-255-1727,
삼익화랑,0.0,0건,리뷰 0,대전 중구 계백로 1640,(지번) 유천동 127-8,042-583-2517,
제시카수예,0.0,0건,리뷰 0,대전 동구 중앙로194번길 61,(지번) 원동 60-2,042-257-6133,
초글,0.0,0건,리뷰 1,대전 유성구 관들5길 15-29 1층,(지번) 관평동 1207,연락처 없음,https://blog.naver.com/cho-gl
경북수예,0.0,0건,리뷰 0,대전 동구 중앙로200번길 99,(지번) 원동 42-1,042-252-0648,
도예공방작업,0.0,0건,리뷰 0,대전 유성구 원신흥남로41번길 64,(지번) 원신흥동 569-5,연락처 없음,
길정본나전공예원,0.0,0건,리뷰 0,대전 동구 솔랑시울길 12,(지번) 삼성동 100-22,042-477-7793,
천,0.0,0건,리뷰 0,대전 동구 대전로 946,(지번) 삼성동 304-28,042-634-2983,
얀하우스 대전엑슬루타워점,0.0,0건,리뷰 0,대전 대덕구 대덕대로 1555 금강엑슬루타워 상가 211호,(지번) 석봉동 770,연락처 없음,http://blog.naver.com/jealc9
,D SM갤러리 화랑,0.0,0건,리뷰 0,(지번) 석봉동 770,연락처 없음,
잇츠소잉,0.0,0건,리뷰 0,대전 중구 중앙로13번길 32 2층,(지번) 용두동 16-3,070-4415-8255,http://xn--9l4bj3iha068d.com/
경천공방,0.0,0건,리뷰 0,대전 서구 괴곡길 558,(지번) 괴곡동 107,연락처 없음,
디자인드림,0.0,0건,리뷰 0,대전 중구 보문산로 406,(지번) 대사동 627-27,연락처 없음,
,5.0,1건,리뷰 0,대전 서구 둔산남로179번길 17,(지번) 둔산동 1935,연락처 없음,
김근영 화실,0.0,0건,리뷰 0,대전 서구 갈마로117번길 60,(지번) 갈마동 405-21,연락처 없음,
갤러리,5.0,1건,리뷰 0,대전 서구 대덕대로 366 해가든센트럴파크 105호,(지번) 만년동 282,042-483-5337,
그녀들의다락방,0.0,0건,리뷰 0,대전 서구 복수동로 48 1층,(지번) 복수동 486,042-581-0515,http://blog.naver.com/hyehwa119
세라믹스토리,0.0,0건,리뷰 0,대전 유성구 지족로349번길 12,(지번) 지족동 979-5,연락처 없음,
정원미술관,0.0,0건,리뷰 0,대전 대덕구 우암동로18번길 13,(지번) 비래동 134-12,042-272-8385,http://jw-art.com/
잇츠소잉,0.0,0건,리뷰 0,대전 동구 대전로 463 2층,(지번) 가오동 387-14,연락처 없음,
초언니들,0.0,0건,리뷰 2,대전 유성구 대덕대로556번길 87 아트쉐어하우스 102호,(지번) 도룡동 395-21,010-4740-0082,https://smartstore.naver.com/candlesister_store
코아,0.0,0건,리뷰 0,대전 서구 정림로77번길 25,(지번) 정림동 572,042-472-4736,
플라워공방,0.0,0건,리뷰 0,대전 중구 계룡로869번길 33,(지번) 용두동 26-20,연락처 없음,
빛담은공방,0.0,0건,리뷰 0,대전 동구 계족로489번길 22-2,(지번) 용전동 42-21,연락처 없음,
,"D 미르공방 미술,공예",0.0,0건,리뷰 0,(지번) 용전동 42-21,연락처 없음,
상아컴퓨터자수,0.0,0건,리뷰 0,대전 대덕구 오정로100번길 68,(지번) 오정동 82-2,042-636-9165,
대,0.0,0건,리뷰 0,대전 동구 대전로 942,(지번) 삼성동 304-19,연락처 없음,
아트샵21,0.0,0건,리뷰 0,대전 중구 테미로 50-1 2층,(지번) 대흥동 519-7,연락처 없음,http://facebook.com/artshop21
레노마홈,0.0,0건,리뷰 0,대전 서구 계룡로 598,(지번) 괴정동 423-1,042-601-2080,
만,0.0,0건,리뷰 0,대전 동구 미화7길 18,(지번) 소제동 산 28-1,042-621-3369,
온담아트,5.0,1건,리뷰 0,대전 유성구 유성대로668번길 64,(지번) 구암동 606-1,042-621-3369,http://www.on-dam.com/
드림하이테크,0.0,0건,리뷰 0,대전 대덕구 문평서로 52,(지번) 문평동 48-30,042-933-7742,
개미,0.0,0건,리뷰 0,대전 중구 당디로 87-2,(지번) 산성동 136-35,010-5636-2996,
껀스초크아트,0.0,0건,리뷰 0,대전 대덕구 비래서로9번길 56 1층,(지번) 비래동 120-18,042-383-4730,http://www.gguns.co.kr/
홍석,0.0,0건,리뷰 0,대전 유성구 전민로6번길 93 지하,(지번) 전민동 305-7,042-862-1109,
아띠스튜디오,0.0,0건,리뷰 0,대전 유성구 원신흥로55번길 6-35 1층,(지번) 원신흥동 504-6,042-581-3332,http://blog.naver.com/atti_candle
수상한꽃집,0.0,0건,리뷰 0,대전 중구 중앙로13번길 37,(지번) 용두동 20-18,연락처 없음,
128스,0.0,0건,리뷰 1,대전 중구 중앙로112번길 46 2층,(지번) 대흥동 465-1,연락처 없음,http://www.artspace128.com/
청솔수예점,0.0,0건,리뷰 0,대전 서구 도마5길 12,(지번) 도마동 130-1,연락처 없음,
퀼트마을,0.0,0건,리뷰 0,대전 동구 중앙로200번길 85,(지번) 원동 40-1,042-222-2202,
원동수예,0.0,0건,리뷰 0,대전 동구 중교로 125,(지번) 원동 56-5,연락처 없음,
한맥,0.0,0건,리뷰 0,대전 중구 중촌로28번길 15,(지번) 중촌동 99-16,010-5454-2087,
한양표구사,0.0,0건,리뷰 0,대전 중구 보문로 245,(지번) 대흥동 508-31,042-254-4769,
상명자수,0.0,0건,리뷰 0,대전 서구 유등로 303,(지번) 도마1동 86-21,042-525-5174,
경희화,0.0,0건,리뷰 0,대전 동구 계족로362번길 4,(지번) 성남동 166-101,042-628-8803,
나,0.0,0건,리뷰 0,대전 중구 대둔산로408번길 23,(지번) 산성동 283-19,연락처 없음,http://www.namuen.com/
아름다운공예사랑 용전점,0.0,0건,리뷰 0,대전 동구 계족로483번길 47,(지번) 용전동 149-11,042-627-6254,
선,0.0,0건,리뷰 0,대전 동구 대전로906번길 98,(지번) 삼성동 302-25,연락처 없음,
제니블러썸,0.0,0건,리뷰 0,대전 유성구 원신흥남로42번길 11-27,(지번) 원신흥동 539-5,연락처 없음,
한국예술공예개발원,5.0,1건,리뷰 0,대전 유성구 온천북로33번길 22-15 탄암빌딩 3층,(지번) 봉명동 649-5,연락처 없음,http://www.kacdi.net/
향기공방,0.0,0건,리뷰 13,대전 서구 대덕대로185번길 14 4층 401호,(지번) 둔산동 1048,연락처 없음,https://blog.naver.com/limji9106100
마이퀼트,5.0,1건,리뷰 0,대전 유성구 노은서로112번길 66,(지번) 노은동 496-1,042-482-3939,
청사뜨개방,0.0,0건,리뷰 0,대전 동구 동광장로 39-1,(지번) 신안동 230-17,연락처 없음,
분홍이팝엔캘리아트,0.0,0건,리뷰 0,대전 중구 태평로44번길 38,(지번) 유천동 317-56,010-3422-9875,
,"D 네임레더팩토리 4호점 미술,공예",0.0,0건,리뷰 0,(지번) 유천동 317-56,010-3422-9875,
얀하우스 전민점,0.0,0건,리뷰 0,대전 유성구 전민로10번길 46,(지번) 전민동 327-19,010-7240-7270,
JB핸드,0.0,0건,리뷰 0,대전 유성구 계룡로60번길 45,(지번) 봉명동 464-15,연락처 없음,
그리미공방,0.0,0건,리뷰 1,대전 서구 도산로 266,(지번) 가장동 39-14,연락처 없음,
규방퀼트,0.0,0건,리뷰 0,대전 동구 중앙로200번길 70,(지번) 원동 85-1,연락처 없음,
아라수공방,0.0,0건,리뷰 0,대전 유성구 은구비서로24번길 14,(지번) 지족동 918-5,연락처 없음,
퀼트빌리지,0.0,0건,리뷰 0,대전 중구 동서대로1421번길 25,(지번) 중촌동 410-2,042-223-6179,
캔들마을,0.0,0건,리뷰 0,대전 중구 중앙로170번길 8,(지번) 은행동 45-11,연락처 없음,
꽃길사랑공방,0.0,0건,리뷰 0,대전 동구 역전1길 135,(지번) 정동 3-21,연락처 없음,
성,5.0,1건,리뷰 0,대전 대덕구 대화로 160 17동119호,(지번) 대화동 289-1,042-627-3635,http://www.xn--p39au51bhweowa.com/
퀼트훼미리,0.0,0건,리뷰 0,대전 동구 중앙로200번길 73,(지번) 원동 38-1,042-471-0722,
삼부수예점,0.0,0건,리뷰 0,대전 중구 태평로 71,(지번) 태평2동 395-1,042-525-7539,
능가비공방,0.0,0건,리뷰 1,대전 유성구 월드컵대로316번길 33,(지번) 상대동 456-2,042-825-9836,https://blog.naver.com/jollyms
야곱초크아트,0.0,0건,리뷰 0,대전 서구 대덕대로 150 경성큰마을아파트상가 1층,(지번) 갈마2동 1418,연락처 없음,
노가다손꾸락,0.0,0건,리뷰 0,대전 동구 동대전로256번길 28,(지번) 가양동 651-3,연락처 없음,
,"D 작은공간에서만드는가방 미술,공예",1.0,1건,리뷰 0,(지번) 가양동 651-3,연락처 없음,http://blog.naver.com/gongbang_mrj
난초,0.0,0건,리뷰 0,대전 유성구 죽동로242번길 24,(지번) 죽동 733-11,연락처 없음,https://blog.naver.com/nancho_nancho
중앙미술디,0.0,0건,리뷰 0,대전 중구 대종로 563,(지번) 선화동 135-1,042-222-3161,
얀하우스 전민점,0.0,0건,리뷰 0,대전 유성구 전민로10번길 21,(지번) 전민동 370-6,연락처 없음,
빈스토리,0.0,0건,리뷰 0,대전 유성구 송강로26번길 44,(지번) 송강동 31-10,연락처 없음,
스타라이트,0.0,0건,리뷰 0,대전 유성구 농대로 14,(지번) 어은동 100-15,070-7532-0305,
꿈담는손,0.0,0건,리뷰 0,대전 동구 대전로 422-30,(지번) 가오동 244-1,042-282-3164,
하늘정원,0.0,0건,리뷰 0,대전 서구 괴정동 53-23,,연락처 없음,
춘당초상,0.0,0건,리뷰 0,대전 중구 테미로 2 1층,(지번) 대흥동 240-83,연락처 없음,
남원공예사,0.0,0건,리뷰 0,대전 서구 도마5길 77,(지번) 도마동 86-100,042-532-6838,
비르숨미술,0.0,0건,리뷰 0,대전 동구 계족로463번길 47,(지번) 용전동 169-3,042-622-9594,
아름다운공예사랑,0.0,0건,리뷰 0,대전 대덕구 중리동로 64,(지번) 중리동 138-10,042-626-2999,http://www.korcca.or.kr/
아기자기 태평점,0.0,0건,리뷰 0,대전 중구 수침로 122,(지번) 태평동 254-4,042-528-8988,
비누꽃나라,5.0,1건,리뷰 0,대전 동구 동서대로 1689 대전복합터미널 서관 이마트 5층,(지번) 용전동 63-3,010-5584-8290,http://blog.naver.com/andodo704
지영손뜨개,0.0,0건,리뷰 0,대전 동구 계족로483번길 53,(지번) 용전동 149-1,042-622-1806,
,D 윤갤러리 화랑,0.0,0건,리뷰 0,(지번) 용전동 149-1,042-622-1806,
버드나무숲의소잉,0.0,0건,리뷰 0,대전 중구 목중로26번길 29,(지번) 중촌동 16-9,043-221-3923,https://blog.naver.com/semi_sarang/
Y갤러리,0.0,0건,리뷰 0,대전 서구 관저로 171,(지번) 관저동 1411,042-545-8410,
공방,0.0,0건,리뷰 0,대전 서구 월평중로3번길 38,(지번) 월평동 950,042-487-5738,
태미공방 갈마점,0.0,0건,리뷰 0,대전 서구 계룡로367번길 95,(지번) 갈마동 769,042-343-9595,
꾸에로페페,1.0,1건,리뷰 0,대전 서구 가수원중로 54 101호,(지번) 가수원동 774-11,연락처 없음,http://blog.naver.com/eyhan2293
영2,0.0,0건,리뷰 0,대전 동구 동대전로284번길 43,(지번) 가양동 85-13,070-4383-5520,
한솔갤러리,0.0,0건,리뷰 0,대전 중구 보문로 315,(지번) 선화동 184-6,연락처 없음,
매일컴퓨터자수,0.0,0건,리뷰 0,대전 동구 대전로839번길 70,(지번) 중동 35-1,042-255-0261,
송계초,0.0,0건,리뷰 1,대전 중구 보문로 280,(지번) 선화동 286-3,042-256-9393,
영일컴퓨터자수,0.0,0건,리뷰 0,대전 동구 충정로 98,(지번) 가양동 166-7,042-632-2808,
리누공방,0.0,0건,리뷰 0,대전 서구 둔산로206번길 33,(지번) 둔산동 1907,042-484-7201,https://www.instagram.com/rinukongbang_candle
칼라믹스공방,0.0,0건,리뷰 0,대전 서구 복수남로32번길 49,(지번) 복수동 479,042-581-6598,
초상화,0.0,0건,리뷰 0,대전 중구 유천로47번길 56,(지번) 유천동 303-43,010-9410-0505,
대전,0.0,0건,리뷰 0,대전 중구 대둔산로420번길 17,(지번) 산성동 286-19,연락처 없음,
,"D 하랑공방 미술,공예",0.0,0건,리뷰 0,(지번) 산성동 286-19,연락처 없음,
모두의재봉,0.0,0건,리뷰 0,대전 중구 보문로260번길 7,(지번) 대흥동 486-2,연락처 없음,http://www.instagram.com/social_needlework
만능골,0.0,0건,리뷰 0,대전 동구 동서대로1748번길 136,(지번) 가양동 54-28,연락처 없음,
계룡유기공,0.0,0건,리뷰 0,대전 대덕구 대화로32번길 60-50,(지번) 대화동 1-3,연락처 없음,
L사칠,0.0,0건,리뷰 0,대전 동구 동대전로284번길 105,(지번) 가양동 54-2,연락처 없음,
춘사,0.0,0건,리뷰 0,대전 서구 문예로 16,(지번) 탄방동 834,042-484-6328,
달콤한공장,0.0,0건,리뷰 0,대전 유성구 송림로48번길 6-28 102호,(지번) 하기동 529-6,042-322-5959,http://instagram.com/dalcom_art
이음,0.0,0건,리뷰 0,대전 중구 동서대로1421번길 24,(지번) 중촌동 405-18,연락처 없음,
온소유,0.0,0건,리뷰 0,대전 대덕구 계족로598번길 37-5,(지번) 법동 208-5,042-286-1298,
몽화,0.0,0건,리뷰 0,대전 중구 보문로260번길 10,(지번) 대흥동 469-1,연락처 없음,
윤봄갤러리,0.0,0건,리뷰 0,대전 서구 남선로60번길 5,(지번) 탄방동 1280,010-8460-2324,
해바라기공방,0.0,0건,리뷰 0,대전 대덕구 한밭대로1130번길 15,(지번) 중리동 235-1,연락처 없음,
봉주르공방,0.0,0건,리뷰 0,대전 서구 만년남로 8 2층,(지번) 만년동 281,연락처 없음,http://bbonjour.co.kr/
,0.0,0건,리뷰 0,대전 동구 대전로906번길 98,(지번) 삼성동 302-25,042-634-7953,
아띠,0.0,0건,리뷰 0,대전 유성구 관들1길 1,(지번) 관평동 884,042-934-9600,
,"D 내가만든나라 대전서구1호점 미술,공예",0.0,0건,리뷰 0,(지번) 관평동 884,042-934-9600,
헬로모모,0.0,0건,리뷰 1,대전 동구 중앙로200번길 85 신중앙시장 B동 1층 318호,(지번) 원동 40-1,010-7397-5004,http://hellomomo.modoo.at/
그래니스아뜰리에,0.0,0건,리뷰 0,대전 유성구 어은로 57 한빛프라자 219호,(지번) 어은동 99,연락처 없음,http://grannys-atelier.com/
해피뮤지엄,0.0,0건,리뷰 1,대전 대덕구 남경마을로1번길 6,(지번) 신탄진동 295-20,042-936-3232,
새로공간,0.0,0건,리뷰 0,대전 유성구 지족로364번길 19 109호,(지번) 지족동 987-1,연락처 없음,http://instagram.com/saero.upcycling
맘스핸드메이드,0.0,0건,리뷰 0,대전 유성구 은구비서로 30,(지번) 지족동 916-1,연락처 없음,
아름다운공예사랑 갈마동점,0.0,0건,리뷰 0,대전 서구 계룡로342번길 54,(지번) 갈마동 304-15,010-4428-8882,http://www.korcca.or.kr/
공방 수,0.0,0건,리뷰 3,대전 서구 월평중로3번길 64 1층,(지번) 월평동 1077,042-484-1433,
다성컴퓨터자수,0.0,0건,리뷰 0,대전 서구 조달청길 76,(지번) 도마동 102-28,연락처 없음,
손나래공방,0.0,0건,리뷰 0,대전 서구 청사서로 65 한아름아파트상가 2층,(지번) 월평동 222,042-487-2667,http://sonnarai.modoo.at/
스튜디오라루나,0.0,0건,리뷰 13,대전 서구 갈마로125번길 12 1층 102호,(지번) 갈마동 1472,042-487-2667,https://blog.naver.com/alaluna00100
아트앤,0.0,0건,리뷰 0,대전 동구 용운로1번길 5,(지번) 대동 180-16,042-349-1113,
꽃한지,0.0,0건,리뷰 0,대전 서구 가장로 106,(지번) 가장동 55,연락처 없음,
블링블링,0.0,0건,리뷰 0,대전 동구 동서대로1601번길 35,(지번) 홍도동 66-20,연락처 없음,
진산공예사,0.0,0건,리뷰 0,대전 동구 선화로 191,(지번) 삼성동 277-7,연락처 없음,
,"D 오밀조밀공방 미술,공예",0.0,0건,리뷰 0,(지번) 삼성동 277-7,연락처 없음,http://instagram.com/omiljomil_studio
무등고,0.0,0건,리뷰 0,대전 동구 대전로 938-1,(지번) 삼성동 304-17,042-637-9336,
