공방이름,평균별점,별점건수,리뷰건수,주소,지번주소,연락처,홈페이지
도자기공방 노원,5.0,1건,리뷰 2,대구 북구 침산남로 9-3,(지번) 노원동1가 217,연락처 없음,https://blog.naver.com/noonecera
도자기공방 수작,0.0,0건,리뷰 0,대구 달성군 다사읍 대실역북로2길 115 1층,(지번) 다사읍 매곡리 1530-7,053-585-9832,http://blog.naver.com/soojak79
늬앙스도자기공방,0.0,0건,리뷰 0,대구 남구 안골길 49-1,(지번) 대명동 853-12,010-2383-6126,https://blog.naver.com/intechno
,"D 그림그린도자기공방 미술,공예",5.0,1건,리뷰 0,(지번) 대명동 853-12,010-2383-6126,http://cafe.daum.net/paintingdeco
지혜진아트도자기공방,5.0,1건,리뷰 0,경기 수원시 영통구 매봉로49번길 5 3층,(지번) 매탄동 1195-1,010-2383-6126,https://www.instagram.com/cheehyejin_ceramic_studio
하늘닮은도자기공방 마산본점,0.0,0건,리뷰 34,경남 창원시 마산회원구 3.15대로 560,(지번) 회원1동 165-5,010-2979-3507,http://www.xn--ob0bx0i77izi0a.kr/
도자기공방 모색,0.0,0건,리뷰 7,부산 금정구 중앙대로1660번길 6,(지번) 부곡동 255-2,010-2979-3507,https://www.instagram.com/ms_ceramics/
하이리 부산도자기공방,5.0,1건,리뷰 0,부산 동래구 온천천로471번가길 51-8 2층,(지번) 안락동 631-39,연락처 없음,
크레아토도자기공방,0.0,0건,리뷰 1,서울 서초구 방배로16길 11-11 지하,(지번) 방배동 905-10,070-8623-2409,http://blog.naver.com/designstudiok
속닥속닥도자기공방,0.0,0건,리뷰 0,대구 북구 동암로38길 9,(지번) 구암동 775-6,연락처 없음,
도자기공방,0.0,0건,리뷰 0,서울 송파구 송파대로48길 29,(지번) 송파동 33,연락처 없음,
타다도자기공방,0.0,0건,리뷰 1,서울 마포구 동교로50길 11 3층,(지번) 연남동 224-6,연락처 없음,https://www.instagram.com/tada_ceramic/
리베르테 도자기공방,5.0,1건,리뷰 0,대구 동구 큰고개로 23 라동 상가 202호,(지번) 신암동 622,연락처 없음,
소소도자기공방,0.0,0건,리뷰 2,경북 포항시 남구 연일읍 유강길 22 청구타운 2층,(지번) 연일읍 유강리 594,010-5684-0755,https://blog.naver.com/najar2
허들링도자기공방,0.0,0건,리뷰 2,인천 부평구 길주로585번길 8-2,(지번) 갈산동 395,연락처 없음,https://www.instagram.com/popomang/
꽃길도자기공방,0.0,0건,리뷰 2,전남 순천시 해룡면 매안3길 11 두리안빌딩 1층,(지번) 해룡면 신대리 2029-3,010-8289-9809,https://www.instagram.com/flowerwaypot/
도란도자기공방,0.0,0건,리뷰 3,경기 고양시 덕양구 권율대로 902,(지번) 신원동 628-1,연락처 없음,
도자기체험공방초이,0.0,0건,리뷰 0,서울 구로구 오류로8길 96,(지번) 오류동 146-4,02-6497-2001,
,"D 토토랑도자기공방 미술,공예",0.0,0건,리뷰 0,(지번) 오류동 146-4,02-6497-2001,http://blog.naver.com/totorang1134
다옴도자기공방,0.0,0건,리뷰 0,경기 하남시 이성로41번길 16,(지번) 춘궁동 35,연락처 없음,
비밤도자기공방,0.0,0건,리뷰 2,서울 마포구 동교로 212-16 2층,(지번) 동교동 153-14,연락처 없음,https://www.instagram.com/studio_beebalm/
예기 도자기 공방,0.0,0건,리뷰 0,부산 강서구 신호산단2로49번길 58 스마트빌 1층,(지번) 신호동 229-4,연락처 없음,https://blog.naver.com/clabee
소풍도자기공방,5.0,2건,리뷰 0,경북 군위군 효령면 간동유원지길 55,(지번) 효령면 성리 724,010-2527-4420,https://www.instagram.com/azimae65/
오로지 도자기공방,5.0,1건,리뷰 0,경기 용인시 처인구 명지로60번길 39-17 1층,(지번) 역북동 774-6,010-9349-1249,http://blog.naver.com/ceramickim
소운도자기공방,0.0,0건,리뷰 2,충북 청주시 흥덕구 3순환로773번길 39,(지번) 석곡동 86,연락처 없음,https://blog.naver.com/cucudi01
윤슬도자기공방,3.7,3건,리뷰 7,경기 수원시 장안구 장안로30번길 19 1층,(지번) 영화동 419-13,010-4532-7142,https://www.instagram.com/yunseul_ceramic/
조은도자기공방,5.0,1건,리뷰 0,경기 부천시 원미로156번길 30,(지번) 원미동 144-65,연락처 없음,
미리별도자기공방,0.0,0건,리뷰 1,경남 창원시 진해구 석동로59번길 8-3,(지번) 석동 646-4,연락처 없음,https://www.instagram.com/leej_hwa/
도자기공방,0.0,0건,리뷰 0,경기 수원시 권선구 구운로74번길 9,(지번) 구운동 472-5,031-298-3179,
땜통도자기공방,0.0,0건,리뷰 0,서울 강남구 도산대로23길 7,(지번) 신사동 561-35,02-3274-0848,
생활인도자기공방,5.0,1건,리뷰 0,서울 송파구 문정로 195,(지번) 오금동 160,010-2711-7903,
바랭이도자기공방,0.0,0건,리뷰 0,경기 용인시 기흥구 이현로29번길 26-8,(지번) 보정동 878-6,연락처 없음,
행복한도자기공방,0.0,0건,리뷰 0,전북 전주시 완산구 중인1길 163-5,(지번) 중인동 871,연락처 없음,http://blog.naver.com/parpama
,"D WOONICLAY 도자기공방 미술,공예",5.0,1건,리뷰 0,(지번) 중인동 871,연락처 없음,http://blog.naver.com/doyega0205
단단도자기공방,0.0,0건,리뷰 1,충남 천안시 동남구 통정1로 38-12,(지번) 신방동 1120,041-573-1101,https://dandanceramic.modoo.at/
도자기공방DAS,0.0,0건,리뷰 3,부산 동래구 금강로61번길 78,(지번) 온천동 319,연락처 없음,
그나무별도 도자기공방,0.0,0건,리뷰 0,대전 서구 원도안로224번안길 6-6,(지번) 도안동 1106,042-544-8765,http://blog.naver.com/308yjh
마지삐에로도자기공방,0.0,0건,리뷰 5,경기 화성시 동탄반석로 172 동양파라곤 216호,(지번) 반송동 93-3,031-613-7949,http://magicpainting.smphone.kr/
만드는날 도자기공방,0.0,0건,리뷰 0,대전 유성구 관들1길 15 102호,(지번) 관평동 880,042-936-7548,http://blog.naver.com/clayjeong
하늘빛도자기공방,0.0,0건,리뷰 0,전북 전주시 덕진구 동부대로 897-11,(지번) 호성동1가 851-6,연락처 없음,
부암 도자기 공방 자루,5.0,1건,리뷰 0,서울 종로구 자하문로42길 51,(지번) 신영동 156-1,연락처 없음,https://www.instagram.com/buam00/
토모도자기공방,0.0,0건,리뷰 1,충북 청주시 흥덕구 가경로149번길 24-6,(지번) 가경동 1263,043-221-0414,http://blog.naver.com/sysnjs
리에쥬 도자기핸드페인팅공방,0.0,0건,리뷰 0,경기 부천시 은성로 172-9 범박힐스테이트6단지 상가동 1층,(지번) 범박동 150-2,연락처 없음,http://blog.naver.com/liegestudio/
도자기공방 아바노스,0.0,0건,리뷰 2,인천 서구 열우물로282번길 20-5,(지번) 가좌동 331-24,연락처 없음,http://blog.naver.com/712dolleye
라임도자기공방,0.0,0건,리뷰 0,대전 서구 둔산로218번길 29,(지번) 둔산동 1972,연락처 없음,
도휴 도자기공방,0.0,0건,리뷰 0,전북 전주시 완산구 남고산성1길 51,(지번) 동서학동 823-1,010-4657-0990,
박신우도자기공방,0.0,0건,리뷰 0,경북 구미시 인동43길 22-7,(지번) 구평동 427-8,연락처 없음,
테라도자기공방,0.0,0건,리뷰 0,충남 계룡시 엄사면 번영9길 16,(지번) 엄사면 엄사리 335-4,041-840-8887,
,"D 행복한도자기공방 미술,공예",0.0,0건,리뷰 0,(지번) 엄사면 엄사리 335-4,041-840-8887,
다옴도자기공방,0.0,0건,리뷰 0,서울 강동구 동남로51길 9,(지번) 둔촌동 598,02-471-5959,http://www.daom.kr/
효애랑도자기공방,0.0,0건,리뷰 5,경기 성남시 분당구 황새울로116번길 6,(지번) 정자동 80-3,연락처 없음,
도자기공방 도도,0.0,0건,리뷰 0,서울 송파구 삼전로10길 33-1 1층,(지번) 삼전동 94-15,0507-1313-2445,https://instagram.com/dodocera
진이아트 도자기공방,0.0,0건,리뷰 0,경북 포항시 남구 효자동길6번길 17,(지번) 효자동 306-4,010-8855-0277,https://www.instagram.com/gimmijin4201
토화랑도자기공방,0.0,0건,리뷰 10,경기 고양시 덕양구 용현로 49-4,(지번) 행신동 746-10,031-978-9976,http://www.thr.kr/
쎄라비도자기공방,0.0,0건,리뷰 0,세종특별자치시 장군면 전원마을2길 68,(지번) 장군면 금암리 302-89,031-978-9976,https://blog.naver.com/cerassunny
정소이도자기공방,0.0,0건,리뷰 0,부산 수영구 수영로611번길 46,(지번) 광안동 646,연락처 없음,
해야도자기공방,0.0,0건,리뷰 0,서울 마포구 대흥로2길 21,(지번) 용강동 149-81,연락처 없음,
도자기공방흙장난,0.0,0건,리뷰 0,서울 은평구 갈현로29길 24-1,(지번) 갈현동 242-3,연락처 없음,
다온도자기공,0.0,0건,리뷰 0,경기 광명시 영당로 11,(지번) 소하동 939-9,연락처 없음,
온아도자기공방,0.0,0건,리뷰 0,인천 계양구 장기로 32,(지번) 장기동 138-3,연락처 없음,
수련도자기공방,0.0,0건,리뷰 0,경기 안양시 동안구 관양로 79 신화빌딩 3층,(지번) 관양동 1442-2,연락처 없음,https://blog.naver.com/jeonghee3
도자기공방 숨,0.0,0건,리뷰 0,전북 전주시 완산구 봉곡4길 18,(지번) 효자동3가 1726-10,연락처 없음,http://instagram.com/sum_pottery
예원도자기공방,0.0,0건,리뷰 0,서울 은평구 연서로 190-1,(지번) 대조동 219-27,연락처 없음,
,"D 잔잔도자기공방 미술,공예",0.0,0건,리뷰 2,(지번) 대조동 219-27,연락처 없음,https://blog.naver.com/holaqq
바람담은도자기공,0.0,0건,리뷰 1,제주특별자치도 제주시 애월읍 중산간서로 6703-11 제일빌리지 D동 1층 105호,(지번) 애월읍 광령리 1495-1,010-2775-3116,https://www.instagram.com/badam_pottery/
도토리도자기공방,0.0,0건,리뷰 0,서울 광진구 자양로 135 자양오피스텔 1013호,(지번) 자양동 767-4,연락처 없음,http://www.dotori.me/
도자기공방숲,0.0,0건,리뷰 0,"경기 동두천시 평화로2229번길 29 이던빌딩 103호, 104호",(지번) 송내동 702-4,031-867-2216,http://www.soop365.co.kr/
어스도자기공방,0.0,0건,리뷰 0,부산 동래구 온천천로 7-2,(지번) 명륜동 2-7,연락처 없음,
미도도자기공방,0.0,0건,리뷰 0,경기 수원시 장안구 수원천로392번길 11-11 1층,(지번) 연무동 198-61,010-8685-7410,https://midocera.modoo.at/
모노도자기공방,0.0,0건,리뷰 0,경기 성남시 중원구 광명로 399,(지번) 금광동 2619,070-4240-2229,http://monocera.modoo.at/
도자기공방hands on,0.0,0건,리뷰 0,경기 수원시 권선구 수인로 277 6층,(지번) 구운동 921-3,031-298-3179,
세라믹엔 도자기공방,0.0,0건,리뷰 0,경기 안산시 단원구 다리간3길 9-5,(지번) 고잔동 690-3,010-9058-9499,https://ceramicn.modoo.at/
도자기공방 마마,0.0,0건,리뷰 0,경기 안성시 양성면 조일말길 35-59,(지번) 양성면 조일리 206-1,010-2016-7170,http://www.potterymama.com/
도야도자기공방,0.0,0건,리뷰 0,경기 이천시 마장면 서이천로527번길 144-25,(지번) 마장면 장암리 206-3,연락처 없음,
소담도자기공방,0.0,0건,리뷰 0,인천 부평구 산곡동 247-21,,연락처 없음,
호우도자기공방,0.0,0건,리뷰 0,경기 수원시 팔달구 월드컵로321번길 34 1층,(지번) 우만동 501-12,연락처 없음,https://blog.naver.com/hwanzo
정성스레 빚은 손수도자기공방,0.0,0건,리뷰 0,부산 북구 덕천로 46-2 동성베스트빌라 상가 101호,(지번) 덕천동 291-4,연락처 없음,http://blog.naver.com/whiteangl
라세라미크 도자기공방,0.0,0건,리뷰 0,경기 안양시 동안구 귀인로 294,(지번) 평촌동 933-7,연락처 없음,http://blog.naver.com/laceramique
,"D 에벤에셀도자기공방 미술,공예",0.0,0건,리뷰 0,(지번) 평촌동 933-7,연락처 없음,
연세라미끄 도자기공방,5.0,1건,리뷰 5,경기 광주시 곤지암읍 신대길34번길 10-32,(지번) 곤지암읍 신대리 11,010-8928-2330,https://blog.naver.com/yeon_8928
수기도자기공방,0.0,0건,리뷰 0,경기 고양시 일산서구 호수로838번길 8-9,(지번) 대화동 2289-10,070-4238-1022,
모리쯔포슬랜 유럽도자기공방,0.0,0건,리뷰 0,경남 창원시 의창구 봉곡로 61,(지번) 봉곡동 114-13,010-6205-3177,
한슬도자기공방,0.0,0건,리뷰 0,부산 해운대구 반송로828번길 22-1,(지번) 반송동 261-19,연락처 없음,
도자기와나무 가구공방,0.0,0건,리뷰 0,전북 완주군 구이면 구이로 1435-9,(지번) 구이면 항가리 246,연락처 없음,
새날도자기아트공방,0.0,0건,리뷰 0,충북 청주시 흥덕구 대신로73번길 8,(지번) 복대동 3366,010-4043-7882,
다라믹 도자기공방,0.0,0건,리뷰 1,"경기 군포시 오금로 15-30 세원교육센터, 1층 5호",(지번) 금정동 875-4,031-396-1897,http://blog.naver.com/ekdud3521
아그네스 도자기 공방,0.0,0건,리뷰 0,인천 서구 청라에메랄드로102번길 8-22,(지번) 청라동 167,연락처 없음,
나래도자기공방,0.0,0건,리뷰 0,서울 영등포구 가마산로65길 8 지하1층,(지번) 신길동 319-9,0508-5044-5600,http://blog.naver.com/narae_studio
하람도자기공방,0.0,0건,리뷰 0,경남 창원시 의창구 원이대로 320,(지번) 대원동 121,연락처 없음,
아룸도자기공방,0.0,0건,리뷰 0,경기 광명시 오리로 801,(지번) 하안동 864,연락처 없음,
나만의도자기공,0.0,0건,리뷰 0,경기 시흥시 진말로 46-1,(지번) 장곡동 829,010-2497-8021,
단원도자기공방,0.0,0건,리뷰 1,경기 안산시 단원구 광덕4로 148,(지번) 고잔동 703-3,연락처 없음,
메이릴리아트도자기공방,0.0,0건,리뷰 0,경기 고양시 덕양구 화신로 311,(지번) 화정동 948,연락처 없음,
,"D 흙놀이도자기공방 미술,공예",0.0,0건,리뷰 0,(지번) 화정동 948,연락처 없음,
썹씨온도 도자기공방,0.0,0건,리뷰 0,강원 춘천시 중앙로 40-1,(지번) 요선동 15-11,연락처 없음,
도자기공방민,0.0,0건,리뷰 0,인천 중구 제물량로 252-1,(지번) 선린동 27-6,연락처 없음,
도미녀도자,0.0,0건,리뷰 0,경기 용인시 기흥구 흥덕2로65번길 12-7,(지번) 영덕동 992-7,070-7793-0005,http://www.dmn333.com/
도자기공방숲,0.0,0건,리뷰 0,경기 동두천시 평화로2185번길 56,(지번) 송내동 703-4,031-867-2216,
스톤도자기공방,0.0,0건,리뷰 2,경기 부천시 중동로248번길 52 네이버시티빌딩 206호,(지번) 중동 1145-2,0507-1312-2856,https://blog.naver.com/viking01
새날도자기아트공방,0.0,0건,리뷰 0,충북 청주시 흥덕구 복대동 204,,연락처 없음,
태연도자기공방,0.0,0건,리뷰 0,인천 계양구 병방시장로 27,(지번) 임학동 154,연락처 없음,
3D&도자기아트공방,0.0,0건,리뷰 0,충북 청주시 서원구 남이면 대림로 261,(지번) 남이면 석판리 233,043-233-7750,
도자기공방파엔자,0.0,0건,리뷰 0,경기 안양시 동안구 경수대로 899,(지번) 비산동 566-7,연락처 없음,
샬롬도자기공방,0.0,0건,리뷰 0,경기 남양주시 두물로39번길 20,(지번) 별내동 963,031-527-1022,
로맥도자기공방,0.0,0건,리뷰 0,경기 의왕시 부곡시장2길 10 지하 1층,(지번) 삼동 192-36,031-462-0120,
손요 이충광도자기공방,0.0,0건,리뷰 0,경기 남양주시 수동면 지둔로 75-2,(지번) 수동면 운수리 242-1,031-593-0732,http://www.sonyo.co.kr/
수수한도자기공방,0.0,0건,리뷰 0,서울 마포구 마포대로14길 31-9 202호,(지번) 공덕동 117-24,연락처 없음,
모들리 도자기공,2.5,2건,리뷰 9,부산 금정구 금강로 429 2층,(지번) 구서동 413-53,연락처 없음,https://www.instagram.com/modely_ceramicstudio/
,"D 도자기공방앤 도자기,도예촌",0.0,0건,리뷰 11,(지번) 구서동 413-53,연락처 없음,http://www.ann-ceramic.com/
통영요 통영도자기공방 도,0.0,0건,리뷰 0,경남 통영시 산양읍 양산길 100-77,(지번) 산양읍 남평리 1064,010-7541-0125,http://www.tyy.co.kr/
채움도자기공방 도,5.0,2건,리뷰 0,부산 수영구 호암로 33 2층,(지번) 광안동 731-2,010-7541-0125,http://chaeumceramic.modoo.at/
예하공방&도자기카페,5.0,1건,리뷰 0,대구 달성군 다사읍 대실역북로 80,(지번) 다사읍 매곡리 1534-12,053-583-4933,
모리도자기공방카페,5.0,1건,리뷰 5,경기 용인시 기흥구 지삼로250번길 2,(지번) 지곡동 96,연락처 없음,
휴도자기공방카,5.0,1건,리뷰 3,제주특별자치도 서귀포시 대정읍 영어도시로 70,(지번) 대정읍 구억리 1018-3,064-792-0620,
토예랑도자기공방 도,5.0,3건,리뷰 2,제주특별자치도 제주시 애월읍 고하상로 104,(지번) 애월읍 하가리 1365-6,064-792-0620,http://blog.naver.com/toyerangdoye
도자기공방유일 도,0.0,0건,리뷰 1,경기 화성시 지산1길 22-6 지하1층,(지번) 영천동 687-3,031-375-3676,https://blog.naver.com/uil_ceramic
강남도자기공방 동화담 ,1.0,2건,리뷰 5,서울 강남구 논현로36길 14,(지번) 도곡동 413-3,031-375-3676,
행복한도자기공방 도,0.0,0건,리뷰 0,경기 평택시 매봉산1길 11,(지번) 비전동 813-1,031-656-0093,
율하도자기공방앤카,5.0,5건,리뷰 1,경남 김해시 대청로26번안길 11,(지번) 관동동 464-8,연락처 없음,https://www.instagram.com/yulha_seramics/
도자기공방 도,0.0,0건,리뷰 0,경기 용인시 수지구 신봉1로 421-3,(지번) 신봉동 764-1,연락처 없음,
마담클레이 도자기공방 도,0.0,0건,리뷰 0,경기 광주시 퇴촌면 천진암로 857,(지번) 퇴촌면 관음리 119-3,070-4133-4958,
다래뜰 도자기공방 도,0.0,0건,리뷰 0,경기 김포시 고촌읍 상미로9번길 49-3,(지번) 고촌읍 향산리 128-2,연락처 없음,
120카페도자기공,5.0,2건,리뷰 0,경기 고양시 덕양구 도래울안길 50 1층,(지번) 도내동 1050-1,070-8615-2419,https://blog.naver.com/tae2419
,"D 썸원도자기공방 도자기,도예촌",0.0,0건,리뷰 0,(지번) 도내동 1050-1,070-8615-2419,http://blog.naver.com/someonestudio
흙사랑도자기공방 도,0.0,0건,리뷰 0,경기 화성시 영통로61번길 6,(지번) 반월동 864-1,연락처 없음,http://cafe.daum.net/mudlove-ceramics/
생활도자기공방 도,0.0,0건,리뷰 1,서울 서초구 청계산로 237,(지번) 원지동 384-10,연락처 없음,
마인도자기공방 도,0.0,0건,리뷰 0,경기 부천시 석천로25번길 38,(지번) 상동 440-9,032-325-2114,
꽃도자기공방 ,5.0,1건,리뷰 3,경기 오산시 외삼미동 10,(지번) 상동 440-9,연락처 없음,
도자기공방질그릇 도,0.0,0건,리뷰 0,경기 용인시 처인구 원삼면 죽양대로1650번길 64,(지번) 원삼면 맹리 634,연락처 없음,
늘푸른도자기공방 도,0.0,0건,리뷰 0,경기 성남시 분당구 불곡로7번길 8,(지번) 정자동 222-1,연락처 없음,
도자기공방 아,0.0,0건,리뷰 0,경기 파주시 문발로 435,(지번) 신촌동 736-1,031-925-3295,
이영호도자기공방 ,0.0,0건,리뷰 0,경기 성남시 분당구 황새울로12번길 1,(지번) 정자동 152-3,031-716-7734,
설레임 도자기공방,0.0,0건,리뷰 0,경기 용인시 기흥구 동백5로 41,(지번) 중동 870,연락처 없음,
도자기공방,0.0,0건,리뷰 1,충북 청주시 서원구 사직대로175번길 6,(지번) 사창동 253-18,043-266-3614,
도자기공방 ,0.0,0건,리뷰 0,경기 평택시 현촌4길 10,(지번) 용이동 594-3,031-656-1843,
데굴데굴도자기공방 ,0.0,0건,리뷰 5,경기 광명시 기아로 46,(지번) 소하동 1238,070-8624-0142,
연이도자,0.0,0건,리뷰 0,강원 평창군 진부면 솔천길 62-8,(지번) 진부면 하진부리 162-5,033-335-1436,
김종균도자기공,0.0,0건,리뷰 0,전남 여수시 국동남4길 25,(지번) 국동 353,061-682-5098,
,"D 채울도자기공방 서비스,산업",0.0,0건,리뷰 0,(지번) 국동 353,061-682-5098,
주르 도자기 공방,0.0,0건,리뷰 0,경기 수원시 권선구 서수원로183번길 2,(지번) 오목천동 956,연락처 없음,
도자기공방전,0.0,0건,리뷰 0,전북 부안군 하서면 대광길 53,(지번) 하서면 백련리 831-1,연락처 없음,
기 도자기 공방 (Ki ceramic s,0.0,0건,리뷰 0,경기 양주시 평화로1429번길 43-93,(지번) 덕계동 648-49,연락처 없음,
솔도예공방,4.0,2건,리뷰 17,대구 중구 국채보상로140길 17-8 1층,(지번) 동인동4가 210-2,연락처 없음,https://www.instagram.com/sol_ceramic/
카페공방(아일리카페앤도자기),0.0,0건,리뷰 0,경기 평택시 이화로 259,(지번) 죽백동 94-8,연락처 없음,
이화공방 도자기앤핸드페인팅,0.0,0건,리뷰 1,서울 도봉구 시루봉로 56,(지번) 쌍문동 59-5,02-999-1881,http://ceramic79.modoo.at/
이레생활도자기,0.0,0건,리뷰 0,대구 달서구 새동네로 81-11,(지번) 용산동 427-4,연락처 없음,https://www.facebook.com/erae.ceramic.art/
포트링공방,0.0,0건,리뷰 63,서울 마포구 월드컵북로6길 57-6,(지번) 연남동 568-28,연락처 없음,https://www.instagram.com/pottring
라움공방,0.0,0건,리뷰 25,경북 경주시 포석로1068번길 11,(지번) 황남동 241-9,연락처 없음,
초안산 도자기체험장,0.0,0건,리뷰 2,서울 노원구 월계동 산 17-7,(지번) 황남동 241-9,연락처 없음,https://www.nowon.kr/www/info/info1/info1_12.jsp
크리도자기,0.0,0건,리뷰 19,대구 동구 둔산로 5 2층,(지번) 방촌동 863-27,연락처 없음,https://blog.naver.com/hjs9264_2
도혜공방,0.0,0건,리뷰 24,경남 창원시 성산구 마디미로4번길 9 우진상가 3층,(지번) 상남동 5-2,055-607-3143,http://blog.naver.com/dohye_c
여주도자기,0.0,0건,리뷰 0,경기 여주시 여양로 295,(지번) 오학동 296-2,031-886-7497,
도자기해움,0.0,0건,리뷰 6,서울 송파구 새말로10길 18 지하 1층,(지번) 문정동 78-18,070-8119-9802,http://haeumart.com/
,"D 상상공방 미술,공예",5.0,1건,리뷰 20,(지번) 문정동 78-18,070-8119-9802,https://www.instagram.com/sangsang_ceramicstudio
도자기예술창고,0.0,0건,리뷰 6,경남 김해시 대청계곡길 20 지하1층 101호,(지번) 대청동 875-5,055-313-6325,
오붓 도예공방,0.0,0건,리뷰 6,서울 동대문구 고산자로 488 3층,(지번) 제기동 798,010-8691-7396,http://instagram.com/oboot_ceramic
그아저씨공방,5.0,1건,리뷰 22,서울 성동구 무학봉15길 27,(지번) 하왕십리동 946-5,070-4184-3461,
은하도예공방,0.0,0건,리뷰 15,울산 중구 태화로 98 2층,(지번) 태화동 776-7,010-3885-1200,
도자기작업실 공일이삼,0.0,0건,리뷰 0,대구 동구 율하동로10길 18-1 1층,(지번) 율하동 1516,010-5554-6418,https://www.instagram.com/0123_pottery
올리공방,5.0,1건,리뷰 4,광주 서구 죽봉대로94번길 30,(지번) 광천동 17-2,연락처 없음,
리노바 도자공방,0.0,0건,리뷰 17,제주특별자치도 제주시 연삼로 351 지하 1층,(지번) 도남동 81-16,연락처 없음,https://blog.naver.com/dinovoa
이천도자기백화점,0.0,0건,리뷰 1,경기 이천시 경충대로2993번길 37,(지번) 사음동 539,031-636-5320,
이재철 도예공방,5.0,3건,리뷰 11,서울 광진구 능동로 151 3층,(지번) 화양동 2-44,010-5367-6433,http://www.clayjc.com/
이삭줍는도자기,0.0,0건,리뷰 0,대구 북구 호암로 40,(지번) 칠성동2가 378-4,연락처 없음,
도자공방가원,5.0,1건,리뷰 1,부산 해운대구 달맞이길117번가길 30,(지번) 중동 1507-5,0505-1375-5015,https://blog.naver.com/gawoncera
도자기에그림을담다,0.0,0건,리뷰 0,대구 달성군 옥포읍 명곡로 588,(지번) 옥포읍 반송리 342,010-9222-0017,
도자기 하나,5.0,1건,리뷰 0,대구 수성구 만촌로 55 2층,(지번) 만촌동 962-10,연락처 없음,https://www.instagram.com/dojagihana
하늘꽃도자기,0.0,0건,리뷰 0,경기 평택시 서재7길 9-1,(지번) 동삭동 699-10,연락처 없음,
,"D 희락공방 미술,공예",0.0,0건,리뷰 12,(지번) 동삭동 699-10,연락처 없음,http://heerak.modoo.at/
토요공방,0.0,0건,리뷰 4,충북 청주시 청원구 내수읍 묵방국동로 137-5,(지번) 내수읍 묵방리 253,연락처 없음,http://blog.naver.com/jeehyuk82
베어도자기,0.0,0건,리뷰 4,부산 부산진구 양연로6번길 23 1층,(지번) 양정동 91-20,연락처 없음,https://bearceramic0428.modoo.at/
김미미도예공방,0.0,0건,리뷰 3,경기 의정부시 동일로 216-21,(지번) 장암동 97-14,031-837-3072,https://www.instagram.com/kim_mimi_ceramics
나무도,0.0,0건,리뷰 1,대전 유성구 신성로58번길 33,(지번) 신성동 212-1,연락처 없음,
온도공방,5.0,1건,리뷰 2,충북 증평군 증평읍 역전로 7,(지번) 증평읍 창동리 167,043-838-1161,http://www.ondo.or.kr/
포르젤란도자기그림,5.0,1건,리뷰 0,경남 남해군 남해읍 망운로 64,(지번) 남해읍 아산리 324-2,연락처 없음,
그린도자기,0.0,0건,리뷰 0,대구 수성구 용학로35길 62,(지번) 지산동 1257,053-794-3358,
도예공방 공기,0.0,0건,리뷰 3,경기 수원시 권선구 동수원로36번길 11 1층,(지번) 곡반정동 589-7,010-2069-6179,https://blog.naver.com/gong-gi
도자기만드는집,0.0,0건,리뷰 4,강원 강릉시 강릉대로210번길 4 2층,(지번) 교동 162-171,연락처 없음,
C&S갤러리 도예공방,0.0,0건,리뷰 1,경기 의왕시 학현로 134,(지번) 학의동 463,031-426-3108,
빚다도예공방 강동점,5.0,2건,리뷰 4,서울 강동구 양재대로124길 91,(지번) 길동 78,070-8690-0361,http://www.bitda.net/
대경도자기,0.0,0건,리뷰 0,경남 합천군 야로면 하빈1길 34-16,(지번) 야로면 하빈리 573-5,055-932-8815,
오늘도자기,4.0,1건,리뷰 2,경기 남양주시 마치로 118 3층,(지번) 호평동 23-75,055-932-8815,
아토도예공방,0.0,0건,리뷰 1,제주특별자치도 서귀포시 남성로 134-1,(지번) 서홍동 744-3,010-7102-9951,https://www.instagram.com/artoceramicfactory/
,"D 도자기봄 미술,공예",0.0,0건,리뷰 0,(지번) 서홍동 744-3,010-7102-9951,https://blog.naver.com/skkk1327
빚다도예공방성북점,0.0,0건,리뷰 4,서울 성북구 도봉로3길 9-3,(지번) 길음동 489-40,070-4696-9854,
행복도자기,0.0,0건,리뷰 0,대구 수성구 지범로46길 12-9,(지번) 범물동 1378-13,연락처 없음,
나비온공방,0.0,0건,리뷰 3,부산 강서구 명지국제2로28번길 23 네오웨스턴스퀘어 2동 315호,(지번) 명지동 3432-1,연락처 없음,
도자기만들기,0.0,0건,리뷰 0,경북 경산시 경청로230길 19,(지번) 백천동 115-4,연락처 없음,
토루도예공방,5.0,4건,리뷰 2,경기 파주시 오도로 160-16,(지번) 오도동 274-16,031-943-5130,http://blog.naver.com/cj5130
여주도자기&꽃화분,0.0,0건,리뷰 0,강원 춘천시 후석로258번길 30,(지번) 후평동 811-4,033-254-0418,
아라리도예공방,0.0,0건,리뷰 4,서울 성북구 정릉로36길 18,(지번) 정릉동 14-37,02-6406-9595,http://blog.naver.com/jinny9663
정담은 도자기,0.0,0건,리뷰 0,울산 중구 다운로 25,(지번) 다운동 550-7,010-8223-8254,
오그랑도자기,0.0,0건,리뷰 1,인천 남동구 용천로 97 202호,(지번) 구월동 70-10,032-464-9181,http://ogeurang.modoo.at/
철수네도예공방,0.0,0건,리뷰 3,서울 성동구 왕십리로 318 5층,(지번) 도선동 45,연락처 없음,http://blog.naver.com/bin7983
도자기작업실 꼼지락소소,0.0,0건,리뷰 3,대전 서구 관저남로25번길 23-47 101호,(지번) 관저동 1555-2,연락처 없음,https://blog.naver.com/sosohan_you
도르르도자공방,0.0,0건,리뷰 3,경기 수원시 팔달구 덕영대로735번길 66-2 1층,(지번) 화서동 246-2,031-246-4284,http://mimiplace.blog.me/
도예공방요호,0.0,0건,리뷰 1,서울 중구 퇴계로 159-6 하얀빌딩 3층,(지번) 충무로2가 51-18,010-9209-0906,http://blog.naver.com/studioyoho
김석빈도자,0.0,0건,리뷰 0,경기 이천시 백사면 원적로 639-143,(지번) 백사면 경사리 611,070-4180-7433,http://binn-c.com/
,D 이홍 도자기 화방,0.0,0건,리뷰 0,(지번) 백사면 경사리 611,070-4180-7433,
라온도예공방,5.0,1건,리뷰 1,서울 서대문구 독립문공원길 13 독립문극동아파트상가 지하1층,(지번) 현저동 200,연락처 없음,http://blog.naver.com/raon_ceramics
미소도예공방,5.0,1건,리뷰 5,인천 부평구 부평문화로 26,(지번) 부평동 341-186,연락처 없음,http://blog.naver.com/dptjdgh7272
따뜻도자기,0.0,0건,리뷰 12,서울 서초구 방배천로24길 31 1층,(지번) 방배동 951-9,연락처 없음,https://blog.naver.com/ddaddutceramic
마루도자기,0.0,0건,리뷰 0,광주 동구 경양로321번길 2-1,(지번) 산수동 371-21,062-527-7775,http://www.marudojagi.com/
젠스타일도예공방 빈도,0.0,0건,리뷰 5,광주 남구 금화로421번길 30 1층,(지번) 월산동 951-8,010-8685-1662,http://www.instagram.com/bindocera
샘터공방,0.0,0건,리뷰 2,서울 서대문구 응암로 77,(지번) 북가좌동 308-1,연락처 없음,https://blog.naver.com/eplle
미미공방,0.0,0건,리뷰 1,대전 서구 만년남로11번길 30,(지번) 만년동 220,연락처 없음,
도자기마을예작,5.0,1건,리뷰 3,경기 안산시 상록구 광덕산로 13 103호,(지번) 월피동 521-7,연락처 없음,http://blog.naver.com/phw2457
선공방,0.0,0건,리뷰 0,경기 안양시 만안구 만안로 35 1층,(지번) 안양동 533-6,연락처 없음,https://instagram.com/seongongbang
유원도자기,0.0,0건,리뷰 0,경북 경주시 동성로 133-2,(지번) 황오동 252-6,052-298-1207,
요요도예공방,0.0,0건,리뷰 3,서울 용산구 원효로 51,(지번) 원효로4가 179,010-9974-8549,https://blog.naver.com/yoyo_ceramic
꿈의공방,0.0,0건,리뷰 3,경기 안산시 단원구 광덕대로 130 폴리타운 1층 123호,(지번) 고잔동 775,031-486-0703,
이상원미술관 도자공방,0.0,0건,리뷰 2,강원 춘천시 사북면 화악지암길 99,(지번) 사북면 지암리 590,연락처 없음,
로운도예공방,5.0,1건,리뷰 1,경기 안양시 동안구 동편로183번길 67,(지번) 관양동 1694-7,031-426-1251,
,"D 모랑공방 미술,공예",0.0,0건,리뷰 2,(지번) 관양동 1694-7,031-426-1251,
셀라기독교서적(온천골도자기),0.0,0건,리뷰 0,경북 경산시 남산면 하남로 229-3,(지번) 남산면 사월리 398-21,053-851-0290,
도자기를빚다,0.0,0건,리뷰 0,경기 화성시 동탄순환대로3길 27-16 1층,(지번) 송동 714-6,010-5394-0994,http://blog.naver.com/biz_da
도자기에그리다,0.0,0건,리뷰 1,경기 평택시 고덕면 서동대로 2659 가평상가 2층,(지번) 고덕면 방축리 649-7,연락처 없음,https://blog.naver.com/soyabs
클레이앤 도예공방,0.0,0건,리뷰 0,강원 홍천군 북방면 두개비산로 197-3,(지번) 북방면 중화계리 159-8,010-6556-0002,http://m.blog.naver.com/PostList.nhn?blogId=windy8621
목공과도,0.0,0건,리뷰 0,세종특별자치시 마음로 272-9,(지번) 고운동 1375,연락처 없음,
그림과도자기,0.0,0건,리뷰 1,광주 서구 화정로 1,(지번) 쌍촌동 881,062-942-5456,
선림도자기,0.0,0건,리뷰 0,경북 김천시 대학로 99,(지번) 교동 742-1,054-432-5599,
도자기공작소,0.0,0건,리뷰 0,전남 화순군 화순읍 일심4길 2-2,(지번) 화순읍 일심리 764,010-6346-9073,
여주이천도자기,0.0,0건,리뷰 0,강원 동해시 동호3길 8,(지번) 발한동 509,연락처 없음,
릴리공방,0.0,0건,리뷰 4,충남 천안시 동남구 신부3길 16-1,(지번) 신부동 486-7,연락처 없음,http://blog.naver.com/handmadelily
도자기뜰,0.0,0건,리뷰 1,서울 구로구 고척로52길 48 고척대우아파트 상가동 108호,(지번) 고척동 296,010-4757-3792,https://blog.naver.com/buddlepine
시밀레도자기,0.0,0건,리뷰 0,부산 수영구 광서로 34,(지번) 광안동 716-3,051-754-1977,
인천도자기교육장,0.0,0건,리뷰 0,인천 부평구 부평대로167번길 54,(지번) 청천동 301-23,070-7398-7536,
한국도자기,0.0,0건,리뷰 0,서울 종로구 종로6가 382-1,(지번) 청천동 301-23,연락처 없음,
,"D 솟대공방 미술,공예",0.0,0건,리뷰 0,(지번) 청천동 301-23,연락처 없음,
따땃공방,0.0,0건,리뷰 3,경기 안양시 만안구 박달로 512,(지번) 박달동 68-8,연락처 없음,
오늘도자기,0.0,0건,리뷰 0,경기 수원시 권선구 당진로15번길 24 유천빌딩 1층,(지번) 당수동 260-6,연락처 없음,https://blog.naver.com/aa17780
나미공방,0.0,0건,리뷰 1,경기 안양시 동안구 동편로27번길 6-6,(지번) 관양동 1711-7,연락처 없음,
2702도자기공방,0.0,0건,리뷰 7,경기 김포시 김포한강1로 230 6층 607호,(지번) 운양동 1306-6,연락처 없음,http://www.twosevenotwo.com/
도자기시집가는날핸,0.0,0건,리뷰 0,경남 창원시 의창구 봉곡로123번길 26-1,(지번) 봉곡동 163-5,055-288-7307,
이상구,0.0,0건,리뷰 0,경기 파주시 파주읍 약수길 201-6,(지번) 파주읍 연풍리 319-52,연락처 없음,
흙과자유 도자기공예학,0.0,0건,리뷰 0,경기 용인시 처인구 삼가로 20,(지번) 삼가동 133-1,031-337-1162,
여주이천작품 도자기직매장,0.0,0건,리뷰 0,부산 금정구 중앙대로2035번길 16,(지번) 남산동 105-17,연락처 없음,
서창도자기,0.0,0건,리뷰 0,경기 평택시 매봉산3길 25,(지번) 비전동 817-10,연락처 없음,
이천도자기,0.0,0건,리뷰 0,경기 이천시 신둔면 둔터로 58,(지번) 신둔면 수남리 175-1,연락처 없음,
소담도자기,0.0,0건,리뷰 0,경기 평택시 평택5로 143,(지번) 비전동 825,연락처 없음,
이천도,0.0,0건,리뷰 0,경기 부천시 고강로92번길 41,(지번) 고강동 318-9,032-682-0474,
도자기,0.0,0건,리뷰 0,경기 남양주시 화도읍 북한강로 1373-1,(지번) 화도읍 금남리 511-108,031-591-1811,
도자기랑미술,0.0,0건,리뷰 0,경기 시흥시 비둘기공원7길 18,(지번) 대야동 562-1,031-315-5532,
,"D 박상준도예공방 미술,공예",0.0,0건,리뷰 1,(지번) 대야동 562-1,031-315-5532,
세라아트 도자기핸드페인팅,0.0,0건,리뷰 0,경기 수원시 영통구 봉영로1482번길 17-8,(지번) 영통동 985-4,031-203-3938,
오주현도자기인형,0.0,0건,리뷰 1,서울 종로구 인사동길 50-1,(지번) 관훈동 73-1,02-753-9993,
구민영도예공방,0.0,0건,리뷰 1,광주 남구 포충로 937,(지번) 양과동 893-2,연락처 없음,http://blog.naver.com/koomyhome
유앤미도예공방,0.0,0건,리뷰 1,인천 계양구 하느재로 8,(지번) 계산동 926-33,연락처 없음,
마르 도자기(MAR ceramic s,0.0,0건,리뷰 0,경기 수원시 영통구 청명로59번길 45-7,(지번) 영통동 1027-6,연락처 없음,
위드클레이도자기핸드페인팅학원,0.0,0건,리뷰 0,강원 강릉시 명륜로 7,(지번) 교동 182-18,033-641-5534,
MAGA도자기,0.0,0건,리뷰 0,인천 서구 완정로 13,(지번) 마전동 1016-8,032-568-7075,
신신도자기,5.0,1건,리뷰 1,서울 강북구 솔샘로 211-15,(지번) 미아동 839-156,02-579-3414,
강진도자기재료점,0.0,0건,리뷰 0,광주 광산구 본량입석길 229-8,(지번) 산수동 127-8,062-524-7978,
소성도자기,0.0,0건,리뷰 7,경기 성남시 분당구 발이봉남로7번길 6-1 1층,(지번) 수내동 94-5,062-524-7978,https://blog.naver.com/gkxm354
가마공방,0.0,0건,리뷰 1,경기 이천시 경충대로2993번길 35,(지번) 사음동 470-4,010-9179-8720,
도자기향기,0.0,0건,리뷰 1,충남 태안군 안면읍 여수해길 118-94,(지번) 안면읍 정당리 175-163,연락처 없음,
충주휴게소 마산방향 도자,0.0,0건,리뷰 0,충북 충주시 중앙탑면 용전리 산 56-20,,연락처 없음,
영아도자기,0.0,0건,리뷰 0,서울 영등포구 대방천로 255,(지번) 신길동 480,연락처 없음,
,"D 행복한도자기 미술,공예",0.0,0건,리뷰 0,(지번) 신길동 480,연락처 없음,
토토랑도예공,0.0,0건,리뷰 0,경기 부천시 상동로 75 한빛프라자 302호,(지번) 상동 544-10,연락처 없음,https://blog.naver.com/ahoon2
도자기랑,0.0,0건,리뷰 0,충북 제천시 신백로 34,(지번) 신백동 209-17,010-6433-2231,
토유공방,0.0,0건,리뷰 2,경기 안양시 동안구 시민대로 122 지하1층,(지번) 호계동 906-2,031-454-7372,https://toyou1.modoo.at/
소담,0.0,0건,리뷰 0,경북 영주시 영주로330번길 50,(지번) 하망동 420-11,054-631-8333,
그림담은도자기,0.0,0건,리뷰 0,충남 당진시 북문로2길 14,(지번) 읍내동 1498,연락처 없음,
달그락 핸드메이드 도,0.0,0건,리뷰 0,경기 여주시 주내로 603-13,(지번) 멱곡동 61-1,연락처 없음,
김지영도자기,0.0,0건,리뷰 0,경기 이천시 신둔면 도자예술로 46,(지번) 신둔면 고척리 595-10,연락처 없음,
느낌좋은도,0.0,0건,리뷰 0,경기 여주시 북내면 도예로 319,(지번) 북내면 신남리 184-3,031-885-1812,
수미술도,0.0,0건,리뷰 0,경기 부천시 옥산로 7,(지번) 중동 1116,032-3447-3330,
신광섭도자기,0.0,0건,리뷰 1,경기 이천시 백사면 원적로 671-6,(지번) 백사면 경사리 492,031-637-7024,http://www.shinkwangsub.com/
생활도자기풍경,0.0,0건,리뷰 0,경기 안양시 만안구 안양로384번길 66,(지번) 안양동 688-13,연락처 없음,
도자기동물나라,0.0,0건,리뷰 0,경북 경주시 양남면 하서중앙길 39-7,(지번) 양남면 하서리 594-1,연락처 없음,http://ceramicanimals.kr/
아트오뷰도자기판매장,0.0,0건,리뷰 0,충북 증평군 증평읍 중앙로 156,(지번) 증평읍 신동리 431,070-8232-0342,
moon도자기,0.0,0건,리뷰 0,경기 부천시 길주로363번길 23,(지번) 춘의동 144,연락처 없음,
,"D 예손도자기 미술,공예",0.0,0건,리뷰 0,(지번) 춘의동 144,연락처 없음,
이천,0.0,0건,리뷰 0,경기 이천시 신둔면 원적로159번길 149-12,(지번) 신둔면 지석리 338,연락처 없음,
다가온도자기,0.0,0건,리뷰 1,서울 동대문구 회기로 157 지하 1층,(지번) 회기동 45-60,연락처 없음,https://blog.naver.com/daga-on
이천도,0.0,0건,리뷰 0,경기 수원시 권선구 서부로 1534,(지번) 고색동 368-1,070-4709-3082,
고려도자기,0.0,0건,리뷰 0,서울 용산구 이태원로 164-1,(지번) 이태원동 72-32,연락처 없음,
주식회사 김성훈도,0.0,0건,리뷰 0,경기 이천시 신둔면 경충대로 3321,(지번) 신둔면 수광리 595-7,070-7573-7302,
엘라도자기,0.0,0건,리뷰 0,서울 마포구 백범로 152 파크자이아파트 상가 201동 19호,(지번) 공덕동 477,연락처 없음,
광유도자기,0.0,0건,리뷰 0,서울 동작구 장승배기로13길 36,(지번) 노량진동 314-30,02-812-7964,
여주민속도자기사업협동,0.0,0건,리뷰 0,경기 여주시 신륵사길 7,(지번) 천송동 297-4,031-885-3937,
주식회사도자기굽는마을,0.0,0건,리뷰 0,인천 연수구 송도동 9-31 송도웰카운티1단지아파트 212동 1층상가 11호,,연락처 없음,
순수도자기,0.0,0건,리뷰 0,경기 용인시 기흥구 동백중앙로54번길 25-129,(지번) 중동 96,연락처 없음,
서현도자기,0.0,0건,리뷰 0,전남 화순군 화순읍 일심4길 3-3,(지번) 화순읍 일심리 696,061-371-3001,
전다영도자기(DARAMI,0.0,0건,리뷰 0,경기 광명시 광덕산로 26,(지번) 하안동 863,연락처 없음,
도자기,0.0,0건,리뷰 0,강원 춘천시 요선동 19,(지번) 하안동 863,연락처 없음,
인사생활도자기,0.0,0건,리뷰 0,서울 종로구 인사동길 19-4,(지번) 인사동 172-2,02-734-6767,
,"D 솜도자기 미술,공예",0.0,0건,리뷰 0,(지번) 인사동 172-2,02-734-6767,https://blog.naver.com/somy33
다온is공방,1.0,1건,리뷰 1,서울 강동구 진황도로49길 41 이화빌딩 2층,(지번) 길동 229,02-474-0066,https://blog.naver.com/hce2004
마티스의노랑고양이도자,0.0,0건,리뷰 0,서울 강서구 강서로45길 118,(지번) 내발산동 712,연락처 없음,
사락공방,0.0,0건,리뷰 0,서울 성동구 성수일로12길 34 1층 101호,(지번) 성수동2가 289-211,연락처 없음,http://sarakbang.com/
키셋(kicet)도자기협동조합,0.0,0건,리뷰 0,경기 이천시 신둔면 경충대로 3321,(지번) 신둔면 수광리 595-7,연락처 없음,
김성훈도자기,0.0,0건,리뷰 0,경기 이천시 백사면 원적로 639-143,(지번) 백사면 경사리 611,070-7573-7302,http://blog.naver.com/huni9357
유림,0.0,0건,리뷰 0,경기 여주시 여양로 564,(지번) 오금동 401-1,031-883-9524,
부여도,0.0,0건,리뷰 0,경기 여주시 오학길 5,(지번) 오학동 137,031-881-4384,
도자기작업실도예지,0.0,0건,리뷰 0,경기 고양시 일산동구 일산로463번길 42-21,(지번) 정발산동 1155-2,0507-1327-0552,
윤영도자기,0.0,0건,리뷰 0,경기 성남시 분당구 판교로 723,(지번) 야탑동 148,연락처 없음,
선경도,0.0,0건,리뷰 0,경기 여주시 대신면 대신1로 96,(지번) 대신면 초현리 80-2,031-882-2269,
태연한도자기,0.0,0건,리뷰 0,서울 중랑구 사가정로71길 19 용마한신아파트상가 202호,(지번) 면목동 1077-1,연락처 없음,
고려도,0.0,0건,리뷰 0,경기 평택시 팽성읍 안정쇼핑로 34,(지번) 팽성읍 안정리 146-7,연락처 없음,
서현도자기,0.0,0건,리뷰 0,전남 화순군 화순읍 충의로 42,(지번) 화순읍 삼천리 696,연락처 없음,
주다예공방,0.0,0건,리뷰 1,경기 광명시 광명로865번안길 11-1,(지번) 광명동 208-1,연락처 없음,
,"D 랄랄라도자기스튜디오 미술,공예",0.0,0건,리뷰 0,(지번) 광명동 208-1,연락처 없음,https://blog.naver.com/lalalaclay
박지영도,0.0,0건,리뷰 0,경기 이천시 백사면 청백리로89번길 31,(지번) 백사면 모전리 520-16,연락처 없음,
미토도자,0.0,0건,리뷰 0,경기 안산시 상록구 광덕산로 23,(지번) 월피동 516-7,031-418-7148,
키셋(kicet)도자기협동,0.0,0건,리뷰 0,경기 이천시 신둔면 원적로 96-26,(지번) 신둔면 수광리 532-2,031-633-5620,
파란마음도예공방,5.0,1건,리뷰 0,제주특별자치도 제주시 애월읍 세비데미길 90,(지번) 애월읍 고성리 791-1,064-799-4278,
도자기캘리,0.0,0건,리뷰 0,인천 미추홀구 경원대로833번길 26,(지번) 주안동 300-14,연락처 없음,
용운도자기,0.0,0건,리뷰 0,전남 강진군 대구면 청자촌길 20-16,(지번) 대구면 사당리 323-16,연락처 없음,
하얀공방 도,5.0,3건,리뷰 17,충남 천안시 동남구 북면 운용3길 15-4,(지번) 북면 운용리 263,연락처 없음,https://blog.naver.com/beenee98
이연공방,5.0,1건,리뷰 1,서울 용산구 녹사평대로26가길 8,(지번) 이태원동 79-42,02-794-1214,
라움아틀리에,0.0,0건,리뷰 61,대구 중구 교동1길 5 1층,(지번) 용덕동 1-19,010-2829-6868,http://www.instagram.com/Raum_atelier
멜로우포터리,3.7,3건,리뷰 16,대구 중구 교동2길 37-13 2층,(지번) 완전동 5-41,010-7618-3393,https://www.instagram.com/mellow_pottery
메이크어포터리,0.0,0건,리뷰 18,대구 중구 국채보상로150길 76-12,(지번) 삼덕동3가 169-9,연락처 없음,https://www.instagram.com/make.a.pottery_official
오네마루,5.0,3건,리뷰 29,충북 옥천군 군북면 성왕로 1873-13,(지번) 군북면 소정리 47-4,043-731-1931,http://www.onemaru.co.kr/
윙스세라믹,0.0,0건,리뷰 2,대구 달서구 조암로 9 S테라스 빌딩,(지번) 월성동 1857,053-292-5678,http://blog.naver.com/pandy104
클레이팩토리,0.0,0건,리뷰 5,대구 중구 명륜로 147-16,(지번) 봉산동 185-10,053-632-0548,https://blog.naver.com/clayart94
,"D 도공소 미술,공예",0.0,0건,리뷰 9,(지번) 봉산동 185-10,053-632-0548,https://blog.naver.com/ehfthl0268/
눌세라믹,0.0,0건,리뷰 11,대전 서구 월평서로25번길 47 지하1층,(지번) 월평동 1311,042-471-4885,https://blog.naver.com/yobii_0624
사이에,0.0,0건,리뷰 2,대구 중구 북성로 102 1층,(지번) 북성로1가 74,042-471-4885,http://inbtwn.kr/
두가지,0.0,0건,리뷰 6,전북 전주시 완산구 전동성당길 26 1층,(지번) 경원동1가 115-5,042-471-4885,
도아도,2.0,1건,리뷰 19,대전 서구 둔산로206번길 34,(지번) 둔산동 1903,042-471-4885,https://doahstudio.modoo.at/
빛고을공예창작촌,0.0,0건,리뷰 7,광주 남구 포충로 937,(지번) 양과동 893-2,062-607-2329,http://www.gjcraft.or.kr/
이이요CeramicStudio,0.0,0건,리뷰 1,대구 수성구 청호로85안길 35,(지번) 범어동 65-54,연락처 없음,
오캄세라믹,0.0,0건,리뷰 1,부산 서구 흑교로109번길 12,(지번) 부용동1가 17-3,연락처 없음,http://blog.naver.com/nhh0468
하늘강 아뜰리,0.0,0건,리뷰 9,대전 대덕구 대청호수로1326번길 75,(지번) 이현동 196-2,010-9577-6276,http://hanulkang.kr/
달작,0.0,0건,리뷰 10,전북 전주시 완산구 서곡4길 45-13,(지번) 효자동3가 1470-2,연락처 없음,https://blog.naver.com/daljaksoi
토닮공예,0.0,0건,리뷰 4,대구 북구 성북로5길 10 1층,(지번) 침산동 479-33,연락처 없음,
나슬루 크래프트,0.0,0건,리뷰 10,울산 남구 삼산로125번길 8,(지번) 달동 628-4,연락처 없음,http://blog.naver.com/jungheesz
세라듀,4.3,6건,리뷰 28,서울 강남구 논현로 332 계유빌딩 지하 1층,(지번) 역삼동 776-21,02-558-9654,http://www.ceradu.com/
힐세라믹,0.0,0건,리뷰 12,부산 서구 꽃마을로163번길 34 예림빌라,(지번) 서대신동3가 7-57,051-244-3870,http://blog.naver.com/cksal321
아띠세라,4.5,2건,리뷰 10,부산 남구 유엔평화로 110-10 지하1층,(지번) 대연동 760-1,051-465-0001,
,"D 길상도예 미술,공예",0.0,0건,리뷰 5,(지번) 대연동 760-1,051-465-0001,http://cafe.naver.com/gilsangdoye
아르깡시엘,1.0,1건,리뷰 4,부산 부산진구 서전로37번길 28-7,(지번) 전포동 653-9,연락처 없음,
서랑도예,5.0,1건,리뷰 2,부산 기장군 기장읍 소정길 11,(지번) 기장읍 내리 204-1,051-722-8870,http://srang.co.kr/
자산도예,5.0,2건,리뷰 6,전북 전주시 완산구 황강서원2길 27,(지번) 효자동3가 1600-9,010-6438-6286,http://blog.naver.com/buran77
꼼지락소소,5.0,1건,리뷰 23,대전 서구 관저남로25번길 23-47 솔빌101호,(지번) 관저동 1555-2,010-6438-6286,https://blog.naver.com/sosohan_you
노은주포셀린아트,0.0,0건,리뷰 1,대구 중구 봉산문화길 91,(지번) 봉산동 128-10,연락처 없음,
동화담,2.3,3건,리뷰 12,서울 강남구 논현로36길 14 지하1층,(지번) 도곡동 413-3,02-577-6661,https://blog.naver.com/pi314ceramic1
그리고꿈꾸다,0.0,0건,리뷰 23,경기 수원시 장안구 금당로 61 상가 1층,(지번) 조원동 866-5,031-308-7147,https://drawdream.modoo.at/
도손도손 인계점,3.3,8건,리뷰 18,경기 수원시 팔달구 효원로307번길 39 정동빌딩 1층,(지번) 인계동 1122-7,031-223-7142,https://www.facebook.com/daycool1230
리브모아,0.0,0건,리뷰 6,서울 마포구 토정로25길 31,(지번) 대흥동 801-60,연락처 없음,
도예작업실크래프트프랙티스,5.0,1건,리뷰 4,서울 성동구 성수이로12길 6,(지번) 성수동2가 328-18,연락처 없음,
브라이트니스,0.0,0건,리뷰 1,경남 창원시 의창구 창이대로483번길 25-9,(지번) 사림동 14-5,연락처 없음,
도나트앤코,0.0,0건,리뷰 1,대전 서구 도산로 228 1층,(지번) 변동 12-10,010-2575-6300,http://blog.naver.com/cem6300/
도자앤아트,0.0,0건,리뷰 3,울산 중구 종가25길 1 1층,(지번) 장현동 158-9,010-6832-5555,https://dojanart.modoo.at/
한슬도예실,0.0,0건,리뷰 12,인천 부평구 주부토로172번길 42 1층,(지번) 갈산동 370-5,0507-1328-0808,https://www.instagram.com/hsoul_ceramicstudio/
,"D 밤골도예 미술,공예",5.0,1건,리뷰 9,(지번) 갈산동 370-5,0507-1328-0808,
이은영작업실,4.0,1건,리뷰 0,경북 경산시 강변서로51길 20,(지번) 정평동 230-30,연락처 없음,http://blog.naver.com/eeun2202
우물길정원,5.0,1건,리뷰 14,서울 종로구 북촌로11다길 41,(지번) 삼청동 35-97,연락처 없음,
안나도예공감,0.0,0건,리뷰 15,서울 광진구 자양로18길 56 3층,(지번) 구의동 243-6,연락처 없음,https://www.instagram.com/anna_pottery/
아토도예,0.0,0건,리뷰 4,대전 유성구 원신흥남로42번길 5-5,(지번) 원신흥동 541-11,042-825-3898,
세라믹스튜디오 길,0.0,0건,리뷰 28,인천 부평구 부평대로32번길 17 2층,(지번) 부평동 211-111,010-2680-0296,https://blog.naver.com/ceramicstudiogill
블루밍마치,0.0,0건,리뷰 6,광주 광산구 수완로11번안길 23,(지번) 수완동 1519,연락처 없음,
임동율도자기,0.0,0건,리뷰 4,경북 포항시 남구 오천읍 냉천로236번길 25,(지번) 오천읍 원리 1329,연락처 없음,https://blog.naver.com/dongyoul486
이상원미,4.2,17건,리뷰 133,강원 춘천시 사북면 화악지암길 99,(지번) 사북면 지암리 587,연락처 없음,http://www.lswmuseum.com/
일랑,0.0,0건,리뷰 2,서울 서초구 방배천로26길 25,(지번) 방배동 865-13,연락처 없음,http://blog.naver.com/ksandus
정희진도자기,0.0,0건,리뷰 1,경기 성남시 분당구 느티로51번길 8-3 1층,(지번) 정자동 84-16,연락처 없음,https://www.instagram.com/jungheejinceramic/
예끼마,0.0,0건,리뷰 35,경북 안동시 도산면 선성길 14,(지번) 도산면 서부리 174-6,연락처 없음,http://www.yeggistory.com/
토닮,0.0,0건,리뷰 0,대구 동구 동호로2길 6-2,(지번) 동호동 379-5,053-962-4385,
플로썸,0.0,0건,리뷰 3,서울 마포구 성미산로32길 20-5 1층,(지번) 연남동 239-34,연락처 없음,http://blog.naver.com/plossom_atelier
도자시간,0.0,0건,리뷰 6,경기 안산시 단원구 광덕4로 148 트윈타워 B동 109호,(지번) 고잔동 703-3,연락처 없음,http://blog.naver.com/ttt_clay
,"D 오픈더킨 미술,공예",0.0,0건,리뷰 2,(지번) 고잔동 703-3,연락처 없음,http://www.instagram.com/open_the_kiln
제이에스크래프트,5.0,1건,리뷰 6,서울 양천구 중앙로51길 72,(지번) 신월동 446-7,연락처 없음,
세이모어세라믹워크,0.0,0건,리뷰 14,경기 성남시 분당구 내정로113번길 17 지하1층,(지번) 정자동 70-5,031-719-3448,http://seymour.modoo.at/
브라운리틀띵,0.0,0건,리뷰 4,서울 광진구 자양로3길 6 1층,(지번) 자양동 677-23,031-719-3448,https://www.instagram.com/brown_little_thing
미은오리작업실,0.0,0건,리뷰 0,대전 중구 대종로452번길 24,(지번) 대흥동 122-1,연락처 없음,
산소울,5.0,1건,리뷰 2,강원 강릉시 임영로 192 1층,(지번) 교동 162-248,연락처 없음,https://blog.naver.com/soyulllll/
마마스핸즈 진주초전점,0.0,0건,리뷰 3,경남 진주시 초전남로 31,(지번) 초전동 681-4,055-762-9201,http://blog.naver.com/i8807i
세라믹스튜디오온기,0.0,0건,리뷰 2,충북 청주시 흥덕구 서현서로29번길 3,(지번) 가경동 1832,010-5461-9674,https://blog.naver.com/clayplaying
오마이디쉬,5.0,1건,리뷰 8,경기 성남시 수정구 위례서일로1길 3,(지번) 창곡동 558-6,070-4145-6155,http://ohmydish.co.kr/
꼭두도예 장미경,5.0,1건,리뷰 4,서울 성북구 성북로7길 44,(지번) 성북동1가 104-44,02-743-2087,
도락,0.0,0건,리뷰 1,경남 창원시 의창구 동읍 용정길46번길 41 1층,(지번) 동읍 용정리 20-7,02-743-2087,
르디쉬 세라믹스튜디오,5.0,1건,리뷰 3,경기 성남시 분당구 동판교로52번길 13-10,(지번) 백현동 593-4,연락처 없음,https://blog.naver.com/ledishstudio
혜랑채,0.0,0건,리뷰 1,제주특별자치도 제주시 구좌읍 평대2길 39-47,(지번) 구좌읍 평대리 1962-1,연락처 없음,
온도,5.0,1건,리뷰 1,서울 종로구 북촌로5나길 114,(지번) 삼청동 35-141,연락처 없음,http://www.ondostudio.net/
여름작업실,0.0,0건,리뷰 3,경남 김해시 관동로 49,(지번) 관동동 1074-2,연락처 없음,
,"D 아마도 미술,공예",0.0,0건,리뷰 1,(지번) 관동동 1074-2,연락처 없음,http://instagram.com/amado_studio
숨도자공방,0.0,0건,리뷰 5,부산 수영구 수영로540번길 18 2층,(지번) 광안동 169-1,연락처 없음,https://www.instagram.com/ssssum_ceramic/
네번의,0.0,0건,리뷰 5,부산 수영구 수영로522번길 39,(지번) 광안동 176-29,연락처 없음,
클레이&아트,3.0,2건,리뷰 3,서울 마포구 마포대로24길 17,(지번) 아현동 744-2,010-4133-3262,
세라워크 김포한강점,5.0,3건,리뷰 6,경기 김포시 김포한강8로174번길 28 1층 103호,(지번) 마산동 675-12,010-4133-3262,
더담다도예공방,0.0,0건,리뷰 3,충남 천안시 동남구 청수10길 4-102,(지번) 삼룡동 496,070-4042-8642,http://thedamda.ksphome.com/
김선교공예체험장,0.0,0건,리뷰 1,경북 청송군 주왕산면 주왕산로 573,(지번) 주왕산면 하의리 374-1,010-4738-7782,
라당도예도자기물레체험,5.0,3건,리뷰 4,경기 이천시 신둔면 도자예술로6번길 112,(지번) 신둔면 고척리 635,010-4738-7782,https://blog.naver.com/sun444012
부뚜막고양이,3.0,2건,리뷰 2,서울 종로구 창경궁로35길 17,(지번) 혜화동 70-1,02-3673-1175,
아담하우스,0.0,0건,리뷰 2,서울 은평구 갈현로 139 3층,(지번) 구산동 15-38,연락처 없음,https://blog.naver.com/adamhouse_
세라워크,0.0,0건,리뷰 1,충북 옥천군 군북면 이백6길 126-1,(지번) 군북면 이백리 35-1,연락처 없음,
단비의작업실,0.0,0건,리뷰 1,광주 서구 화운로100번길 23-10,(지번) 화정동 763-26,연락처 없음,
잇담,0.0,0건,리뷰 1,경기 용인시 수지구 광교호수로378번길 4-25 103호,(지번) 상현동 1158-14,010-2762-4483,https://www.instagram.com/it_dam/
테이크더포터리,0.0,0건,리뷰 8,대전 서구 원도안로179번길 23-16 1층 102호,(지번) 도안동 1322,010-2227-3093,https://www.takethepottery.com/
수품 스튜디오,0.0,0건,리뷰 3,경남 김해시 금관대로1190번길 62 1층,(지번) 외동 1247-1,010-2227-3093,http://blog.naver.com/supum_studio
,"D 에이치도씨 미술,공예",0.0,0건,리뷰 4,(지번) 외동 1247-1,010-2227-3093,https://blog.naver.com/eheanel77
메종드볼,0.0,0건,리뷰 1,경기 수원시 장안구 대평로52번길 66 1층,(지번) 정자동 29-6,070-7857-1001,http://xn--hy1bs7hlqcp5r.com/
허들링세라믹스튜디오,5.0,1건,리뷰 2,인천 부평구 길주로585번길 8-2 1층,(지번) 갈산동 395,070-7857-1001,http://www.huddling.kr/
평강도요,0.0,0건,리뷰 2,경기 이천시 신둔면 도자예술로6번길 106,(지번) 신둔면 고척리 635-1,연락처 없음,
경은도예,5.0,1건,리뷰 5,경기 수원시 권선구 여기산로 18 1층,(지번) 서둔동 260-18,010-6220-7048,https://blog.naver.com/qw4430
스튜디오일라이,5.0,1건,리뷰 3,경기 수원시 영통구 신원로294번길 40-7,(지번) 원천동 353-28,010-9991-8905,https://www.instagram.com/studio_eli__/
작은클레이,0.0,0건,리뷰 12,서울 송파구 오금로38가길 7 지하1층,(지번) 가락동 158-47,010-9991-8905,https://jaceunclay.modoo.at/
도손도손,0.0,0건,리뷰 1,경기 시흥시 은행로 180,(지번) 대야동 582-7,031-313-7142,https://blog.naver.com/butimom3/
클라리다드세라믹스튜디오,0.0,0건,리뷰 3,서울 영등포구 도림로 485-1,(지번) 문래동4가 8-2,연락처 없음,https://blog.naver.com/claridad9/
온자기,0.0,0건,리뷰 2,경기 포천시 소흘읍 태봉로 157 태봉마을주공3단지아파트상가 2층 205호,(지번) 소흘읍 송우리 727-2,연락처 없음,https://blog.naver.com/joseogyeong
쉬즈웰,0.0,0건,리뷰 3,인천 중구 차이나타운로52번길 6,(지번) 북성동2가 10-27,연락처 없음,
라온아뜰리에,0.0,0건,리뷰 2,부산 금정구 중앙대로 2084 지하 1층,(지번) 남산동 51-6,연락처 없음,http://blog.naver.com/ljustory
모들리도예공방,0.0,0건,리뷰 2,부산 금정구 금강로 429-1,(지번) 구서동 413-27,연락처 없음,https://blog.naver.com/y_yseullll
마타나,0.0,0건,리뷰 1,충북 청주시 청원구 오창읍 원리여천길 156,(지번) 오창읍 원리 55,010-6787-7793,https://www.instagram.com/matana_story/
다릇한세상,0.0,0건,리뷰 1,경기 용인시 기흥구 사은로126번길 29-1,(지번) 보라동 167,031-281-8655,
,"D 오후 미술,공예",0.0,0건,리뷰 0,(지번) 보라동 167,031-281-8655,http://blog.naver.com/totoco82
세라믹요니하스튜디오,0.0,0건,리뷰 1,경남 양산시 중앙로 133 2층 청년몰,(지번) 중부동 423-8,031-281-8655,https://blog.naver.com/yony_ha/
흙소리,0.0,0건,리뷰 1,서울 중랑구 봉화산로53길 23,(지번) 신내동 401,010-9153-6137,
수담,0.0,0건,리뷰 3,경기 용인시 기흥구 서천동로43번길 9-1,(지번) 서천동 778-5,연락처 없음,
담다도예공방,0.0,0건,리뷰 1,서울 노원구 동일로174길 17-5 1층,(지번) 공릉동 621-14,연락처 없음,https://www.instagram.com/damda.ceramic/
나담상점,0.0,0건,리뷰 1,울산 중구 신기9길 26,(지번) 태화동 452-1,연락처 없음,https://blog.naver.com/gysk5391/
무채색공간,0.0,0건,리뷰 5,경기 화성시 정남면 서봉로1028번길 13 1층,(지번) 정남면 신리 152-4,연락처 없음,https://blog.naver.com/tonedownplace/
예빈아트,0.0,0건,리뷰 1,경북 안동시 경동로 999-14,(지번) 용상동 578,연락처 없음,https://www.instagram.com/yebinart/
도손도손,2.5,2건,리뷰 9,경기 수원시 장안구 금당로 61,(지번) 조원동 866-5,031-308-7147,
여나씨그릇,0.0,0건,리뷰 0,경기 김포시 초당로16번길 86-4,(지번) 장기동 2041-3,031-990-3489,
도요새 세라믹 샵앤스튜디오,0.0,0건,리뷰 4,서울 송파구 백제고분로42길 32 101호,(지번) 송파동 93-5,070-4641-9018,http://smartstore.naver.com/doyoce_sangjeom
그루의그릇,5.0,6건,리뷰 1,서울 성동구 아차산로1길 13-1 1층,(지번) 성수동1가 656-702,070-8959-3000,http://am7pm5.modoo.at/
스토리큐브,0.0,0건,리뷰 1,경기 이천시 신둔면 도자예술로99번길 65,(지번) 신둔면 고척리 593-3,010-6245-7051,https://www.instagram.com/story_cube100/
도자숲,0.0,0건,리뷰 3,경기 김포시 하성면 하성로656번길 22,(지번) 하성면 양택리 288-2,010-6245-7051,https://blog.naver.com/doja_soop
오씨티스튜디오,0.0,0건,리뷰 2,부산 기장군 정관읍 달산4길 37-32,(지번) 정관읍 달산리 1000-5,연락처 없음,https://blog.naver.com/wlals2195/
,"D 테이블아트 미술,공예",0.0,0건,리뷰 15,(지번) 정관읍 달산리 1000-5,연락처 없음,http://www.tableart.co.kr/
옐로우서브마린,0.0,0건,리뷰 1,전북 군산시 구영5길 96,(지번) 영화동 23-11,연락처 없음,http://yellowsubmarine7.modoo.at/
디오니소스의흙,0.0,0건,리뷰 1,인천 미추홀구 참외전로 286-3 1층,(지번) 숭의동 124-148,010-2830-2015,http://www.dionysos-ceramic.com/
아틀리에 은유,4.0,2건,리뷰 75,부산 기장군 일광면 곡천길 352,(지번) 일광면 용천리 503,010-2830-2015,http://www.eunyuje.com/
포슬린페인팅 안락,0.0,0건,리뷰 0,부산 동래구 충렬대로 450 우일빌딩 1층,(지번) 안락동 258-8,010-2830-2015,http://anlakporcelain.com/
슈룹도예,0.0,0건,리뷰 1,충북 청주시 흥덕구 사운로249번길 13-10 1층 103호,(지번) 운천동 704,연락처 없음,http://cafe.daum.net/syurup
세라워크 사등점,0.0,0건,리뷰 0,경남 거제시 사등면 성포로 105,(지번) 사등면 성포리 372-9,055-637-2014,
혜정도요,0.0,0건,리뷰 2,경기 용인시 수지구 신봉1로 435-13,(지번) 신봉동 765-4,연락처 없음,http://blog.naver.com/stella634
클레이후드,5.0,1건,리뷰 0,서울 마포구 월드컵로8길 63,(지번) 서교동 482-8,연락처 없음,https://instagram.com/clayhood.seogyo
히흣,0.0,0건,리뷰 0,충남 천안시 동남구 대흥로 323,(지번) 성황동 11-10,041-557-3422,https://www.instagram.com/heehut/
헨세라믹,0.0,0건,리뷰 2,서울 노원구 덕릉로 804 408호,(지번) 상계동 108-1,연락처 없음,https://www.instagram.com/hen_ceramics/
이천세계도자센터 세라피아 도,3.8,4건,리뷰 13,경기 이천시 경충대로2697번길 263,(지번) 관고동 435-1,031-631-6501,https://www.kocef.org/
그리다널,0.0,0건,리뷰 0,서울 종로구 북촌로6길 13-4 1층,(지번) 가회동 191,070-7798-1500,http://www.instagram.com/greedanull_studio
라온,0.0,0건,리뷰 1,경기 광명시 구름산로48번길 10,(지번) 하안동 242-5,연락처 없음,
소수,0.0,0건,리뷰 2,인천 남동구 문화서로4번길 35-8,(지번) 구월동 1402-8,연락처 없음,
,"D 스튜디오모든가든 미술,공예",0.0,0건,리뷰 4,(지번) 구월동 1402-8,연락처 없음,http://blog.naver.com/andymin26/
창작연구소쓸모,0.0,0건,리뷰 2,서울 강남구 양재천로 183,(지번) 도곡동 454-16,02-578-5827,http://blog.naver.com/jeo369/
끄레아,0.0,0건,리뷰 1,경기 연천군 연천읍 상합길 17,(지번) 연천읍 상리 475-5,031-834-7301,http://blog.naver.com/gain012854
클레이찬,0.0,0건,리뷰 0,경기 고양시 일산동구 중앙로1261번길 19,(지번) 장항동 857,연락처 없음,
소예공,5.0,2건,리뷰 1,경기 고양시 일산동구 숲속마을1로48번길 50,(지번) 풍동 1297-5,070-7797-4284,http://storefarm.naver.com/soyegong
루미에셀,5.0,1건,리뷰 0,서울 노원구 중계로 164 지하1층,(지번) 중계동 84-44,02-930-7710,https://lumieretsel.modoo.at/
오렌지스타,0.0,0건,리뷰 0,경기 부천시 호현로 416-1,(지번) 소사본동 175-25,032-342-9392,http://blog.naver.com/5rangestar
예하도예,5.0,2건,리뷰 1,서울 종로구 인사동12길 10,(지번) 관훈동 55-1,02-722-3618,
혜이스튜디오,0.0,0건,리뷰 17,서울 강서구 마곡중앙로 171 마곡나루역 프라이빗타워2차 12층 1202호,(지번) 마곡동 288-4,02-722-3618,http://blog.naver.com/hyye_
202작업실,0.0,0건,리뷰 1,서울 동대문구 한천로 38,(지번) 장안동 237-38,연락처 없음,
아뜰리에드세라믹,5.0,1건,리뷰 4,서울 강서구 공항대로39길 100 상가 204호,(지번) 등촌동 694,연락처 없음,https://instagram.com/atelier_cera/
무드세라,0.0,0건,리뷰 5,경기 하남시 미사강변북로30번길 33 1층,(지번) 망월동 1008-7,연락처 없음,
려우도예원,0.0,0건,리뷰 1,강원 춘천시 신동면 김유정로 1430-14,(지번) 신동면 증리 915-2,010-5653-4487,http://www.xn--hn2b29x.com/
아코핸즈,0.0,0건,리뷰 1,서울 광진구 능동로15길 22,(지번) 화양동 529,연락처 없음,http://blog.naver.com/worth33
아코하루,3.0,2건,리뷰 1,제주특별자치도 제주시 매촌2길 80,(지번) 도련일동 1731-13,연락처 없음,
,"D 조은쉼 미술,공예",0.0,0건,리뷰 0,(지번) 도련일동 1731-13,연락처 없음,https://www.choeun-shiwm.com/
섬돌,0.0,0건,리뷰 1,경기 고양시 일산서구 강선로 137,(지번) 일산동 1086,연락처 없음,
퀸즈아틀리에,0.0,0건,리뷰 0,서울 마포구 독막로 43-1 2층,(지번) 합정동 411-14,02-718-5991,http://www.queensatelier.com/
웅천도요지전,5.0,1건,리뷰 3,경남 창원시 진해구 두동도요로 198,(지번) 두동 24,02-718-5991,https://www.changwon.go.kr/depart/contents.do?mId=0313010000
아월도예공방,0.0,0건,리뷰 4,경기 성남시 수정구 위례순환로4길 7 지하1층,(지번) 창곡동 522-1,연락처 없음,https://blog.naver.com/ourr_ceramic
씨오공방,0.0,0건,리뷰 1,서울 마포구 양화로6길 99 3층,(지번) 서교동 402-3,연락처 없음,https://blog.naver.com/c5ceramic/
공간인테리어,0.0,0건,리뷰 0,경기 안양시 만안구 안양로323번길 19,(지번) 안양동 1195-63,010-9261-4461,
맘인더가,3.0,2건,리뷰 20,강원 춘천시 신북읍 배후령1길 70,(지번) 신북읍 천전리 545-2,070-4179-3564,http://mominthegarden.modoo.at/
갤러리딥,0.0,0건,리뷰 0,경기 의정부시 장곡로628번길 10,(지번) 신곡동 765-2,연락처 없음,
채운도자,0.0,0건,리뷰 1,경기 성남시 분당구 돌마로 80,(지번) 구미동 24-1,연락처 없음,
기찻길옆 유쾌한동산마,4.7,3건,리뷰 1,부산 동래구 충렬대로348번길 66,(지번) 낙민동 20-43,051-555-7783,https://dongsanmaeul.modoo.at/
인사동갤러리,0.0,0건,리뷰 0,전남 목포시 산정로 188,(지번) 산정동 1040-219,연락처 없음,
청춘카페 마곡,0.0,0건,리뷰 5,충남 공주시 당간지주길 4,(지번) 반죽동 260-5,연락처 없음,
르포티에 ,0.0,0건,리뷰 14,경기 화성시 동탄순환대로3가길 13 -1층,(지번) 송동 711-3,연락처 없음,https://blog.naver.com/lmwpjh
아눔아트센,5.0,1건,리뷰 5,경기 파주시 문발로 435,(지번) 신촌동 736-1,031-955-9449,http://anum.modoo.at/
,D 도손도손 판교점 카페,4.0,4건,리뷰 10,(지번) 신촌동 736-1,031-955-9449,
아이아트,0.0,0건,리뷰 0,제주특별자치도 제주시 고마로15길 4,(지번) 일도2동 377,연락처 없음,
나우도,5.0,1건,리뷰 2,전남 순천시 상사호길 48,(지번) 덕월동 905,연락처 없음,https://blog.naver.com/nowceramic
,0.0,0건,리뷰 2,충남 천안시 동남구 목천읍 목천안터1길 77-6 1층,(지번) 목천읍 신계리 250-1,070-8825-6129,
카페,4.5,2건,리뷰 4,강원 춘천시 춘주로92번길 9-4 1층,(지번) 온의동 543-1,070-8825-6129,http://www.instagram.com/cafe_pottily
일오스튜디,0.0,0건,리뷰 2,경기 이천시 증신로 39,(지번) 갈산동 704-3,070-8825-6129,https://15studio.modoo.at/
,0.0,0건,리뷰 2,경남 통영시 미나리길 53,(지번) 무전동 979-13,연락처 없음,
로제포슬린갤러리카페,0.0,0건,리뷰 6,인천 남동구 성말로53번길 9-11 1층,(지번) 구월동 1164-17,032-834-7456,https://porcelinrose.blog.me/
갤러리메,0.0,0건,리뷰 1,경기 이천시 신둔면 도자예술로62번길 113-30,(지번) 신둔면 고척리 571-4,031-631-6840,
지혜진ART,0.0,0건,리뷰 1,경기 수원시 영통구 매봉로35번길 14,(지번) 매탄동 1205-6,032-564-3865,
구을공방,0.0,0건,리뷰 2,경기 이천시 신둔면 도자예술로5번길 28,(지번) 신둔면 고척리 607-9,연락처 없음,
담다-DamDa,0.0,0건,리뷰 0,경기 광명시 디지털로 24 종합상가동 지1층 135호,(지번) 철산동 637,010-6286-0097,https://blog.naver.com/aga1534
