공방이름,평균별점,별점건수,리뷰건수,주소,지번주소,연락처,홈페이지
단하나케이크만들기 제,3.0,2건,리뷰 10,대구 중구 동성로6길 25 3층,(지번) 공평동 25-6,,
대구시마을공동체만,0.0,0건,리뷰 0,대구 남구 대명로 239-2 3층,(지번) 대명동 1699-18,,http://daegumaeul.org/
만들기전문,4.4,9건,리뷰 62,경기 군포시 산본로323번길 10-22 청운빌딩 3층,(지번) 산본동 1131-2,,http://foodmanjum.modoo.at/
바른몸만들,0.0,0건,리뷰 0,대구 달서구 조암로 8 4층,(지번) 월성동 1815,053-637-9410,http://jmr4082.modoo.at/
천연비누만들기,0.0,0건,리뷰 0,대구 달서구 대명천로 84,(지번) 성당동 395-6,연락처 없음,
좋은pc만들기,0.0,0건,리뷰 0,대구 서구 국채보상로34길 67,(지번) 중리동 114-1,연락처 없음,
추억만들기펜션캠핑장 ,5.0,4건,리뷰 1,경기 여주시 북내면 중암1길 4,(지번) 북내면 중암리 417,010-5323-9555,http://cafe.daum.net/makememorys
케이크만들기단하나 신천점 제,2.8,4건,리뷰 72,서울 송파구 백제고분로7길 33 3층,(지번) 잠실동 182-4,010-5323-9555,http://cakedan.com/
추억,4.5,6건,리뷰 6,강원 고성군 토성면 토성로 114,(지번) 토성면 천진리 2-15,010-5517-9545,http://xn--ok0b30kwpep0o3rj.com/
미인만들,0.0,0건,리뷰 0,대구 달서구 송현동1길 8,(지번) 송현동 1929-5,053-655-3373,
미인만들,0.0,0건,리뷰 0,대구 동구 율하동로28길 42-1,(지번) 신기동 101,연락처 없음,
아름다운세상만들기 요양,5.0,1건,리뷰 0,서울 강서구 공항대로65길 1-5 3층,(지번) 염창동 272-8,02-2659-8777,
임실치즈피자만들기 체험관,0.0,1건,리뷰 1,대구 달성군 가창면 우록길 244,(지번) 가창면 우록리 632-1,연락처 없음,
예쁜치아만들,0.0,0건,리뷰 0,대구 수성구 달구벌대로 2288 하이게인빌딩 5층,(지번) 수성동1가 72-2,연락처 없음,
단하나케이크만들기 부평점 제,4.0,2건,리뷰 66,인천 부평구 부평문화로 70 2층,(지번) 부평5동 201-126,연락처 없음,https://danhana.modoo.at/
한얼자동차만들기,0.0,0건,리뷰 2,대전 유성구 월드컵대로 67-11,(지번) 장대동 225-35,042-825-5656,http://hanulmotor.cafe24.com/
안경만들기,5.0,1건,리뷰 0,서울 송파구 거마로 19 흰돌빌딩 1층,(지번) 거여동 178-117,02-448-5101,http://blog.naver.com/mandulki
아름다운부엌만들기 주방가구,0.0,0건,리뷰 0,대구 북구 칠곡중앙대로99길 45-5,(지번) 관음동 1338-2,053-262-3979,
추억,5.0,3건,리뷰 0,경북 경주시 양남면 서왕길 403,(지번) 양남면 신대리 405,010-9554-5376,http://star5376.penbang.com/
추억만들기,3.7,3건,리뷰 0,충북 청주시 청원구 오창읍 중심상업2로 47-18,(지번) 오창읍 양청리 799-1,043-217-9333,
좋은학교만들기,0.0,0건,리뷰 0,대구 중구 태평로 267,(지번) 동인동3가 271-129,053-572-9405,
미인만들,0.0,0건,리뷰 0,대구 달서구 선원로53길 4-5,(지번) 용산동 580-4,연락처 없음,
내노래CD,0.0,0건,리뷰 0,대구 서구 서대구로 216,(지번) 평리동 721-4,연락처 없음,
김리아의 헤어아트남자만,0.0,0건,리뷰 0,대구 중구 달구벌대로443길 14,(지번) 삼덕동3가 344-3,053-424-7066,
카맨샵 바른차만들기김진성정비,5.0,1건,리뷰 31,부산 북구 시랑로79번길 20-10,(지번) 구포동 1223-7,051-342-3525,https://blog.naver.com/kshanam
백억,0.0,0건,리뷰 0,전북 전주시 덕진구 전주천동로 477,(지번) 금암동 760-15,연락처 없음,
반지만들기카페 ,4.6,48건,리뷰 68,서울 광진구 동일로20길 89 성신빌딩 2층,(지번) 자양동 7-13,연락처 없음,http://blog.naver.com/limik5000
행복만들,0.0,0건,리뷰 0,대구 남구 월배로 466,(지번) 대명동 1613-1,053-424-3957,
미인,0.0,0건,리뷰 0,대구 수성구 들안로2길 55,(지번) 두산동 154-9,010-2218-2000,
뉴새차만들기,5.0,2건,리뷰 6,부산 해운대구 좌동순환로 375,(지번) 중동 1520-15,010-3868-8883,http://newcar.dubuplus.com/
조앤유헤어라인남자,0.0,0건,리뷰 0,대구 달성군 다사읍 문산리 301,(지번) 중동 1520-15,연락처 없음,
The예쁜얼굴만들기성형외,4.8,72건,리뷰 42,부산 부산진구 가야대로784번길 36,(지번) 부전동 516-1,연락처 없음,http://www.prettydoc.co.kr/
토탈 미인만,0.0,0건,리뷰 0,대구 중구 중앙대로 448,(지번) 화전동 35-6,053-426-0666,
안경만들기 율하점,0.0,0건,리뷰 0,대구 동구 안심로22길 6,(지번) 율하동 1223,053-964-9009,
(주)행복마을만들기 ,0.0,0건,리뷰 0,대구 서구 북비산로74길 36,(지번) 비산동 103-3,053-565-1722,
좋은차만,0.0,0건,리뷰 0,부산 부산진구 백양대로 56-1,(지번) 당감동 236-55,연락처 없음,
공간만들,0.0,0건,리뷰 1,대구 수성구 들안로71길 15,(지번) 수성동4가 1028-10,연락처 없음,https://blog.naver.com/qjrtm407
100억,0.0,0건,리뷰 0,전북 전주시 덕진구 산정3길 38,(지번) 산정동 857-19,063-241-9560,
슬라임톡톡&폰케이스만들,0.0,0건,리뷰 7,울산 남구 삼산로228번길 17 2층,(지번) 달동 1263-1,052-922-7403,https://www.instagram.com/slime_talk_talk_pondeko/
행복,3.0,2건,리뷰 0,서울 관악구 신사로10길 6,(지번) 신림동 517-6,02-857-6457,
반지만들기카페 대학로본점,4.4,10건,리뷰 54,서울 종로구 대학로14길 18-2 동선빌딩 2층,(지번) 혜화동 195,02-744-0004,http://blog.naver.com/kyjj8706
여우,0.0,0건,리뷰 1,대구 수성구 수성로38길 47 1층,(지번) 중동 111-2,053-761-0061,
조은차만들기,5.0,1건,리뷰 0,충북 청주시 청원구 오창읍 구룡택지1로 11,(지번) 오창읍 구룡리 425-3,043-216-5509,
카맨샵 좋은차만들기,5.0,3건,리뷰 0,서울 영등포구 대방천로 243,(지번) 신길동 4160,02-849-0262,
새차만,0.0,0건,리뷰 0,부산 강서구 명지오션시티9로 47,(지번) 명지동 3229-10,051-271-7715,
"사진만들기 사진관,",3.0,6건,리뷰 0,경남 창원시 마산회원구 3.15대로 788,(지번) 합성2동 159-1,055-251-3311,
해리포터 만들기미술교습,0.0,0건,리뷰 0,대구 수성구 지산로3길 83,(지번) 지산동 1253-3,연락처 없음,
뚝딱만들기세상,0.0,0건,리뷰 0,대구 달서구 성서로36길 35,(지번) 월암동 1015,070-4197-2286,http://www.xn--ok0b30kwpevti8qa.com/
남구 도시만들기지원센터,0.0,0건,리뷰 0,대구 남구 앞산순환로 383-6 1층 남구도시재생지원센터,(지번) 대명동 584-3,연락처 없음,http://www.citynamgu.net/
머리만,0.0,0건,리뷰 0,대구 북구 고성로28길 12,(지번) 고성동2가 114-8,053-352-5763,
반지만들기카페 안산,5.0,1건,리뷰 20,경기 안산시 단원구 고잔로 102 대지스타타워 203호,(지번) 고잔동 539-1,053-352-5763,http://blog.naver.com/lo080ve
"추억만들기 사진관,",0.0,0건,리뷰 0,대구 북구 동암로 100 씨너스 5층,(지번) 동천동 895-2,연락처 없음,
신두리추억만들기펜션,0.0,0건,리뷰 0,충남 태안군 원북면 신두해변길 157,(지번) 원북면 신두리 1414-37,041-674-5939,http://www.memory-make.com/
"사진만들기 사진관,",5.0,1건,리뷰 0,경남 창녕군 창녕읍 종로 15,(지번) 창녕읍 교하리 46-2,055-533-4251,
남자만,0.0,0건,리뷰 0,인천 동구 동산로 67,(지번) 송림동 71-3,032-766-1022,
좋은PC만들기,5.0,1건,리뷰 0,대전 동구 백룡로5번길 17,(지번) 자양동 58-1,042-672-5789,
새차만,0.0,0건,리뷰 0,경남 양산시 동면 금오6길 16-6,(지번) 동면 금산리 1421-1,055-382-1002,
지혜만들기작은도,0.0,0건,리뷰 0,"서울 종로구 종로35가길 19 종로5,6가동주민센터 3층",(지번) 효제동 173-2,02-2148-5285,http://www.smalllibrary.org/
아름다운집만들,0.0,0건,리뷰 0,대구 달성군 화원읍 인흥길 25,(지번) 화원읍 천내리 901-37,연락처 없음,
동광좋은집만들기,0.0,0건,리뷰 0,대구 서구 비산동 875,,연락처 없음,
마을만들기지원센,0.0,0건,리뷰 0,전북 진안군 진안읍 진무로 975,(지번) 진안읍 단양리 294,연락처 없음,
율겸 머리만,0.0,0건,리뷰 0,경남 창원시 마산합포구 산호북17길 68,(지번) 산호동 10-4,055-241-4840,
미인만들,0.0,0건,리뷰 0,대구 수성구 무학로21길 87,(지번) 두산동 144-1,연락처 없음,
닥터큐쌩얼만들,0.0,0건,리뷰 0,대구 달서구 대곡동 67-14,(지번) 두산동 144-1,연락처 없음,
"사진만들기 사진관,",5.0,2건,리뷰 0,강원 원주시 우산로 61,(지번) 우산동 200-9,033-732-3279,
문경펜션추억,5.0,4건,리뷰 0,경북 문경시 농암면 서재로 909-11,(지번) 농암면 내서리 330-5,054-571-1571,http://www.makingmemory.net/
좋은세상,5.0,1건,리뷰 0,경북 경주시 유림로13번길 133,(지번) 황성동 1067-7,054-743-7799,
남자만,0.0,0건,리뷰 0,대구 수성구 천을로 167,(지번) 매호동 994-4,053-791-1734,
행복만들,0.0,0건,리뷰 0,대구 중구 큰장로 80,(지번) 대신동 1511,053-523-3375,
"모델만들기 사진관,",3.5,6건,리뷰 0,서울 동대문구 회기로 169,(지번) 회기동 346-11,02-959-9644,
머리만,0.0,0건,리뷰 0,경남 창원시 마산회원구 석전서6길 108,(지번) 석전동 278-52,055-294-7996,
인연만들기 ,5.0,3건,리뷰 0,대구 수성구 청수로 63 정우빌딩 301호,(지번) 중동 188-1,055-294-7996,http://www.inyeon21.co.kr/
행복만들기노,0.0,0건,리뷰 0,경북 경주시 태종로685번길 34,(지번) 노서동 178-5,054-741-0661,
동안만들,0.0,0건,리뷰 0,대구 달서구 미리샘길 103,(지번) 도원동 1447-1,053-631-0089(팩스),
행복만들,0.0,0건,리뷰 0,전북 전주시 덕진구 동부대로 675,(지번) 우아동3가 752-57,063-244-3342,
여우만,0.0,0건,리뷰 0,경북 경산시 백양로34길 2-4,(지번) 사동 152,053-812-1113,
좋은차만들기,0.0,0건,리뷰 0,강원 원주시 지정면 상무향평길 10,(지번) 지정면 신평리 437-1,033-766-0080,
미소만들기치,5.0,4건,리뷰 0,경기 안산시 단원구 중앙대로 907,(지번) 고잔동 541,033-766-0080,http://www.smile-maker.co.kr/
좋은세상,5.0,2건,리뷰 1,서울 영등포구 선유로 248-13,(지번) 양평동4가 32-4,연락처 없음,
미인만들기지압,5.0,1건,리뷰 0,부산 동래구 여고북로 167 3층,(지번) 온천동 1459-36,051-501-3369,
바른이만들기치과 교,3.8,9건,리뷰 0,서울 강남구 선릉로64길 9 대성빌딩 4층,(지번) 대치동 922-21,02-3454-0099,http://www.wemakeusmile.co.kr/
여우만,0.0,0건,리뷰 0,대구 수성구 수성로25길 53,(지번) 상동 162-32,연락처 없음,
폰케이스만들기,0.0,0건,리뷰 0,서울 마포구 어울마당로 100 3층,(지번) 서교동 358-65,02-6405-1001,
"사진만들기 사진관,",4.0,1건,리뷰 1,경기 안산시 상록구 샘골로 106,(지번) 본오동 870-16,031-418-2554,
새차만들기,0.0,0건,리뷰 1,경남 창원시 의창구 신월로 8,(지번) 신월동 41-2,055-285-0817,
추억만들기다육 ,0.0,0건,리뷰 0,전북 전주시 덕진구 호성동1가 866-1,(지번) 신월동 41-2,055-285-0817,
새차만들기,0.0,0건,리뷰 0,부산 동구 망양로 885-1,(지번) 범일동 1435-89,051-642-5595,
좋은차만들기공업사,0.0,0건,리뷰 0,전북 익산시 서동로 466,(지번) 용제동 174,063-832-1739,
결혼만들기,0.0,0건,리뷰 0,충북 충주시 봉방16길 12,(지번) 봉방동 60-25,043-851-5555,
여우만,0.0,0건,리뷰 0,경북 경산시 경안로39길 23,(지번) 중방동 860-4,043-851-5555,
반지만들기카페 부경경성대,5.0,1건,리뷰 37,부산 남구 용소로 19 제산빌딩 7층,(지번) 대연동 60-11,043-851-5555,http://cafe.naver.com/banjimaking/20475
박미선머리만,0.0,0건,리뷰 0,경남 창녕군 남지읍 문화길 5,(지번) 남지읍 남지리 611-4,070-8141-2509,
새옷만들,0.0,0건,리뷰 0,대구 달성군 논공읍 남리길 32-3,(지번) 논공읍 남리 577-62,053-615-6498,
추억만들기 ,0.0,0건,리뷰 0,대구 동구 동촌로11길 5-2,(지번) 입석동 893-17,053-983-2288,
김세현예쁜손만,0.0,0건,리뷰 0,경남 양산시 장터3길 4-1,(지번) 중부동 641,055-363-1813,
케이크만들,0.0,0건,리뷰 6,인천 부평구 부평문화로 70,(지번) 부평동 201-126,연락처 없음,
새차만,0.0,0건,리뷰 0,경남 거제시 연초면 소오비1길 11,(지번) 연초면 오비리 155-1,연락처 없음,
행복공간만들,0.0,0건,리뷰 0,광주 북구 양일로 166,(지번) 양산동 404-3,연락처 없음,
케이크만들기 단하나 용인CGV점 제,0.0,0건,리뷰 10,경기 용인시 처인구 금령로 86 2층 204호,(지번) 김량장동 301-3,연락처 없음,
"사진만들기 사진관,",0.0,0건,리뷰 0,경북 영주시 대학로 88,(지번) 가흥동 1381-510,연락처 없음,http://pf.kakao.com/_CxkPWu
달콤한소금,5.0,7건,리뷰 9,제주특별자치도 서귀포시 안덕면 사계로 100,(지번) 안덕면 사계리 1545-1,070-4406-0079,https://blog.naver.com/sweetsalt0079
신두리추억만들기펜션,5.0,1건,리뷰 0,충남 태안군 원북면 신두해변길 130-7,(지번) 원북면 신두리 1224-31,041-674-5939,http://www.memory-make.com/
케익만들기 제,4.0,2건,리뷰 3,경남 거제시 국산1길 1,(지번) 옥포동 505-11,010-2290-1993,https://www.facebook.com/1778368202475167
미인만들기 효목점 속,0.0,0건,리뷰 0,대구 동구 효서로 8,(지번) 효목동 355-1,053-754-0715,
기리창조적마을만들기 농촌체험휴양마을 ,0.0,0건,리뷰 0,경남 거창군 가조면 지산로 1242,(지번) 가조면 기리 535-1,055-940-3950,
안경만들기,0.0,0건,리뷰 0,부산 기장군 정관읍 정관로 560 마치빌딩 106호,(지번) 정관읍 매학리 718-4,055-940-3950,
미인만,0.0,0건,리뷰 0,대구 달서구 월배로93길 81,(지번) 송현동 114-5,053-625-2723,
새신만들,0.0,0건,리뷰 0,부산 연제구 중앙대로1065번길 2 1층 102호,(지번) 연산동 1384-6,연락처 없음,
미인만,0.0,0건,리뷰 0,경북 성주군 성주읍 시장길 7,(지번) 성주읍 경산리 690-1,054-933-5242,
예쁜집만들,0.0,0건,리뷰 0,대구 수성구 고산로 123,(지번) 매호동 1331,053-794-7666,
추억만들,4.8,19건,리뷰 0,강원 철원군 갈말읍 윗삼성길 4,(지번) 갈말읍 문혜리 1175-1,033-452-5455,http://www.rememberpension.co.kr/
풍성한추억만들기민박,5.0,24건,리뷰 0,충북 영동군 양산면 봉수대길 163,(지번) 양산면 수두리 176-5,043-745-7452,http://blog.naver.com/picnicmart
추억만들기,0.0,0건,리뷰 0,경기 안성시 대덕면 중앙로 37,(지번) 대덕면 건지리 358-2,031-671-0238,
안경만들기,3.5,2건,리뷰 0,경남 양산시 동면 금오13길 4,(지번) 동면 석산리 1457-1,055-386-3372,
머리만,0.0,0건,리뷰 0,경남 진주시 진주대로 849-8,(지번) 주약동 156-16,055-755-5305,
만들기,0.0,0건,리뷰 0,경북 영천시 청통면 청통로 646-4,(지번) 청통면 신학리 538-9,054-335-1017,
안경만들기,2.3,3건,리뷰 0,서울 강북구 솔샘로 224,(지번) 삼각산동 1341-3,02-980-0810,http://blog.naver.com/daless74
케이크&쿠키,1.5,2건,리뷰 0,부산 사상구 주례로 145,(지번) 주례동 617-59,연락처 없음,
결혼만들기,0.0,0건,리뷰 14,경기 수원시 팔달구 효원로 62,(지번) 매산로3가 72-18,031-222-7779,http://swweddinghall.com/
내차만들기,1.0,1건,리뷰 0,경북 문경시 신흥로 59,(지번) 모전동 73-43,연락처 없음,
공주만,0.0,0건,리뷰 0,부산 금정구 팔송로7번길 65,(지번) 남산동 55-7,051-516-7526,
새차만,0.0,0건,리뷰 0,경남 김해시 김해대로 2289,(지번) 봉황동 18-13,055-312-0588,
추억,5.0,2건,리뷰 4,강원 동해시 효자남길 6,(지번) 동회동 86-5,033-521-6356,
동안,5.0,1건,리뷰 0,경북 포항시 북구 학산로 81,(지번) 학산동 127-60,054-255-4844,
좋은차만들기 본점,0.0,0건,리뷰 0,부산 사상구 가야대로133번길 25,(지번) 감전동 155-9,051-312-1201,
미인만들기헤,0.0,0건,리뷰 0,광주 북구 서양로 30,(지번) 신안동 213-1,062-514-2611,
스타만들기 의,5.0,1건,리뷰 0,경북 칠곡군 북삼읍 외율3길 6,(지번) 북삼읍 율리 636-8,054-972-3741,http://starevent.net/
띠앗머리만,0.0,0건,리뷰 0,경남 김해시 생림면 봉림로21번길 33-10,(지번) 생림면 봉림리 1283,055-323-8579,
동안만들기&헤,0.0,0건,리뷰 0,부산 금정구 금강로 466-1,(지번) 구서동 258-1,051-518-3677,
빵짱좋은빵만들기 제,0.0,0건,리뷰 0,경북 구미시 선산읍 동교길 24,(지번) 선산읍 동부리 784,054-715-7009,
안경만들기,5.0,1건,리뷰 0,경남 진주시 동진로 178,(지번) 상대동 300-98,055-755-1070,
제주반지만들기,5.0,1건,리뷰 19,제주특별자치도 제주시 신대로5길 4 마리나웨딩홀 1층,(지번) 연동 300-13,055-755-1070,http://blog.naver.com/jejubanji
남자만,0.0,0건,리뷰 0,경북 포항시 북구 두호로 29,(지번) 두호동 1052-2,연락처 없음,
남자만,3.7,3건,리뷰 0,강원 원주시 치악로 1784,(지번) 개운동 385-7,033-761-5155,
여행만,0.0,0건,리뷰 0,대구 달서구 성당로33길 16,(지번) 성당동 87-3,053-421-9898,
행복만들,0.0,0건,리뷰 0,대구 서구 큰장로13길 7,(지번) 내당동 1002-101,053-523-3375,
만들기 ,0.0,0건,리뷰 0,충북 청주시 흥덕구 강내면 저산태성로 282-13,(지번) 강내면 산단리 50-1,043-236-7985,http://www.allcrart.com/
조미영머리만들기 효,4.3,3건,리뷰 0,서울 종로구 자하문로7길 62,(지번) 통인동 46-14,02-736-4563,
전통한복만들기강좌교,0.0,0건,리뷰 0,대구 중구 국채보상로 473-9,(지번) 시장북로 154-4,연락처 없음,http://cafe.naver.com/pinhanbok
교복한복추억만들,0.0,0건,리뷰 0,부산 사하구 감내2로 180,(지번) 감천동 2-9,연락처 없음,
미인만,0.0,0건,리뷰 0,경북 김천시 아랫장터5길 2,(지번) 용두동 83-4,054-431-3514,
머리만,0.0,0건,리뷰 0,경남 창원시 성산구 삼동로128번길 30,(지번) 내동 452-14,055-287-1648,
떡만들기,0.0,0건,리뷰 0,부산 부산진구 동평로183번길 144,(지번) 연지동 338-134,051-807-8338,
큰바우새차만들기,4.5,2건,리뷰 3,서울 은평구 백련산로 166-9,(지번) 응암동 149-4,연락처 없음,https://blog.naver.com/jfk001
예쁜머리만,0.0,0건,리뷰 0,경남 창원시 마산합포구 산호북14길 23,(지번) 산호동 31-50,연락처 없음,
남자만,2.6,5건,리뷰 0,경기 성남시 분당구 백현로101번길 25 수내프라자 4호,(지번) 수내1동 18-2,031-717-0840,
토탈미인만들,0.0,0건,리뷰 0,대구 중구 중앙대로 454-2,(지번) 화전동 2-13,053-431-0666,
백조머리만,0.0,0건,리뷰 0,부산 동구 초량남로 3-1,(지번) 초량동 906-139,051-467-7502,
보석만들기,0.0,0건,리뷰 0,경북 경산시 중앙로17길 5,(지번) 중방동 506-7,연락처 없음,
새몸만들기연구소,0.0,0건,리뷰 0,대구 북구 대현남로6길 7,(지번) 대현동 390-20,연락처 없음,
가구,0.0,0건,리뷰 0,서울 성북구 보문로 42,(지번) 보문동7가 112-3,02-929-2144,http://www.iwoodiy.com/
새차만,0.0,0건,리뷰 0,경기 용인시 기흥구 마북로 174,(지번) 마북동 187-4,070-7746-3700,
행복한가족만들기연구소,0.0,0건,리뷰 0,대구 동구 율하동로 28,(지번) 율하동 1487,연락처 없음,
안경만들기,0.0,0건,리뷰 0,경남 양산시 평산로 30,(지번) 평산동 94-5,055-365-5958,
새몸만들기 면역치유,0.0,0건,리뷰 0,대구 북구 동북로31길 21,(지번) 산격동 1269-11,053-382-2033,
가구만들기나,5.0,1건,리뷰 0,전북 전주시 덕진구 송천중앙로 99,(지번) 송천동1가 387-1,063-276-8778,http://cafe.daum.net/cw8515
안경만들기 사천점,5.0,1건,리뷰 0,경남 사천시 사천읍 읍내로 6-1,(지번) 사천읍 수석리 251-17,055-853-4081,
안경만들기 율량점,5.0,3건,리뷰 1,충북 청주시 청원구 충청대로 175,(지번) 주중동 1062,043-217-1001,https://www.instagram.com/ankyung_mandeulgi
행복만들,0.0,0건,리뷰 0,경북 포항시 남구 포스코대로 140,(지번) 대잠동 469-1,054-251-0075,
행복만들,0.0,0건,리뷰 0,대구 중구 동성로 49-1,(지번) 동성로2가 36-1,연락처 없음,
청담미인만들,5.0,2건,리뷰 1,서울 강남구 선릉로 703 HS타워 6층,(지번) 논현동 119-2,연락처 없음,http://www.miinz.com/
안경만들기 삼계점,0.0,0건,리뷰 0,경남 김해시 삼계중앙로 59,(지번) 삼계동 1487-6,055-332-3003,
머리만,0.0,0건,리뷰 0,강원 횡성군 둔내면 경강로둔방6길 13,(지번) 둔내면 둔방내리 108-15,033-344-8500,
반지만들기카페 홍대,4.6,8건,리뷰 2,서울 마포구 와우산로 91 3층,(지번) 서교동 358-29,02-325-0014,https://m.blog.naver.com/hongbanji?suggestAddBuddy=true
행복만들기 속,0.0,0건,리뷰 0,경기 고양시 일산서구 대화1로 53,(지번) 대화동 2573,연락처 없음,
추억만들,0.0,0건,리뷰 0,전남 고흥군 도화면 천마로 2703,(지번) 도화면 발포리 60-2,061-833-9111,http://www.makememory.co.kr/
컴퓨터만들기,0.0,0건,리뷰 0,전남 순천시 북부시장3길 69,(지번) 동외동 166-48,061-752-8572,
NEW새차만들기,0.0,0건,리뷰 0,울산 동구 봉수로 353,(지번) 전하동 746-1,052-235-6323,
반지만들기블링 부평,4.0,3건,리뷰 4,인천 부평구 부평문화로80번길 38 3층,(지번) 부평동 201-114,032-518-3939,https://blog.naver.com/ring-god
여우만,0.0,0건,리뷰 0,부산 금정구 중앙대로1985번길 3,(지번) 남산동 129-2,051-518-5724,
좋은집만들기인테리,5.0,1건,리뷰 0,경기 안성시 공도읍 진건중길 13,(지번) 공도읍 진사리 13-9,031-657-0123,
생각만들기 도예아카데미 도,0.0,0건,리뷰 0,경북 구미시 금오산로22길 1-2,(지번) 원평동 408-53,054-444-1968,
행복만들기,0.0,0건,리뷰 0,대구 수성구 수성로72길 43,(지번) 수성동2가 37-6,053-756-7120,
여시만,5.0,1건,리뷰 0,인천 연수구 용담로149번길 25,(지번) 연수동 620-3,032-818-1243,
인연만들기 ,0.0,0건,리뷰 0,대구 수성구 수성로 23,(지번) 상동 619-7,053-762-6443,
예쁜집만들,0.0,0건,리뷰 0,서울 은평구 역말로 95,(지번) 역촌동 3-5,연락처 없음,
새차만들기,0.0,0건,리뷰 6,서울 관악구 호암로 505,(지번) 신림동 309-6,070-8269-1712,
스타,5.0,111건,리뷰 0,부산 연제구 중앙대로 1130 1층 115호,(지번) 연산4동 587-8,070-8269-1712,http://cafe.daum.net/star4300
추억,5.0,6건,리뷰 1,경기 가평군 가평읍 용추로 508-69,(지번) 가평읍 승안리 646-12,070-8269-1712,http://page.yapen.co.kr/31179
추억만들기 남도홍탁김,2.9,7건,리뷰 1,경기 수원시 영통구 청명남로50번길 26,(지번) 영통동 1036-8,031-205-1866,
반지만들기카페 울산점,5.0,2건,리뷰 4,울산 남구 삼산중로74번길 22 폴리프라자 3층 302호,(지번) 삼산동 1523-3,031-205-1866,http://blog.naver.com/ulsanbanji
뽀얀피부만들,0.0,0건,리뷰 1,전남 광양시 사동로 253-8 2층,(지번) 마동 1098-1,061-792-9196,
안경만들기 문덕점,5.0,5건,리뷰 0,경북 포항시 남구 오천읍 원동로 36,(지번) 오천읍 원리 933-8,061-792-9196,http://blog.naver.com/eyewearmade
미인만,0.0,0건,리뷰 0,대구 수성구 범어로 186,(지번) 범어동 434-14,연락처 없음,
새차만들기,0.0,0건,리뷰 0,울산 북구 화봉로 96,(지번) 연암동 360-6,연락처 없음,
케이크만들기단하나 제,0.0,0건,리뷰 3,서울 강서구 화곡로 319,(지번) 화곡6동 1105-2,연락처 없음,
아름다운세상만들기 ,5.0,1건,리뷰 0,인천 남동구 용부리안길 68,(지번) 운연동 348-4,032-472-1760,
좋은차만들기,0.0,0건,리뷰 2,전북 남원시 오들로 30,(지번) 월락동 129-90,063-636-1342,
남자만,0.0,0건,리뷰 1,경기 남양주시 화도읍 창현로 63,(지번) 화도읍 창현리 605,031-575-3243,
만들기,0.0,0건,리뷰 0,대구 북구 연암로42길 39-1,(지번) 산격동 671-4,053-384-1016,
아름다운머리만,0.0,0건,리뷰 0,경남 진주시 진주대로816번길 6-1,(지번) 주약동 79-30,055-753-5845,
얼짱만,0.0,0건,리뷰 0,대전 서구 갈마중로 8,(지번) 갈마동 361-17,042-533-3900,
안경만들기 대성당안경원,0.0,0건,리뷰 0,경북 문경시 중앙8길 8,(지번) 점촌동 244-12,054-555-6838,
추억만들기,4.4,5건,리뷰 0,전북 전주시 완산구 한두평4길 5-4,(지번) 중화산동2가 657-11,063-228-8889,
케익만들기체험 제,5.0,3건,리뷰 1,광주 광산구 풍영로101번길 1,(지번) 흑석동 597,062-226-0435,http://blog.naver.com/kjianming
진천군마을만들기지원센터,0.0,0건,리뷰 0,충북 진천군 진천읍 김유신길 116-15,(지번) 진천읍 상계리 287,070-4177-4814,http://blog.daum.net/jcmasil
고운피부만들,0.0,0건,리뷰 1,부산 동래구 명륜로112번길 56,(지번) 수안동 421-29,051-553-1101,
반지만들기로터스 ,5.0,2건,리뷰 13,서울 광진구 동일로20길 36 2층,(지번) 자양동 13-45,051-553-1101,https://lotusjewelry.modoo.at/
예쁜머리만,0.0,0건,리뷰 0,서울 서대문구 북아현로14길 22,(지번) 북아현동 3-7,02-312-6484,
계룡산도자기만들기체,0.0,0건,리뷰 0,충남 공주시 반포면 상신리,,연락처 없음,
머리만,0.0,0건,리뷰 0,경기 수원시 장안구 영화로71번길 12-26,(지번) 정자동 68-35,031-241-9727,
옷&소품 만들기,0.0,0건,리뷰 0,대구 수성구 달구벌대로650길 14,(지번) 신매동 576-7,053-794-1237,
새차만들기,0.0,0건,리뷰 0,부산 금정구 가마실로 1,(지번) 부곡동 301-64,연락처 없음,
잘란카바른차만들기,0.0,0건,리뷰 0,경북 포항시 남구 오천읍 문덕서로 216-8,(지번) 오천읍 문덕리 217-3,054-292-0528,
사랑만들기 ,1.0,1건,리뷰 0,광주 북구 당뫼로 46,(지번) 중흥동 224-94,062-512-0085,
나무,0.0,0건,리뷰 0,인천 부평구 경인로980번길 4,(지번) 부평동 631-23,032-221-0808,http://blog.naver.com/selfstory11
행복만들,0.0,0건,리뷰 0,충북 청주시 상당구 영운로21번길 26,(지번) 영운동 179-15,043-222-4665,
미인만,0.0,0건,리뷰 0,충북 청주시 상당구 성안로 5,(지번) 북문로1가 97-13,043-258-9898,
도자기만들기,0.0,0건,리뷰 0,경북 경산시 경청로230길 19,(지번) 백천동 115-4,연락처 없음,
몸짱만들기휘트니,0.0,0건,리뷰 0,경기 가평군 청평면 강변로 45-7,(지번) 청평면 청평리 80-7,031-585-6115,
무장애북구만들기시민운동본부 장,0.0,0건,리뷰 0,광주 북구 우치로 690 3층,(지번) 생용동 128-1,062-574-2126,
"사진만들기 사진관,",0.0,0건,리뷰 0,부산 수영구 과정로 67,(지번) 망미동 432-17,051-755-0123,
머리만,0.0,0건,리뷰 0,대전 대덕구 신탄진로 219,(지번) 신대동 209-5,연락처 없음,
새차만,0.0,0건,리뷰 0,인천 서구 청라라임로138번길 11-1,(지번) 청라동 117-8,연락처 없음,https://blog.naver.com/pororo500/
따뜻한세상만들기 ,0.0,0건,리뷰 0,대구 달성군 현풍읍 비슬로120길 12,(지번) 현풍읍 원교리 112-1,연락처 없음,
남자 만들기 남,0.0,0건,리뷰 0,전남 여수시 통제영5길 12,(지번) 중앙동 589-2,061-662-8567,
안경만들기 망원점,5.0,1건,리뷰 0,서울 마포구 망원로 72,(지번) 망원1동 414-1,02-3142-6126,
예쁜옷만들,0.0,0건,리뷰 0,대전 유성구 반석동로40번길 92-38,(지번) 반석동 653-1,042-826-4997,
컴퓨터만들기,0.0,0건,리뷰 1,충북 청주시 서원구 구룡산로371번길 125,(지번) 모충동 130-1,043-284-9889,
행복만들기 본,0.0,0건,리뷰 46,경기 용인시 기흥구 언동로 193-18,(지번) 중동 633-3,043-284-9889,http://blog.naver.com/makehappy12
행복만들기뜨개방,0.0,0건,리뷰 0,서울 관악구 신원로3길 62,(지번) 신림동 1586-6,연락처 없음,
반지만들기대학로 반지마을카,3.0,9건,리뷰 19,서울 종로구 대학로10길 20 4층,(지번) 동숭동 1-104,연락처 없음,http://xn--3e0b97uzwb5wtl1ag0f.com/
여우만,0.0,0건,리뷰 0,부산 중구 초량상로 11-1,(지번) 영주동 8-18,051-465-1908,
만들기,0.0,0건,리뷰 0,전북 완주군 용진읍 하이1길 61-48,(지번) 용진읍 상삼리 695,051-465-1908,http://www.makingno1.com/
모델만,0.0,0건,리뷰 0,경남 양산시 두전길 18,(지번) 어곡동 9-3,055-366-0030,
여우맘스옷만들기공,0.0,0건,리뷰 0,부산 북구 금곡대로 213,(지번) 화명동 1113,070-8243-2199,
빵짱좋은빵만들기 제,0.0,0건,리뷰 0,경북 구미시 선산읍 내고5길 168,(지번) 선산읍 내고리 784,054-715-7009,
새차만들기,5.0,1건,리뷰 0,부산 금정구 금강로 641,(지번) 남산동 482-3,051-518-4413,
설탕 만들기 제,0.0,0건,리뷰 1,경기 화성시 동탄공원로3길 14-12,(지번) 반송동 50-4,051-518-4413,http://xn--ok0b30kwpe34i4nu.com/
새집만들,0.0,0건,리뷰 0,서울 중랑구 동일로136길 23,(지번) 중화동 83-22,연락처 없음,
만들기체험아카데미,0.0,0건,리뷰 0,대구 수성구 무학로 42,(지번) 상동 463-2,070-4405-8959,
새차만들기,0.0,0건,리뷰 0,부산 부산진구 냉정로 254,(지번) 가야2동 645-27,051-896-8985,
남자만들기헤,0.0,0건,리뷰 0,경남 창원시 진해구 풍호로3번길 12,(지번) 풍호동 731-1,055-543-8287,
새차만들기,0.0,0건,리뷰 0,충북 음성군 금왕읍 무극로 192-1,(지번) 금왕읍 무극리 588-2,연락처 없음,http://www.ok114.co.kr/Company/DetailViewBasic.aspx?seqNO=1951681
가구만들,0.0,0건,리뷰 0,서울 은평구 연서로16길 19-20,(지번) 역촌동 2-67,연락처 없음,
추억,5.0,1건,리뷰 0,강원 평창군 대화면 금당계곡로 893,(지번) 대화면 개수리 849-20,033-334-7008,
머리모양만,5.0,1건,리뷰 0,서울 서대문구 통일로39길 23,(지번) 홍제동 307-5,연락처 없음,
새차만들기,5.0,1건,리뷰 0,경기 수원시 장안구 서부로 2193,(지번) 율전동 99-20,연락처 없음,http://www.xn--ok0b30kwpelui9kp.com/
여자만들,0.0,0건,리뷰 0,대전 대덕구 덕암로 214,(지번) 덕암동 53-14,042-934-5840,
이수경헤어갤러리 머리만,0.0,0건,리뷰 0,경북 김천시 자산로 115,(지번) 성내동 208-7,054-431-8111,
더예쁜피부만들,0.0,0건,리뷰 0,경기 수원시 장안구 조원로 30-4,(지번) 조원동 516-6,031-254-8846,
"사진만들기 사진관,",1.0,1건,리뷰 0,경북 봉화군 봉화읍 봉화로 1187-2,(지번) 봉화읍 내성리 243-2,054-673-4577,
미인만들기,0.0,0건,리뷰 0,경남 창원시 의창구 봉곡로11번길 27,(지번) 봉곡동 80-3,연락처 없음,
미남미녀만,0.0,0건,리뷰 0,울산 울주군 언양읍 동부3길 4,(지번) 언양읍 동부리 253-2,052-248-7868,
안경만들,0.0,0건,리뷰 0,울산 북구 매곡1로 27 대우푸르지오 104 상가,(지번) 매곡동 854,연락처 없음,
머리만,0.0,0건,리뷰 0,전남 광양시 오류로 47,(지번) 중동 1353-2,061-791-0008,
안경만들기콘택트 풍암점,0.0,0건,리뷰 23,광주 서구 풍암2로 14,(지번) 풍암동 1119-3,062-655-1661,
새차만들기,0.0,0건,리뷰 12,충북 청주시 상당구 이정골로 11,(지번) 용정동 405-5,연락처 없음,https://blog.naver.com/mancar01
기죽이는 맑은피부만들,0.0,0건,리뷰 0,부산 수영구 수영로611번길 37,(지번) 광안동 560-14,연락처 없음,
K1남자만,0.0,0건,리뷰 0,인천 미추홀구 신기길 58,(지번) 주안동 1343-96,032-872-1816,
안경만들기 평택시청점,4.2,6건,리뷰 1,경기 평택시 경기대로 218,(지번) 합정동 866-1,031-618-0929,
부엌,0.0,0건,리뷰 1,경북 김천시 영남대로 1297-1,(지번) 다수동 207-1,054-434-9870,
가구,0.0,0건,리뷰 0,강원 원주시 강변로 421,(지번) 개운동 388-19,033-747-9927,
안경만들기 삼계점,0.0,0건,리뷰 0,경남 김해시 가야로 178,(지번) 삼계동 1479-8,055-332-3003,
가구만들,0.0,0건,리뷰 0,울산 남구 삼호로 19,(지번) 무거동 1443-9,052-249-5448,
새옷만들,0.0,0건,리뷰 0,부산 북구 효열로235번길 36,(지번) 금곡동 56,051-365-0159,
미인만들,0.0,0건,리뷰 0,전북 전주시 완산구 성지산로 60,(지번) 삼천동1가 585,연락처 없음,http://ok114.co.kr/0632263009
남자만들기 여천점 남,0.0,0건,리뷰 0,전남 여수시 신기남3길 33,(지번) 신기동 107-2,061-682-8567,
남자만,0.0,0건,리뷰 0,서울 금천구 독산로50길 70,(지번) 시흥동 794-15,02-893-3366,
안경만들기,0.0,1건,리뷰 0,경남 창원시 성산구 가음로15번길 38,(지번) 남양동 22,055-281-4208,
새차만들기,0.0,0건,리뷰 0,경남 김해시 진영읍 하계로 212-1,(지번) 진영읍 하계리 207-3,연락처 없음,
새차만들기,5.0,1건,리뷰 0,경기 고양시 일산서구 대산로211번길 16-22,(지번) 대화동 2154-7,031-924-0124,
좋은차만들기 피멘토르,0.0,0건,리뷰 0,부산 기장군 기장읍 차성로 251,(지번) 기장읍 대라리 139-15,051-724-3668,
좋은차만들기카센타,0.0,0건,리뷰 0,경기 의정부시 부용로219번길 39,(지번) 용현동 545-13,031-852-9870,
만들기자랑 ,0.0,0건,리뷰 0,경기 양주시 청담로39번길 22-15,(지번) 고읍동 285-3,070-8884-2234,http://www.mdgjr.com/
한반도평화만들기,0.0,0건,리뷰 0,서울 성북구 성북로 148 3층,(지번) 성북동 260-88,02-3676-6001,http://www.koreapeace.foundation/
차만들기,0.0,0건,리뷰 0,경기 안산시 상록구 대촌길 8,(지번) 사사동 243-55,031-419-5595,
서원주현대신차만들기,0.0,0건,리뷰 0,강원 원주시 봉화로 145,(지번) 단계동 551,033-734-8202,
뷰티박피부만들,0.0,0건,리뷰 0,경기 부천시 소향로37번길 19 상록복합타워 2층,(지번) 상동 545-13,032-329-7505,
미인만들,0.0,0건,리뷰 0,부산 동래구 명서로 182,(지번) 명장동 326-4,051-522-5687,
새차만들기,0.0,0건,리뷰 0,부산 동구 초량상로 146,(지번) 수정동 369-48,051-463-5204,
새차만들기 남부전,0.0,0건,리뷰 0,부산 남구 유엔로 149,(지번) 대연1동 881-7,연락처 없음,
머리만,0.0,0건,리뷰 0,인천 동구 송림로 114,(지번) 송림동 125-23,032-761-6993,
새차만들기카정비,0.0,0건,리뷰 0,경기 군포시 금당로 31,(지번) 당동 952-1,연락처 없음,
"추억만들기 사진관,",0.0,0건,리뷰 0,경기 수원시 권선구 탑동로57번길 20-10 302호,(지번) 탑동 751-1,070-4793-2741,http://www.mpmshop.co.kr/
좋은집만들,5.0,1건,리뷰 0,부산 부산진구 신천대로 198-1,(지번) 부암동 137-17,연락처 없음,http://blog.naver.com/kbkk1
새옷만,0.0,0건,리뷰 0,인천 중구 신도시남로 92,(지번) 운서동 2786-1,032-746-9978,
꾸밈터공간만들,0.0,0건,리뷰 0,충북 충주시 갱고개로 1,(지번) 교현동 225-18,010-2887-0012,
미인만,0.0,0건,리뷰 0,경북 경산시 성암로8길 37,(지번) 옥산동 883-4,053-815-9937,
이수경머리만,0.0,0건,리뷰 0,경북 김천시 자산로 115-1,(지번) 성내동 208-26,054-431-8111,
세차만,0.0,0건,리뷰 0,충남 천안시 서북구 천안대로 1028,(지번) 두정동 397-2,연락처 없음,
애견&만들,3.0,2건,리뷰 0,대전 중구 문화로 66 1층,(지번) 산성동 115-3,042-582-6747,
부엌만들기 주방가구,5.0,1건,리뷰 0,경기 군포시 당산로126번길 1,(지번) 금정동 769-7,031-382-4580,https://blog.naver.com/qndjqndjzaks
그림에서액자만들기,0.0,0건,리뷰 0,울산 북구 두부곡4길 6,(지번) 연암동 373-5,052-288-2349,
미인만들기화,0.0,0건,리뷰 0,경북 경산시 성암로8길 19,(지번) 옥산동 871-9,연락처 없음,
센스머리만,0.0,0건,리뷰 0,부산 해운대구 우동3로11번길 33,(지번) 우동 265-39,연락처 없음,
남자만들기 관,0.0,0건,리뷰 0,강원 원주시 나비허리길 170,(지번) 관설동 1702-6,033-764-9663,
박소현천연화장품만들기 합,0.0,0건,리뷰 0,경남 합천군 합천읍 동서로 23,(지번) 합천읍 합천리 1228,연락처 없음,
여우만,0.0,0건,리뷰 0,전남 무안군 무안읍 무안중앙로 28,(지번) 무안읍 성남리 15-1,061-452-5567,
남자만,0.0,0건,리뷰 0,경기 남양주시 오남읍 진건오남로512번길 14,(지번) 오남읍 오남리 454-12,031-527-4633,
추억,0.0,0건,리뷰 2,제주특별자치도 제주시 용해로 123,(지번) 용담2동 779-5,064-712-5566,
여자이야기남자만,0.0,0건,리뷰 0,경북 포항시 남구 양학천로76번길 15-5,(지번) 대도동 88-3,010-8273-3266,
튼튼가구만,0.0,0건,리뷰 0,울산 남구 문수로 403,(지번) 신정동 1629-6,연락처 없음,
머리 만,0.0,0건,리뷰 0,경기 수원시 권선구 권선로639번길 16,(지번) 권선동 956-7,031-233-3799,
미인만들,0.0,0건,리뷰 0,경남 김해시 경원로11번길 5,(지번) 내동 1096-5,055-325-3773,
여우만,1.0,1건,리뷰 0,서울 중랑구 신내로7가길 64,(지번) 상봉동 19-25,02-432-9069,
새차만들기,0.0,0건,리뷰 0,부산 금정구 금정로 194,(지번) 장전동 60-1,051-515-4322,https://blog.naver.com/thinkingdent
부자만들기 공인중개사사무소 부,0.0,0건,리뷰 0,경북 경산시 진량읍 공단1로7길 6,(지번) 진량읍 신상리 351-6,010-4905-2646,
미인만들기속눈,0.0,0건,리뷰 0,경북 영덕군 영덕읍 중앙길 132-14,(지번) 영덕읍 남석리 145-3,070-8624-9556,
행복공간만들,5.0,1건,리뷰 0,광주 북구 금남로 39,(지번) 임동 87-3,062-384-7834,
새차만들기,0.0,0건,리뷰 0,부산 해운대구 반여로155번길 34,(지번) 반여동 1015-2,연락처 없음,
건강미인만들,0.0,0건,리뷰 0,충북 청주시 상당구 중고개로 181,(지번) 용암동 2627,연락처 없음,
테디베어만들기 ,0.0,0건,리뷰 0,충북 청주시 흥덕구 풍년로 16-17,(지번) 가경동 1683,연락처 없음,
예쁜옷만들,0.0,0건,리뷰 0,광주 광산구 우산로96번길 66,(지번) 우산동 1074-1,062-941-7080,
예쁜풍선만들기 오산점 이벤,0.0,0건,리뷰 1,경기 오산시 오산로 193 오산컨벤션웨딩홀 1층,(지번) 오산동 882-2,031-378-1001,http://blog.naver.com/prettyjy73
새차 만들기,0.0,0건,리뷰 0,경남 창원시 진해구 태백로 16,(지번) 경화동 1156-22,055-546-9114,
깨끗한환경만들,0.0,0건,리뷰 0,경기 남양주시 화도읍 비룡로55번길 15 1층,(지번) 화도읍 마석우리 560-2,010-8975-8017,
양해정피부미인만들,0.0,0건,리뷰 0,충남 금산군 금산읍 비단로 333,(지번) 금산읍 상리 20-11,041-754-6396,
서천군 마을만들기지원센터,0.0,0건,리뷰 0,충남 서천군 서천읍 충절로109번길 25,(지번) 서천읍 군사리 184-18,041-953-1914,http://www.ssrf.or.kr/
천연 비누화장품만,0.0,0건,리뷰 0,경기 수원시 장안구 대평로90번길 46,(지번) 정자동 874-1,031-271-0790,
신송자여우만,0.0,0건,리뷰 0,부산 동구 망양로 731-1,(지번) 수정동 1163-4,연락처 없음,
남자만,0.0,0건,리뷰 0,경기 가평군 가평읍 석봉로 214,(지번) 가평읍 읍내리 635-1,031-581-2483,
안경만들기 김해삼방점,3.0,2건,리뷰 0,경남 김해시 삼안로 229,(지번) 삼방동 688-15,055-333-9484,
공간만들,0.0,0건,리뷰 0,경기 평택시 팽성읍 안정리 57-4,(지번) 삼방동 688-15,연락처 없음,
광택새차만들기,0.0,0건,리뷰 0,부산 영도구 산업로 3,(지번) 청학동 7-4,연락처 없음,
여리의피부만들,0.0,0건,리뷰 0,부산 부산진구 성지로 36,(지번) 연지동 31-4,070-8258-7926,
도자기만들기 도,0.0,0건,리뷰 0,충남 천안시 서북구 성정로 118,(지번) 성정동 159-21,연락처 없음,
추억만들기 호,0.0,0건,리뷰 0,대전 서구 문정로112번안길 19,(지번) 탄방동 860,연락처 없음,
새차만들기,0.0,0건,리뷰 0,경기 평택시 현촌2로 32,(지번) 용이동 182-6,031-691-1663,
나만의향수만들기,0.0,0건,리뷰 0,전남 여수시 시청동3길 9,(지번) 학동 92-7,연락처 없음,
머리만,0.0,0건,리뷰 0,충북 청주시 서원구 구룡산로389번길 26,(지번) 수곡동 49-25,043-298-0430,
단하나케이크만들기 문산점 제,0.0,1건,리뷰 0,경기 파주시 문산읍 문산로 17,(지번) 문산읍 문산리 52-3,031-943-0303,
예쁜머리만들기 목,0.0,0건,리뷰 0,서울 양천구 목동중앙북로8길 50,(지번) 목3동 625-26,02-2647-9320,
케이크만들기단하나 제,5.0,1건,리뷰 0,경기 용인시 처인구 금령로 86,(지번) 김량장동 301-3,연락처 없음,
미인만들,0.0,0건,리뷰 0,경남 양산시 삼호동부9길 20,(지번) 삼호동 114-9,055-363-1063,
여우만,5.0,1건,리뷰 0,부산 수영구 광안로35번길 60,(지번) 광안동 155-21,051-759-6113,
반지만들기카페 울산,0.0,0건,리뷰 1,울산 중구 젊음의거리 29-5 3층,(지번) 성남동 191-1,052-274-8004,http://www.usbanji.com/
부자만들기부동산 부,0.0,0건,리뷰 0,경기 용인시 처인구 포곡읍 포곡로108번길 13-10,(지번) 포곡읍 둔전리 139-22,031-338-8807,
여우 만,0.0,0건,리뷰 0,경남 통영시 북신로 44,(지번) 북신동 66-4,055-642-1020,
새집만들,0.0,0건,리뷰 0,광주 서구 풍암순환로 144,(지번) 풍암동 1191,062-654-2508,
좋은차만들기,0.0,0건,리뷰 0,경남 창원시 마산합포구 해안대로 295,(지번) 신포동1가 64-4,070-7397-1696,
추억만들,0.0,0건,리뷰 0,강원 정선군 남면 덕만길 5-30,(지번) 남면 무릉리 302-6,연락처 없음,http://say2397.com/
케이크만들기단하나 제,0.0,0건,리뷰 0,서울 강동구 천호대로 1037 3층,(지번) 천호3동 453-14,연락처 없음,http://www.cakedan.com/index.php
남자만,0.0,0건,리뷰 0,인천 남동구 남촌동로 31,(지번) 남촌동 356-3,032-201-9521,
행복만들기상담소,0.0,0건,리뷰 0,강원 횡성군 횡성읍 북천서로3번길 15,(지번) 횡성읍 북천리 115-62,033-344-1366,
남자만,0.0,0건,리뷰 0,경기 가평군 가평읍 가화로 131,(지번) 가평읍 읍내리 449-2,031-581-2483,
추억만들,5.0,3건,리뷰 0,인천 중구 선녀바위로 33,(지번) 을왕동 678-63,연락처 없음,http://www.minbakstory.com/
케이크만들기 제,0.0,0건,리뷰 0,경기 의정부시 호국로1298번길 63,(지번) 의정부1동 193-4,070-8814-0149,
"행복만들기 사진관,",0.0,0건,리뷰 0,부산 서구 구덕로 259,(지번) 서대신동1가 21,051-466-1005,
머리만,0.0,0건,리뷰 0,부산 동래구 명서로 136,(지번) 명장동 497-91,연락처 없음,
새옷만들,0.0,0건,리뷰 0,울산 울주군 온양읍 연안5길 10,(지번) 온양읍 대안리 415-13,052-239-9770,
피부만들,0.0,0건,리뷰 0,서울 광진구 능동로50길 9,(지번) 중곡동 30-61,02-499-0836,
신테렐라만들,0.0,0건,리뷰 0,경기 남양주시 화도읍 마석로 87-22,(지번) 화도읍 마석우리 357-2,031-595-7847,http://ok114.co.kr/0315957847
예쁜머리 만들기,0.0,0건,리뷰 0,경북 포항시 남구 효자동길 10,(지번) 효자동 253-127,054-275-8500,
예쁜풍선만들기 영통점 이벤,4.5,8건,리뷰 0,경기 수원시 영통구 봉영로1770번길 21 신명아파트상가 101호,(지번) 영통동 1054-3,031-204-2257,http://cafe.daum.net/yepung
엄마랑슬라임만들,0.0,0건,리뷰 4,경기 부천시 고강로98번길 20 1층,(지번) 고강동 283-8,010-9902-5596,
새차만들기,0.0,0건,리뷰 0,경남 양산시 웅상대로 771,(지번) 덕계동 667-1,055-365-2514,
좋은빵만들기 제,0.0,0건,리뷰 0,경기 평택시 진위면 진위서로 20,(지번) 진위면 견산리 517,연락처 없음,
미인만들기 복,0.0,0건,리뷰 0,충북 청주시 흥덕구 대농로 43 지웰시티몰 2층 208호,(지번) 복대동 3379,043-223-9988,
야구만들기,0.0,0건,리뷰 0,충북 충주시 칠금8길 5,(지번) 칠금동 790,043-856-7606,
편한몸만들,0.0,0건,리뷰 0,서울 강남구 선릉로76길 22 4층,(지번) 대치동 907-5,02-552-3353,
사랑,0.0,0건,리뷰 0,경북 포항시 남구 호미곶면 해맞이로208번길 14,(지번) 호미곶면 구만리 61-5,054-284-0912,
내집만들,0.0,0건,리뷰 0,경기 평택시 현덕면 황산1길 47,(지번) 현덕면 황산리 72-1,031-683-1847,
예쁜머리만,0.0,0건,리뷰 0,부산 동구 수정중로 28,(지번) 수정동 658-5,051-467-4542,
생얼만들,0.0,0건,리뷰 0,서울 성북구 돌곶이로22가길 30,(지번) 석관동 300-17,02-925-3300,
청양군마을만들기지원센터,0.0,0건,리뷰 0,충남 청양군 청양읍 칠갑산로 235,(지번) 청양읍 읍내리 202-15,041-943-9911,
새차만들기세차장,0.0,0건,리뷰 0,경기 수원시 권선구 탑동로 10,(지번) 탑동 844-3,031-295-2677,
반지만들기카페,0.0,0건,리뷰 0,경기 의정부시 태평로63번길 39 3층,(지번) 의정부동 173-14,연락처 없음,
예쁜손만,5.0,1건,리뷰 0,강원 원주시 장미공원길 27-5,(지번) 단계동 847,연락처 없음,
이쁜차만들기,0.0,0건,리뷰 0,경남 창원시 의창구 신사로 17,(지번) 신월동 55-11,070-7398-5575,
친구만들기 호,0.0,0건,리뷰 0,대전 중구 보문로 149,(지번) 대사동 87-3,042-253-4734,
새차만들기,0.0,0건,리뷰 0,부산 동래구 명장로 95-2,(지번) 명장동 147-73,연락처 없음,
만들기대장,5.0,2건,리뷰 0,전북 전주시 덕진구 구총목로 25,(지번) 인후동1가 888-8,연락처 없음,
보령시마을만들기 지원센터,0.0,0건,리뷰 0,충남 보령시 체육관길 14 1층,(지번) 죽정동 418-13,041-934-1996,
행복한체형만들,0.0,0건,리뷰 0,서울 관악구 남부순환로 1472,(지번) 미성동 1474-18,02-6404-7575,
피부미인만들,0.0,0건,리뷰 0,부산 금정구 중앙대로1945번길 2,(지번) 구서동 163-13,051-582-1599,
컷트만,0.0,0건,리뷰 0,울산 남구 돋질로171번길 38,(지번) 신정동 132-24,연락처 없음,
공주머리만,0.0,0건,리뷰 0,부산 해운대구 대천로 56,(지번) 좌동 1274,051-741-5280,
미인만들기화,0.0,0건,리뷰 0,전남 진도군 진도읍 남동1길 34,(지번) 진도읍 남동리 775-1,061-544-8288,
바른나무가구,0.0,0건,리뷰 0,대전 유성구 유성대로646번길 2,(지번) 구암동 626-1,042-825-7950,
주식회사 행복만들,0.0,0건,리뷰 0,경기 남양주시 두물로27번길 8,(지번) 별내동 952-2,031-574-1570,
추억만,0.0,0건,리뷰 0,광주 북구 대천로 161,(지번) 문흥동 963-7,062-264-2464,
새차만들기,0.0,0건,리뷰 0,부산 해운대구 해운대로383번길 30,(지번) 우동 1185-74,051-512-7760,
추억,0.0,0건,리뷰 0,부산 연제구 금련로 14,(지번) 연산동 1811-224,070-3591-7192,
미인만들,0.0,0건,리뷰 0,대전 서구 만년남로 9,(지번) 만년동 266,042-487-5956,
머리만,0.0,0건,리뷰 0,경기 이천시 부발읍 아미리 산 149-1,(지번) 만년동 266,연락처 없음,
머리만,0.0,0건,리뷰 0,부산 연제구 월드컵대로20번길 20,(지번) 연산6동 670-50,051-557-5797,
꽃만들기 ,5.0,3건,리뷰 0,경기 고양시 덕양구 호수로 136,(지번) 대장동 490-207,031-970-5770,http://makingflower.com/
,D 수학영재만들기학원 학원,0.0,0건,리뷰 0,(지번) 대장동 490-207,031-970-5770,
좋은pc만들기,4.2,5건,리뷰 0,경기 용인시 기흥구 언남로 5 스파팰리스리가단지 상가 지하 1층 101-1호,(지번) 언남동 503,연락처 없음,http://blog.naver.com/herjer78
행복만들기옷수,0.0,0건,리뷰 0,경기 시흥시 복지로43번길 20-1,(지번) 대야동 486-6,연락처 없음,
와인,0.0,0건,리뷰 0,서울 강서구 양천로 492,(지번) 등촌3동 78-7,02-3664-1931,
뽀얀피부만들,0.0,0건,리뷰 0,서울 중랑구 봉우재로5길 8,(지번) 면목동 182-100,02-493-5751,
좋은집만들기 본,5.0,82건,리뷰 0,경기 의정부시 동일로 486,(지번) 신곡동 351-3,02-493-5751,http://www.iinterior.net/
동안만들,0.0,0건,리뷰 0,울산 중구 함월5길 30,(지번) 성안동 855-14,052-248-3478,
우리집만들,0.0,0건,리뷰 0,경남 통영시 동문로 46-1,(지번) 정량동 1268-2,010-3594-9977,
금산군마을만들기지원센터 ,0.0,0건,리뷰 0,충남 금산군 금산읍 비단로 91 금산시네마 2층,(지번) 금산읍 하옥리 334-24,041-450-8990,https://blog.naver.com/gsmaeul
미인만들,0.0,0건,리뷰 0,충남 공주시 고마나루길 51-10,(지번) 웅진동 299-3,041-856-0033,
미인만,0.0,0건,리뷰 0,대전 서구 갈마로 233,(지번) 괴정동 93-51,042-524-2080,
예쁜여자멋진남자만들기 묵,0.0,0건,리뷰 0,경기 남양주시 화도읍 먹갓로28번길 29,(지번) 화도읍 묵현리 479-2,031-511-7081,
안경 만들기 석계역점,5.0,1건,리뷰 0,서울 노원구 화랑로 349,(지번) 월계동 26-13,02-948-2004,
당진시 마을만들기지원센터,0.0,0건,리뷰 0,충남 당진시 당진중앙2로 53-5,(지번) 읍내동 549-2,연락처 없음,
손톱만,0.0,0건,리뷰 0,경기 부천시 원종로119번길 87,(지번) 고강동 310-4,070-7591-2400,
미인만들기 속,0.0,0건,리뷰 0,서울 중랑구 용마산로115길 5,(지번) 망우동 466-43,연락처 없음,
여우만,0.0,0건,리뷰 0,강원 강릉시 곶감전길 9,(지번) 성남동 100-1,033-642-2741,
추억만들기 호,0.0,0건,리뷰 0,충남 천안시 서북구 봉정로 98,(지번) 성정동 199-9,010-3346-7693,
남자만들기 남,0.0,0건,리뷰 0,서울 강동구 성안로 53,(지번) 성내동 421-25,070-8840-9233,
"커텐만들기 커튼,",0.0,0건,리뷰 0,전남 순천시 해룡면 조례못등2길 6,(지번) 해룡면 상삼리 624-14,061-722-1719,
추억,5.0,1건,리뷰 1,tv소개,(지번) 해룡면 상삼리 624-14,061-722-1719,https://jawoldo.modoo.at/
김밥만들기 ,0.0,0건,리뷰 2,서울 중구 남대문로2가 40-1,(지번) 해룡면 상삼리 624-14,연락처 없음,
예쁜풍선만들기 평택점 이벤,3.0,1건,리뷰 0,경기 평택시 송탄로 170 롯대캐슬상가 103호,(지번) 서정동 1121,031-8029-3313,http://cafe.daum.net/yepung5
예쁜집만들,0.0,0건,리뷰 0,경기 수원시 영통구 태장로 81,(지번) 망포동 382-3,031-8029-3313,http://www.xn--ok0b30kwpe84hoshf5f.com/
추억만들,0.0,0건,리뷰 0,강원 홍천군 서면 한서로 2215,(지번) 서면 굴업리 240-5,연락처 없음,
머리만,5.0,1건,리뷰 0,경기 화성시 동탄숲속로 95-1,(지번) 능동 1116,031-8015-3469,
미인,1.0,1건,리뷰 2,경기 오산시 원동로 39,(지번) 원동 787-14,031-373-6977,
좋은머리만,0.0,0건,리뷰 0,충북 청주시 서원구 수곡로68번길 8-3,(지번) 수곡동 859,043-200-0000,
새차만들기,0.0,0건,리뷰 0,부산 해운대구 해운대로 759,(지번) 중동 287-1,051-747-9566,
인연만들,0.0,0건,리뷰 0,충북 음성군 음성읍 시장로 84,(지번) 음성읍 읍내리 326-10,043-872-9333,
테디베어만들기 ,0.0,0건,리뷰 1,전북 군산시 나운안길 27,(지번) 나운동 101-12,063-468-6809,
이불커텐행복만들,0.0,0건,리뷰 0,경기 시흥시 정왕천로389번길 7,(지번) 정왕동 1555-1,031-434-5989,
미인만,0.0,0건,리뷰 0,전북 군산시 황룡로 57 맨투맨빌딩,(지번) 미룡동 59-64,063-471-2623,
예쁜풍선만들기 이벤,4.0,1건,리뷰 0,경기 용인시 처인구 동부로24번길 6-18,(지번) 마평동 601-26,010-8930-8984,
인천광역시 마을공동체 만들,0.0,0건,리뷰 0,인천 미추홀구 석정로 229 제물포스마트타운 12층,(지번) 도화동 1000,032-777-8200,http://www.incheonmaeul.org/
새차만들기,0.0,0건,리뷰 0,부산 동래구 안남로 45,(지번) 낙민동 91-15,연락처 없음,
새차만들기,0.0,0건,리뷰 0,부산 사상구 사상로 438,(지번) 모라동 716-2,연락처 없음,
인문학뇌만들기 문화공간 ,0.0,0건,리뷰 1,전북 정읍시 산외면 종운로 260,(지번) 산외면 정량리 85-1,063-537-5777,
미인만들,0.0,0건,리뷰 0,경기 수원시 장안구 만석로210번길 27,(지번) 송죽동 450-24,010-8990-3789,
안경만들기 불로점,0.0,4건,리뷰 0,인천 서구 검단로 842,(지번) 불로동 308,032-566-5400,http://blog.naver.com/doghhamy
여우머리만,0.0,0건,리뷰 0,부산 동구 수정공원로 164,(지번) 수정동 420-1,051-243-3864,
미인만,0.0,0건,리뷰 0,광주 광산구 우산로 47,(지번) 우산동 1602-2,062-942-6269,
추억만들기,0.0,0건,리뷰 0,서울 강동구 양재대로 1355,(지번) 성내동 428-5,02-487-1139,
미인만들기헤,0.0,0건,리뷰 0,충북 제천시 장락로 167,(지번) 장락동 530-5,043-646-5478,
미인만들,0.0,0건,리뷰 0,충북 음성군 대소면 오태로 101,(지번) 대소면 오산리 126-14,043-878-3353,
미인만들,0.0,0건,리뷰 0,경기 안양시 동안구 관평로336번길 69,(지번) 관양동 1406-2,010-6324-2098,
안산시좋은마을만들기 지원센터,0.0,0건,리뷰 0,경기 안산시 단원구 광덕서로 62,(지번) 고잔동 710-3,031-409-7960,http://www.happyansan.or.kr/
사랑,5.0,1건,리뷰 2,강원 고성군 토성면 교암길 80,(지번) 토성면 교암리 3-4,033-638-1536,
머리만들기미,0.0,0건,리뷰 0,서울 중랑구 면목로38나길 25,(지번) 면목동 619-31,02-494-5630,
바른체형만들,5.0,2건,리뷰 0,전남 순천시 조례못등길 50,(지번) 조례동 1633-1,061-723-9740,
신데렐라만들기 평내,5.0,2건,리뷰 27,경기 남양주시 평내로29번길 49 엠투프라자 405호,(지번) 평내동 579-3,031-559-1720,http://blog.naver.com/sooon0417
추억,0.0,0건,리뷰 0,부산 부산진구 양지로14번길 10,(지번) 양정동 364-19,051-866-9357,
옷만들기공방 프란,0.0,0건,리뷰 0,경기 부천시 지봉로127번길 36,(지번) 역곡동 203-7,070-8234-1184,http://blog.naver.com/sewing1184
가구,0.0,0건,리뷰 0,경기 부천시 경인로 375,(지번) 소사본동 52-7,032-665-9144,
얀 반지만들기 로데오거리점 ,5.0,2건,리뷰 0,서울 강남구 선릉로161길 19 5층,(지번) 신사동 662-9,032-665-9144,http://blog.naver.com/yan_jewelry
좋은차만들기,0.0,0건,리뷰 0,경남 창녕군 대지면 우포2로 1155,(지번) 대지면 효정리 26-1,055-533-4047,
일산천연화장품만,0.0,0건,리뷰 7,경기 고양시 일산서구 중앙로 1470 동부썬플라자 B동 203호,(지번) 주엽동 17,031-925-1432,http://blog.naver.com/ysjeonc1
소리 만들기,0.0,0건,리뷰 0,대전 중구 충무로 107,(지번) 대사동 70-8,042-223-7872,
나무로뚝딱뚝딱 소품만,0.0,0건,리뷰 0,광주 광산구 월곡로 38-6,(지번) 월곡동 599-2,연락처 없음,
새옷만들,0.0,0건,리뷰 0,경남 김해시 구지로 141-4,(지번) 대성동 170,연락처 없음,
가구만들,0.0,0건,리뷰 0,대전 유성구 한밭대로 502,(지번) 봉명동 669,연락처 없음,
만들기세상편,0.0,0건,리뷰 0,경북 안동시 경동로 849,(지번) 용상동 1253-28,054-822-8303,
미인만,0.0,0건,리뷰 0,충북 단양군 단양읍 상진2로 17,(지번) 단양읍 상진리 50,043-422-2378,
머리만,0.0,0건,리뷰 0,충남 홍성군 홍성읍 문화로 148,(지번) 홍성읍 오관리 217-1,041-635-9199,
좋은빵만들기 제,0.0,0건,리뷰 0,경기 부천시 부일로571번길 20,(지번) 소사동 18-37,연락처 없음,
좋은빵만들기 제,0.0,0건,리뷰 0,전북 전주시 덕진구 쪽구름로 124,(지번) 반월동 422-7,063-211-0938,
머리만,4.5,2건,리뷰 0,강원 춘천시 춘주로 89,(지번) 온의동 515-3,연락처 없음,
추억만들기모텔,0.0,0건,리뷰 0,경기 평택시 신장로82번길 76,(지번) 신장동 324-95,연락처 없음,
미인만들,0.0,0건,리뷰 0,광주 광산구 월곡반월로 56,(지번) 월곡동 573-8,062-951-3832,
우리집소파만들,0.0,0건,리뷰 22,"경기 포천시 소흘읍 호국로 290 1동 1, 2층",(지번) 소흘읍 이동교리 368-1,031-541-0105(팩스),https://www.woorizip119.com/
추억만들기2020 서면부전점 호,0.0,0건,리뷰 0,부산 부산진구 새싹로8번길 19,(지번) 부전동 262-1,031-541-0105(팩스),http://xn--2i0bv6p73av17a9ncfuft9t.com/default/brand/02.php
손으로 수공예만들기공방,5.0,1건,리뷰 0,경남 창원시 의창구 사림로99번길 10-16,(지번) 사림동 145-5,055-261-1539,
한영심머리만,0.0,0건,리뷰 0,제주특별자치도 제주시 진군1길 4,(지번) 노형동 741-3,064-742-1451,
반지만들기 안,0.0,0건,리뷰 14,경기 안산시 단원구 고잔로 102,(지번) 고잔동 539-1,031-405-0094,
안경만들기 용인처인구청점,0.0,0건,리뷰 0,경기 용인시 처인구 금령로 36,(지번) 김량장동 334-2,연락처 없음,
새차만들기,0.0,0건,리뷰 0,경기 용인시 기흥구 중부대로 659,(지번) 상하동 359-1,031-281-9262,
남자만,0.0,0건,리뷰 0,강원 화천군 화천읍 상승로 55,(지번) 화천읍 하리 99-35,033-442-2770,
도전쌩얼만들,5.0,5건,리뷰 0,서울 노원구 노해로 452 노블리안골드,(지번) 상계동 734-3,033-442-2770,http://cafe.daum.net/eyemake
머리모양만,0.0,0건,리뷰 0,서울 서대문구 명지대3길 32,(지번) 남가좌동 5-107,02-375-4990,
안경만들기 인계점,0.0,0건,리뷰 8,경기 수원시 팔달구 권광로 278 1층,(지번) 인계동 368-1,031-213-0804,
머리만,0.0,0건,리뷰 0,제주특별자치도 서귀포시 대정읍 상모로 319,(지번) 대정읍 하모리 816-1,064-794-1838,
김세현예쁜손만,0.0,0건,리뷰 0,경남 양산시 동면 금오2길 77,(지번) 동면 석산리 1458-33,연락처 없음,
미인만,0.0,0건,리뷰 0,경북 포항시 남구 상공로 223,(지번) 해도동 493-44,054-615-1007,
미인만,0.0,0건,리뷰 0,충북 제천시 칠성로 114-1,(지번) 교동 91-9,043-651-2378,
더펀즈만들기&슬라임 오산,0.0,0건,리뷰 1,경기 오산시 오산대역로 214,(지번) 수청동 617-7,031-375-9612,
반지만들기카페 강남점 ,0.0,0건,리뷰 4,서울 강남구 강남대로106길 14 오성빌딩 3층,(지번) 역삼동 813-2,031-375-9612,http://blog.naver.com/banjimaking8
역사만,0.0,0건,리뷰 0,서울 중구 필동로 35-16 301호,(지번) 필동3가 55-1,02-776-6832,http://www.localkorea.org/
부부바른체형만들,0.0,0건,리뷰 0,광주 북구 서하로 92 3층,(지번) 매곡동 373-13,연락처 없음,http://blog.naver.com/ynu4467
조쌤의옷만들,0.0,0건,리뷰 0,경기 성남시 분당구 야탑로 95,(지번) 야탑동 367-4,031-781-7566,
김세현예쁜손만들기 석,0.0,0건,리뷰 0,경남 양산시 동면 금오2길 77,(지번) 동면 석산리 1458-33,055-382-1812,
추억만들,0.0,0건,리뷰 0,전북 군산시 옥도면 장자도2길 22,(지번) 옥도면 장자도리 27-1,연락처 없음,
반지만들기 부천,0.0,0건,리뷰 0,경기 부천시 부일로 448 프리존 빌딩 304호,(지번) 심곡동 383-7,연락처 없음,http://blog.naver.com/dhey93
행복만들기,0.0,0건,리뷰 0,부산 수영구 황령대로489번길 7,(지번) 남천동 295-4,051-628-6889,
새차만들기,0.0,0건,리뷰 0,경남 김해시 진영읍 진영산복로 88-8,(지번) 진영읍 진영리 163,연락처 없음,
안경만들기 영광점,0.0,0건,리뷰 0,전남 영광군 영광읍 신남로 215-1,(지번) 영광읍 남천리 348-9,061-353-4131,
허벌라이프여신만들기 다,0.0,0건,리뷰 0,경남 통영시 미수해안로 167 종우라이프 102동 1102호,(지번) 봉평동 156,055-644-2890,http://www.yeosinmaking.com/
아름다운부산만들기 ,0.0,0건,리뷰 0,부산 연제구 거제천로 65-1 2층,(지번) 거제동 488-14,055-644-2890,http://www.dkfmaqntks.com/
머리만,0.0,0건,리뷰 0,대전 대덕구 동춘당로44번길 25,(지번) 송촌동 499-6,042-627-8007,
연예인만들,0.0,0건,리뷰 0,경기 수원시 영통구 영통로154번길 60 3층 302-2호,(지번) 망포동 417-2,031-203-3309,
미인만,0.0,0건,리뷰 0,경기 고양시 덕양구 행당로11번길 25-18,(지번) 토당동 872-7,070-8959-6959,
추억만들기,0.0,0건,리뷰 0,서울 중랑구 상봉로25가길 25,(지번) 상봉2동 88-1,02-491-0070,
동안,0.0,0건,리뷰 0,대전 대덕구 석봉로37번길 50,(지번) 석봉동 417-17,02-491-0070,http://instagram.com/babyface_salon
활기찬지역만들기협동조,0.0,0건,리뷰 0,경북 의성군 단촌면 고운사길 203-35,(지번) 단촌면 구계리 591,054-833-2446,
동근숙머리만,0.0,0건,리뷰 0,울산 울주군 청량읍 덕정1길 7,(지번) 청량읍 덕하리 406-6,연락처 없음,
삼원색새차만들기 모라점,0.0,0건,리뷰 0,부산 사상구 백양대로 982,(지번) 모라동 1328-20,051-325-1776,
행복만들기 조립,5.0,2건,리뷰 5,울산 중구 동천4길 15 한라하얏트상가 1층 109호,(지번) 서동 42-4,연락처 없음,http://cafe.naver.com/loghart
미인만들,0.0,0건,리뷰 0,경기 성남시 중원구 제일로35번길 8,(지번) 성남동 3782,031-755-2671,
아름다운세상만들,0.0,0건,리뷰 0,충남 천안시 동남구 청당산업길 83 2층,(지번) 구룡동 122-3,041-582-1234,
좋은차만들기카센터,0.0,0건,리뷰 0,전남 나주시 남부원길 7-10,(지번) 삼영동 40-1,061-334-4861,
미녀만,0.0,0건,리뷰 0,경기 김포시 북변1로16번길 25,(지번) 북변동 747,031-996-3599,
행복한가정만들기운동본부 상담실 ,0.0,0건,리뷰 0,충남 당진시 역천로 608,(지번) 용연동 878,041-357-4343,
세차만,0.0,0건,리뷰 0,충남 천안시 서북구 업성동 173-2,(지번) 용연동 878,연락처 없음,
다함께하는세상만들기,0.0,0건,리뷰 0,충남 금산군 추부면 마전로 59,(지번) 추부면 마전리 567-5,연락처 없음,
안경만들기 탑동초교점,0.0,0건,리뷰 0,경기 수원시 권선구 탑동로 64-1,(지번) 탑동 757-3,연락처 없음,
머리만들기,0.0,0건,리뷰 0,부산 중구 영주로 49,(지번) 영주동 161,연락처 없음,
예쁜머리만,0.0,0건,리뷰 0,서울 은평구 증산로21길 7,(지번) 신사동 34-2,02-384-8266,
테디만들기 ,0.0,0건,리뷰 0,인천 남동구 청능대로 596 대우푸르지오시티 오피스텔 2402호,(지번) 논현동 650-1,02-384-8266,http://www.teddybearmake.com/
여행만,0.0,0건,리뷰 0,경북 경주시 중앙로47번길 4,(지번) 동부동 133-3,054-777-6446,
찾아가는케익만들기 제,0.0,0건,리뷰 0,경기 수원시 팔달구 덕영대로697번길 47 화서주공 3 단지상가 지하 101호,(지번) 화서동 646,연락처 없음,
추억 만,0.0,0건,리뷰 0,부산 사상구 새벽로167번길 16,(지번) 감전동 122-85,연락처 없음,
머리만,0.0,0건,리뷰 0,강원 고성군 간성읍 신안리 246-12,(지번) 감전동 122-85,연락처 없음,
미인만들,0.0,0건,리뷰 0,부산 동래구 금강공원로 30,(지번) 온천동 210-32,연락처 없음,
