공방이름,평균별점,별점건수,리뷰건수,주소,지번주소,연락처,홈페이지
조,2.2,5건,리뷰 1,부산 해운대구 달맞이길65번길 171,(지번) 중동 1501-15,,http://www.johyungallery.com/
서,5.0,1건,리뷰 0,부산 부산진구 중앙대로 887,(지번) 양정동 402-19,051-851-2503,
퍼퓸72,4.0,1건,리뷰 8,부산 부산진구 전포대로224번길 23,(지번) 전포동 305-21,051-851-2503,
홍,5.0,4건,리뷰 2,부산 서구 보수대로 243,(지번) 동대신동3가 156-8,051-851-2503,http://www.e-hongik.com/
위아트 ,0.0,0건,리뷰 20,부산 수영구 수영로 566,(지번) 광안동 507-8,051-851-2503,http://www.wart.or.kr/
워킹하우,0.0,0건,리뷰 6,부산 수영구 좌수영로125번길 14-3,(지번) 망미동 207-22,051-759-8186,http://walkinghousenewyork.com/
,1.0,1건,리뷰 0,부산 동래구 충렬대로 249-1,(지번) 수안동 275-8,051-555-7707,http://www.sambodang.co.kr/
갤러,5.0,1건,리뷰 3,부산 해운대구 달맞이길65번길 56 CK빌딩 1층,(지번) 중동 1510-1,051-555-7707,http://www.galleryjoy.com/
나무작,0.0,0건,리뷰 0,부산 연제구 거제대로 94 대진빌딩,(지번) 거제동 721-3,051-867-1307,http://cafe.naver.com/nazak
영신화,1.0,1건,리뷰 0,부산 부산진구 중앙대로 916-1,(지번) 양정동 352-8,051-852-5008,
홍티예술촌,4.5,2건,리뷰 35,부산 사하구 홍티로 76,(지번) 다대동 1622,연락처 없음,
대림기공,0.0,0건,리뷰 0,부산 강서구 화전산단6로90번길 19,(지번) 화전동 586-8,051-971-2144,
소품공장 부산서면점,0.0,0건,리뷰 2,부산 부산진구 신천대로50번길 65 4층,(지번) 부전동 196-2,연락처 없음,https://twitter.com/SP_factory
김민정,2.5,2건,리뷰 2,부산 금정구 오륜대로 243,(지번) 오륜동 583-12,051-514-6007,
갤러,4.0,2건,리뷰 33,부산 기장군 철마면 미동길 7-20,(지번) 철마면 웅천리 36-3,051-781-5337,http://www.facebook.com/galleryyedong
도자기공방 모색,0.0,0건,리뷰 7,부산 금정구 중앙대로1660번길 6,(지번) 부곡동 255-2,051-781-5337,https://www.instagram.com/ms_ceramics/
이젤,5.0,1건,리뷰 3,부산 수영구 연수로335번길 22,(지번) 망미동 426-3,051-753-4808,
반지이야기,0.0,0건,리뷰 1,부산 부산진구 서면로68번길 46 4층,(지번) 부전동 242-5,051-807-6490,http://cafe.naver.com/ringforu
도예수공원학원 북구점,0.0,0건,리뷰 0,부산 북구 의성로 111 2층,(지번) 덕천동 412-1,010-9283-3440,https://cafe.naver.com/suwanpot
보석십자수수재샵 동래점,0.0,0건,리뷰 0,부산 동래구 시실로 213 1층,(지번) 명장동 22-4,010-8809-2717,
오캄세라믹,0.0,0건,리뷰 1,부산 서구 흑교로109번길 12,(지번) 부용동1가 17-3,010-8809-2717,http://blog.naver.com/nhh0468
우드끌로,0.0,0건,리뷰 5,부산 부산진구 전포대로223번길 20,(지번) 전포동 671-1,010-8396-1828,
소메드가죽공방,0.0,0건,리뷰 1,부산 부산진구 전포대로255번길 41 전포상가 라동 111호,(지번) 전포동 654-1,010-8250-8817,http://blog.naver.com/somadleather
동인화방,0.0,0건,리뷰 0,부산 해운대구 해운대로 543,(지번) 우동 829-9,051-743-1175,
비즈월드,0.0,0건,리뷰 5,부산 동구 진시장로 24 부산진시장 3층 316호,(지번) 범일동 635-1,051-637-3354,http://blog.naver.com/bizworldblog
클래씨,0.0,0건,리뷰 1,부산 수영구 무학로49번길 78 1층,(지번) 광안동 93-29,연락처 없음,https://blog.naver.com/classyclocca
황실유럽십자수,2.0,1건,리뷰 0,부산 부산진구 서전로 15,(지번) 부전동 142-5,051-924-0078,
,3.0,2건,리뷰 4,부산 해운대구 달맞이길117번나길 162 힐탑프라자 2층,(지번) 중동 1533-3,051-722-2201,http://www.gallerymac.kr/
오브,0.0,0건,리뷰 3,부산 수영구 좌수영로 135 PDM파트너스 1층,(지번) 망미동 206-5,051-722-2201,https://www.instagram.com/object_hood/
캔들피자,5.0,1건,리뷰 8,부산 연제구 과정로278번길 45,(지번) 연산동 346-49,연락처 없음,https://www.instagram.com/cho_pizza
케이엠엘리보석십자수,0.0,0건,리뷰 0,부산 사하구 낙동대로 366 1층,(지번) 당리동 341-44,051-202-1213,http://www.kmellie.com/
갤러,0.0,0건,리뷰 1,부산 해운대구 해운대해변로 305 6층,(지번) 중동 1394-335,051-995-2020,http://www.galleryrae.com/
갤러리네,0.0,0건,리뷰 4,부산 중구 대청로90번길 3-1,(지번) 대청동2가 22-14,051-995-2020,
,0.0,0건,리뷰 3,부산 해운대구 달맞이길65번길 154 지하 2층,(지번) 중동 1502-12,051-995-2020,
미,0.0,0건,리뷰 1,부산 수영구 광남로172번길 2,(지번) 민락동 701-3,051-758-2247,http://www.mkart.net/
그린액자,5.0,2건,리뷰 0,부산 연제구 연수로 234,(지번) 연산3동 1805-13,051-865-8712,http://www.glimtl.com/
파,0.0,0건,리뷰 2,부산 부산진구 전포대로 226-8 지하,(지번) 전포동 207-28,010-9871-1715,https://www.instagram.com/atelier_pies/
소잉팩토리 부산서면점,0.0,0건,리뷰 0,부산 부산진구 중앙대로 799-1 부라더빌딩 2층,(지번) 부전동 20-3,010-9871-1715,http://www.brothersf.co.kr/
사우공방,0.0,0건,리뷰 4,부산 중구 광복로39번길 34 2층,(지번) 신창동2가 2-12,010-9871-1715,https://sawoogongbang.modoo.at/
부산옥션골동품경,5.0,1건,리뷰 0,부산 남구 전포대로67번길 18,(지번) 문현동 769-14,연락처 없음,
반지마을 광안리점,0.0,0건,리뷰 3,부산 수영구 광남로 185-1 3층,(지번) 광안동 157-7,051-752-6708,http://xn--3e0b97uzwb5wtl1ag0f.com/
,0.0,0건,리뷰 0,부산 중구 중구로 28,(지번) 신창동4가 65-3,051-246-0808,
갤러,4.0,1건,리뷰 0,부산 금정구 범어사로 311,(지번) 청룡동 435-2,070-8782-4993,
예,0.0,0건,리뷰 0,부산 동래구 명륜로103번길 4,(지번) 명륜동 449-3,연락처 없음,
진선미 모사,0.0,0건,리뷰 2,부산 중구 대청로 78,(지번) 대청동3가 23-5,연락처 없음,
힐세라믹,0.0,0건,리뷰 12,부산 서구 꽃마을로163번길 34 예림빌라,(지번) 서대신동3가 7-57,051-244-3870,http://blog.naver.com/cksal321
오월공방,0.0,0건,리뷰 3,부산 부산진구 전포대로209번길 18-1,(지번) 전포동 677-10,연락처 없음,
동서화방,0.0,0건,리뷰 0,부산 동래구 충렬대로237번길 144,(지번) 명륜동 612-1,051-552-6073,
,"D 목미액자그림 액자,표구",0.0,0건,리뷰 0,(지번) 명륜동 612-1,051-552-6073,
이목,0.0,0건,리뷰 0,부산 동래구 충렬대로108번길 57,(지번) 온천동 1452-37,051-507-7073,
경남자수명찰,0.0,0건,리뷰 0,부산 수영구 수영성로 16,(지번) 수영동 131,051-752-5584,
김해국제공항 국내선공항,0.0,0건,리뷰 1,부산 강서구 대저2동 2798-1 국내선3층,(지번) 수영동 131,051-752-5584,
세이렌,5.0,1건,리뷰 1,부산 부산진구 서전로46번길 32 1층,(지번) 전포동 681-3,051-752-5584,https://www.instagram.com/j.seiren/
라비앙수,1.0,1건,리뷰 18,부산 수영구 수영로594번길 63 1층,(지번) 광안동 135-30,연락처 없음,
다채움문화공간,5.0,1건,리뷰 1,부산 금정구 금샘로 540,(지번) 남산동 972-1,010-9663-3113,
하이리 부산도자기공방,5.0,1건,리뷰 0,부산 동래구 온천천로471번가길 51-8 2층,(지번) 안락동 631-39,연락처 없음,
최민식,3.0,1건,리뷰 9,tv소개,(지번) 안락동 631-39,연락처 없음,
아띠세라,4.5,2건,리뷰 10,부산 남구 유엔평화로 110-10 지하1층,(지번) 대연동 760-1,051-465-0001,
수,0.0,0건,리뷰 0,부산 수영구 수영로510번길 10,(지번) 광안동 187-3,연락처 없음,
아트케이(ART,5.0,1건,리뷰 0,부산 동래구 차밭골로50번길 22,(지번) 온천동 204-22,051-715-0337,
동일화,0.0,0건,리뷰 0,부산 동래구 명륜로 155,(지번) 명륜동 633-3,연락처 없음,
스튜디오이즈,5.0,1건,리뷰 2,부산 해운대구 달맞이길65번길 33 해운대 달맞이 유림 노르웨이숲 상가 3층,(지번) 중동 1821,연락처 없음,http://ggurubee.com/
사진과액자,0.0,0건,리뷰 0,부산 부산진구 서전로57번길 8 서전빌라 1층,(지번) 전포동 202-3,051-817-3640,http://photonframe.com/
아르깡시엘,1.0,1건,리뷰 4,부산 부산진구 서전로37번길 28-7,(지번) 전포동 653-9,연락처 없음,
여락목,0.0,0건,리뷰 1,부산 북구 만덕3로16번길 54,(지번) 덕천동 404-7,010-9666-4623,http://ollto.com/
마이레더가죽공방,3.0,2건,리뷰 0,부산 동구 수정동로13번길 2,(지번) 수정동 802-16,010-9666-4623,http://www.myleather.co.kr/
맘씨비누,5.0,1건,리뷰 2,부산 북구 만덕3로33번길 8,(지번) 만덕동 231,051-923-0011,http://blog.naver.com/momsee79
그린핀아,0.0,0건,리뷰 16,부산 부산진구 동천로132번길 30 2층,(지번) 전포동 657-12,051-923-0011,http://instagram.com/greenpina_studio
유나십자수,0.0,0건,리뷰 2,부산 동구 범일로 61,(지번) 범일동 326-5,051-636-3018,
어바,0.0,0건,리뷰 0,부산 금정구 중앙대로1766번길 15,(지번) 부곡동 22-7,051-636-3018,http://www.aboutwood.co.kr/
대,0.0,0건,리뷰 0,부산 서구 구덕로 329,(지번) 서대신동3가 387-3,051-244-3625,
갤러,0.0,0건,리뷰 2,부산 해운대구 달맞이길117번길 53,(지번) 중동 1511-12,051-743-0059,http://www.galleryidm.co.kr/
파베프로젝트,0.0,0건,리뷰 10,부산 동래구 중앙대로1333번길 42-4 1층,(지번) 온천동 1433-38,연락처 없음,
서랑도예,5.0,1건,리뷰 2,부산 기장군 기장읍 소정길 11,(지번) 기장읍 내리 204-1,051-722-8870,http://srang.co.kr/
예쁘다공방,0.0,0건,리뷰 234,"부산 남구 용소로 40 1,2층",(지번) 대연동 496-1,051-722-8870,https://blog.naver.com/lovely_craft16
광안공예연구소,5.0,1건,리뷰 0,부산 남구 유엔평화로126번길 39,(지번) 용당동 592-8,051-621-4130,http://www.ariko.co.kr/
화,0.0,0건,리뷰 0,부산 기장군 정관읍 정관로 811,(지번) 정관읍 예림리 836-9,연락처 없음,https://blog.naver.com/hwagamok/
미소의공예방,0.0,0건,리뷰 3,부산 연제구 중앙천로2번길 11 2층,(지번) 연산동 788-13,연락처 없음,https://blog.naver.com/kkm864/
,"D 모퉁이 미술,공예",5.0,1건,리뷰 2,(지번) 연산동 788-13,연락처 없음,http://www.instagram.com/a.corner27/
개금뜨개방,0.0,0건,리뷰 0,부산 부산진구 가야대로482번길 29-3,(지번) 개금동 174-4,051-894-7811,
모니뜨,0.0,0건,리뷰 0,부산 수영구 연수로324번길 5,(지번) 망미동 792-43,연락처 없음,http://www.instagram.com/monitt_1018
백양화,0.0,0건,리뷰 0,부산 북구 시랑로132번길 73,(지번) 구포동 1264-1,051-337-3354,
레더애 글로리아아틀리에,0.0,0건,리뷰 0,부산 금정구 옥봉로3번길 1,(지번) 서동 236-7,051-337-3354,https://m.blog.naver.com/clickmihee
레아DIY목,5.0,3건,리뷰 0,부산 부산진구 전포대로210번길 38,(지번) 전포동 334-40,010-5556-8871,http://blog.naver.com/lea-diy
벨로캔들,0.0,0건,리뷰 2,부산 수영구 망미번영로38번길 20,(지번) 광안동 1036-9,010-5556-8871,http://www.instagram.com/bello_candle_
길화,0.0,0건,리뷰 0,부산 남구 수영로 332,(지번) 대연동 54-12,051-624-9811,
부산은행 BNK,0.0,0건,리뷰 0,부산 중구 광복중앙로 13,(지번) 신창동1가 8-2,051-246-8975,
리빈,0.0,0건,리뷰 0,부산 해운대구 좌동로63번길 23,(지번) 중동 219-1,051-746-9334,http://blog.naver.com/livein_gallery
미뉴,0.0,0건,리뷰 25,부산 부산진구 전포대로255번길 43-8 4층,(지번) 전포동 660-2,연락처 없음,https://www.instagram.com/hmmenew/
혜랑스튜디오,0.0,0건,리뷰 8,부산 부산진구 전포대로255번길 29 전포상가 A동 107호,(지번) 전포동 654-4,010-4351-1985,https://blog.naver.com/ssarang_s2/
오월공방 롯데백화점 부산,0.0,0건,리뷰 7,부산 부산진구 가야대로 772 7층,(지번) 부전동 503-15,051-810-3778,https://www.owolgongbang.co.kr/
수재샵&보석십자수 ,0.0,0건,리뷰 0,부산 기장군 정관읍 방곡5로 2-1 매향하우스 1층 101호,(지번) 정관읍 방곡리 429-6,051-810-3778,https://blog.naver.com/sujaeshop
갤러리아,5.0,1건,리뷰 0,부산 남구 용소로28번길 26,(지번) 대연동 393-6,070-8801-8150,https://instagram.com/gallery_artitude
마타타,0.0,0건,리뷰 0,부산 기장군 정관읍 달산4길 15 1층,(지번) 정관읍 달산리 994-5,051-624-0705,http://storefarm.naver.com/matata2120/
뜨개이야기,0.0,0건,리뷰 0,부산 동래구 중앙대로1381번길 81-4,(지번) 온천동 781,051-553-6484,
지클레어가죽공방,0.0,0건,리뷰 1,부산 수영구 남천동로24번길 19 2층,(지번) 남천동 170-1,연락처 없음,http://www.gclare.com/
코코로파티,0.0,0건,리뷰 8,부산 동래구 중앙대로1381번길 81-4,(지번) 온천동 781,연락처 없음,http://www.instagram.com/cocoroparty
전리단,0.0,0건,리뷰 0,부산 부산진구 서전로37번길 20 2층,(지번) 전포동 664-8,070-8832-4578,http://www.bsjincf.or.kr/
도자공방가원,5.0,1건,리뷰 1,부산 해운대구 달맞이길117번가길 30,(지번) 중동 1507-5,0505-1375-5015,https://blog.naver.com/gawoncera
동남액자,5.0,3건,리뷰 0,부산 수영구 수영로 390 지하,(지번) 남천동 24-22,0505-1375-5015,
아로마더민 바이결,0.0,0건,리뷰 10,부산 연제구 과정로322번길 24 1층,(지번) 연산동 308-15,010-2829-5168,https://www.instagram.com/by_gyeolmin/
강서민속가구골,5.0,1건,리뷰 0,부산 강서구 가락대로 1275,(지번) 봉림동 73-26,051-973-7282,
옹이토이와 반지놀이터,0.0,4건,리뷰 30,부산 중구 광복로35번길 7 3층,(지번) 창선동2가 19-1,070-8934-4943,https://www.facebook.com/ringnoriter
오브로제,0.0,0건,리뷰 2,부산 해운대구 해운대로61번길 83,(지번) 반여동 1291-1453,070-4045-8724,https://blog.naver.com/llkomtingll
레더모어스튜디오,0.0,0건,리뷰 10,부산 남구 문현금융로 5-1 2층,(지번) 문현동 761-23,연락처 없음,http://www.lethemore.com/
알유데어,5.0,1건,리뷰 4,부산 부산진구 서전로38번길 62 3층,(지번) 전포동 685-1,연락처 없음,https://blog.naver.com/ryuuttum
블랑미뇽,0.0,0건,리뷰 2,부산 금정구 금강로335번길 118 1층,(지번) 장전동 74-60,연락처 없음,https://www.instagram.com/blanc.mignon/
나나이로상점,0.0,0건,리뷰 3,부산 부산진구 가야대로 560-1 1층,(지번) 가야동 230-6,연락처 없음,https://nanairoshop.modoo.at/
바이두룸가죽공예학원,0.0,0건,리뷰 0,부산 수영구 광일로 49 비치그린아파트 109동 상가 210호,(지번) 광안동 503-1,010-5457-8396,https://blog.naver.com/yasii79/
솜씨뜨게방,0.0,0건,리뷰 0,부산 수영구 수영로606번길 65,(지번) 광안동 122-4,051-755-5996,
마조레,0.0,0건,리뷰 6,부산 남구 수영로 283 벽산솔렌스힐 103동 1층 105호,(지번) 대연동 384-26,010-6612-1496,https://blog.naver.com/bgjy79
몽헤브크래프트,0.0,0건,리뷰 1,부산 동래구 안연로 56-1 2층,(지번) 안락동 633-50,010-8673-3836,https://blog.naver.com/hj__0721
장아트,0.0,0건,리뷰 0,부산 수영구 감포로 13,(지번) 광안동 131-11,051-752-4153,
유리정원,5.0,1건,리뷰 2,부산 부산진구 전포대로255번길 29 전포상가 A동 2층 201호,(지번) 전포동 654-4,010-2942-0407,https://blog.naver.com/banana1404
이유정 포슬린아카데미,0.0,0건,리뷰 2,부산 부산진구 전포대로255번길 22,(지번) 전포동 649-2,051-363-5111,
액자와 그림이있는마을 장전동점,0.0,0건,리뷰 0,부산 금정구 금강로 328-2,(지번) 장전동 222-79,051-583-9868,
동래표구재료사,0.0,0건,리뷰 0,부산 동래구 명륜로45번길 3,(지번) 수안동 11-6,051-556-7888,
신화목공예로,0.0,0건,리뷰 0,부산 사상구 사상로 500,(지번) 모라동 986-7,051-301-7734,
정선화랑표구사,0.0,0건,리뷰 0,부산 부산진구 부전로 117 서면시장2층,(지번) 부전동 408-31,051-803-1669,
앙쥬베르,5.0,1건,리뷰 0,부산 중구 광복로39번길 26 2층,(지번) 신창동2가 13,070-4671-1160,https://cafe.naver.com/angever
천마도예의숲,0.0,0건,리뷰 0,부산 서구 천해로7번길 55-10,(지번) 암남동 81-90,연락처 없음,
베르데가죽공방,0.0,0건,리뷰 14,부산 동래구 아시아드대로181번길 32 1층,(지번) 사직동 22-42,연락처 없음,https://blog.naver.com/kbobee
서라벌표구사,0.0,0건,리뷰 0,부산 사하구 낙동대로 331-1,(지번) 괴정동 1132-2,051-292-6444,
,"D 소담재 미술,공예",0.0,1건,리뷰 0,(지번) 괴정동 1132-2,051-292-6444,
옛날이야기골,0.0,0건,리뷰 0,부산 부산진구 중앙대로 548-3,(지번) 범천동 62-706,연락처 없음,
공방오월,0.0,0건,리뷰 9,부산 연제구 거제천로 107 1층,(지번) 거제동 41-12,연락처 없음,https://blog.naver.com/sy050510
베어도자기,0.0,0건,리뷰 4,부산 부산진구 양연로6번길 23 1층,(지번) 양정동 91-20,연락처 없음,https://bearceramic0428.modoo.at/
포텍,0.0,0건,리뷰 0,부산 남구 양지골로 33,(지번) 감만동 238-1,연락처 없음,http://potec.cafe24.com/
은모루,0.0,0건,리뷰 0,부산 부산진구 연지로13번길 4,(지번) 연지동 190-57,010-6848-0328,https://blog.naver.com/silveranvil
에,0.0,0건,리뷰 0,부산 기장군 일광면 당곡길 14-1,(지번) 일광면 화전리 492,051-909-3356,http://blog.naver.com/kki___design
모모뜨개방,0.0,0건,리뷰 0,부산 중구 중구로30번길 8-1,(지번) 신창동3가 24-4,051-243-2131,
벽촌아트,0.0,0건,리뷰 0,부산 금정구 장전로 45,(지번) 장전동 360-11,연락처 없음,
한솔액자,1.0,1건,리뷰 6,부산 수영구 남천동로24번길 22,(지번) 남천동 15-7,051-621-6506,
피카조,0.0,0건,리뷰 2,부산 수영구 남천바다로15번길 71 1층,(지번) 광안동 178-31,연락처 없음,https://blog.naver.com/p_ccz
국전그림과액자,0.0,0건,리뷰 0,부산 사상구 백양대로 458 동일아파트 상가동 1층,(지번) 주례1동 317,051-323-3559,
구스토피엘 가죽공방,0.0,0건,리뷰 0,부산 기장군 정관읍 정관덕산길 80 파스텔라 타운하우스 상가 1호,(지번) 정관읍 방곡리 437,연락처 없음,https://blog.naver.com/raesong86
휴테스튜디오 공방,5.0,1건,리뷰 1,부산 기장군 정관읍 구연방곡로 30,(지번) 정관읍 방곡리 432-1,연락처 없음,http://www.instagram.com/hutte_studio
윤목공방,0.0,0건,리뷰 9,부산 남구 수영로266번길 74 지하1층,(지번) 대연동 911-5,010-3891-9154,http://yoonswoodworkshop.com/
카프가죽공방,0.0,0건,리뷰 8,부산 부산진구 중앙대로 954-1 4층,(지번) 양정동 272-8,051-804-6722,http://blog.naver.com/calf6700
련,0.0,0건,리뷰 6,부산 수영구 수미로25번길 4 1층,(지번) 망미동 265-15,연락처 없음,https://blog.naver.com/stlyeon
이팝나무,0.0,0건,리뷰 0,부산 사상구 대동로 53,(지번) 엄궁동 6-1,010-2830-8098,
황실십자수 용호점,0.0,0건,리뷰 1,부산 남구 용호로76번길 32,(지번) 용호동 152-2,051-611-5528,
일로가죽공방,0.0,0건,리뷰 4,부산 동구 망양로 891 3층,(지번) 범일동 1445-46,연락처 없음,https://blog.naver.com/leaf130117/
마루의꿈,0.0,0건,리뷰 0,부산 북구 금곡대로616번길 94 1층,(지번) 금곡동 71-5,연락처 없음,http://blog.naver.com/rwd71
이오향방,0.0,0건,리뷰 0,부산 수영구 구락로43번길 16 1층,(지번) 수영동 490-19,010-4424-3130,http://www.instagram.com/perfumery_25
갤러,5.0,1건,리뷰 2,부산 해운대구 재반로27번길 36-13,(지번) 재송동 534,051-784-5588,https://www.instagram.com/gallery.hi/
러브컨츄리,0.0,0건,리뷰 10,부산 동래구 아시아드대로184번길 5-2,(지번) 사직동 58-26,010-6480-1062,
또또액자,0.0,0건,리뷰 0,부산 기장군 정관읍 정관상곡2길 25-35,(지번) 정관읍 매학리 166-3,010-6480-1062,http://www.ddoddoplan.co.kr/
태유기공,0.0,0건,리뷰 0,부산 강서구 녹산산단262로59번길 7,(지번) 송정동 1761-12,051-941-2704,
예술제본공방,0.0,0건,리뷰 0,부산 수영구 광남로48번길 33,(지번) 남천동 5-29,연락처 없음,
옛날,0.0,0건,리뷰 0,부산 남구 우암번영로 10,(지번) 우암동 189-825,010-4517-6294,
수정필,0.0,0건,리뷰 0,부산 북구 용당로15번길 15,(지번) 화명동 2297-3,051-335-5714,
행복한뜨개공방,0.0,0건,리뷰 0,부산 수영구 망미번영로70번길 38,(지번) 수영동 460-4,051-755-9990,
,"D 더블유갤러리 액자,표구",0.0,0건,리뷰 0,(지번) 수영동 460-4,051-755-9990,http://smartstore.naver.com/w-gallery
홍종사,0.0,0건,리뷰 0,부산 기장군 정관읍 용수공단1길 14,(지번) 정관읍 용수리 1021-29,051-728-5718,
미미화컬,5.0,1건,리뷰 0,부산 해운대구 좌동순환로8번길 63,(지번) 중동 145,연락처 없음,
씨씨스튜디오,0.0,0건,리뷰 0,부산 사하구 감내2로 145-4,(지번) 감천동 3-31,연락처 없음,https://www.instagram.com/see.sea_studio
솜솜,0.0,0건,리뷰 4,부산 동래구 명륜로207번길 36-1 2층,(지번) 명륜동 700-135,051-558-0582,https://blog.naver.com/bysmallpin/
제뉴인,0.0,0건,리뷰 0,부산 해운대구 달맞이길 239-11 상가 1층,(지번) 중동 1479,연락처 없음,https://www.instagram.com/genuine_gallery/
갤러,0.0,0건,리뷰 1,부산 해운대구 마린시티2로 47 D동 112호,(지번) 우동 1410,051-746-2111,http://www.galleryleebae.com/
갤러리이배 수영,0.0,0건,리뷰 0,부산 수영구 민락수변로 243,(지번) 민락동 336-10,051-756-2111,http://www.galleryleebae.com/
이정,0.0,0건,리뷰 0,부산 해운대구 달맞이길117번가길 125,(지번) 중동 1492-15,연락처 없음,
고불예당,0.0,0건,리뷰 0,부산 동래구 아시아드대로 201-1,(지번) 온천동 1266-8,051-505-9924,
갤러,0.0,0건,리뷰 0,부산 해운대구 해운대해변로 287 씨클라우드상가 111~112호,(지번) 중동 1392-100,051-741-5867,
오라라,0.0,0건,리뷰 16,부산 부산진구 진사로 48,(지번) 개금동 753,010-9940-9673,https://blog.naver.com/wlguslekt711
손뜨개 니트아뜨리에,0.0,0건,리뷰 0,부산 동구 범일로 97,(지번) 범일동 932-1,051-646-6776,
앨리스,0.0,0건,리뷰 0,부산 부산진구 전포대로255번길 29 전포상가 A동 108,(지번) 전포동 654-4,연락처 없음,
아트천연공방,0.0,0건,리뷰 1,부산 연제구 거제시장로 28 1층,(지번) 거제동 597-11,연락처 없음,https://aromahandmade.modoo.at/
태화유리표구거울,0.0,0건,리뷰 0,부산 동래구 명장로20번길 53,(지번) 명장동 64-33,051-523-2393,
유카공방,0.0,0건,리뷰 1,부산 중구 해관로 61-2,(지번) 중앙동4가 36-5,051-469-8288,http://blog.naver.com/beautycare
목수,0.0,0건,리뷰 0,부산 남구 문현로 70,(지번) 문현동 98-9,연락처 없음,
성보당화랑표구,0.0,0건,리뷰 0,부산 부산진구 당감로 4-1,(지번) 당감동 178-17,연락처 없음,
블라썸제이공방,0.0,0건,리뷰 5,부산 부산진구 전포대로 225 2층,(지번) 전포동 675-5,051-892-5220,https://blog.naver.com/jaeablossom/
예기 도자기 공방,0.0,0건,리뷰 0,부산 강서구 신호산단2로49번길 58 스마트빌 1층,(지번) 신호동 229-4,051-892-5220,https://blog.naver.com/clabee
토토랑도자기공방,0.0,0건,리뷰 0,부산 강서구 경전철로31번길 32,(지번) 대저2동 1870-32,연락처 없음,http://blog.naver.com/totorang1134
갤러,5.0,3건,리뷰 10,부산 해운대구 해운대해변로 296 파라다이스호텔 신관 지하 1층,(지번) 중동 1411-1,연락처 없음,https://www.gallerymare.com/
가죽공방카페비트원,0.0,0건,리뷰 0,부산 연제구 거제대로 246 신라빌딩 2~3층,(지번) 거제동 18-5,051-851-8089,
흥부민속경,0.0,0건,리뷰 0,부산 강서구 가락대로 1206,(지번) 봉림동 747-68,010-4817-9814,
에코아일린,0.0,0건,리뷰 1,"부산 부산진구 새싹로 83-2 2,3층",(지번) 부암동 96-11,010-8319-1728,https://blog.naver.com/00lo30734
아리랑갤러리,0.0,0건,리뷰 0,부산 해운대구 마린시티1로 127,(지번) 우동 1436-2,051-731-0373,
신라액자,0.0,0건,리뷰 0,부산 동구 조방로34번길 1,(지번) 범일동 830-188,051-851-3046,
유럽풍십자수,0.0,0건,리뷰 0,부산 해운대구 선수촌로21번길 21,(지번) 반여동 1405-36,051-521-3044,
유럽풍십자수,1.0,1건,리뷰 0,부산 해운대구 재반로 166,(지번) 재송동 1149-13,051-784-9511,
가람원목,0.0,0건,리뷰 0,부산 남구 신정번영로 47,(지번) 대연동 1622-22,연락처 없음,
꽃피움공방,0.0,0건,리뷰 0,부산 부산진구 서전로46번길 62-4,(지번) 전포동 687-25,연락처 없음,http://kkopium.blog.me/
온유글래스,0.0,0건,리뷰 0,부산 해운대구 우동3로11번길 22-1,(지번) 우동 204-4,연락처 없음,https://www.instagram.com/onyu.glass/
천일표구사,0.0,0건,리뷰 0,부산 동구 고관로 11-2,(지번) 초량동 46-26,051-464-0449,
서진창호,0.0,0건,리뷰 0,부산 동래구 수안로48번길 8,(지번) 수안동 36-85,051-552-3613,
다다름아트,0.0,0건,리뷰 0,부산 연제구 과정로278번길 42,(지번) 연산동 366-1,연락처 없음,
갤러리,5.0,1건,리뷰 0,부산 해운대구 청사포로 85,(지번) 중동 437-6,051-731-0780,
꼬밀레,0.0,0건,리뷰 1,부산 연제구 과정로192번길 10 1층,(지번) 연산동 419-3,010-7701-4449,https://blog.naver.com/kkomile
목화 뜨개방,0.0,0건,리뷰 0,부산 금정구 서명로 26,(지번) 서동 302-405,051-527-0851,
바이비,0.0,0건,리뷰 1,부산 사하구 낙동남로1361번길 5,(지번) 하단동 870-248,연락처 없음,https://www.instagram.com/by.b_atelier
반데르센트,0.0,0건,리뷰 0,부산 북구 의성로115번길 140 1층,(지번) 덕천동 423-19,연락처 없음,http://www.instagram.com/vanderscent_soap
퀸십자수 화명점,0.0,0건,리뷰 0,부산 북구 금곡대로303번길 22,(지번) 화명동 2269-1,051-331-4717,
솔거그림틀,5.0,1건,리뷰 0,부산 기장군 기장읍 청강로43번길 7,(지번) 기장읍 청강리 163-11,051-253-0047,
부산가톨릭센터 대청,0.0,0건,리뷰 0,부산 중구 중구로 71,(지번) 대청동4가 81-1,051-462-1870,http://www.bccenter.or.kr/
목,0.0,0건,리뷰 0,부산 부산진구 중앙대로 701-4 4층,(지번) 부전동 255-42,051-806-2335,http://e-iit.co.kr/~33company/yousoo.co.kr/
고예당민속골,0.0,0건,리뷰 0,부산 기장군 기장읍 반송로 1572,(지번) 기장읍 동부리 331-7,051-503-3118,
옳은라탄,0.0,0건,리뷰 0,부산 수영구 광일로29번가길 34,(지번) 광안동 529,연락처 없음,
갤러,0.0,0건,리뷰 0,부산 동래구 동래로136번길 14,(지번) 복천동 275-5,연락처 없음,
그림공방,0.0,0건,리뷰 3,부산 연제구 과정로265번길 4 3층,(지번) 연산동 1051-10,연락처 없음,http://blog.daum.net/glimgongbang
지현아트룸,5.0,1건,리뷰 3,부산 남구 유엔로 217,(지번) 대연동 564-9,010-8991-1987,https://blog.naver.com/kateseok
단디목,0.0,0건,리뷰 1,부산 동구 망양로 897 지하 1층,(지번) 범일동 1442-1,010-5162-5954,http://dandeewood.com/
파인앤유,0.0,0건,리뷰 3,부산 사하구 제석로 38 1층,(지번) 당리동 316-33,010-5162-5954,http://www.instagram.com/_finenyou
윤그림글씨,0.0,0건,리뷰 1,부산 금정구 서부곡로16번길 8-1 1층,(지번) 부곡동 296-62,연락처 없음,http://blog.naver.com/ttupopo
반지마을 해운대점,0.0,3건,리뷰 0,부산 해운대구 우동2로 20 3층,(지번) 우동 149-10,051-741-7383,http://banjimaeul.com/default/
스팡스,0.0,0건,리뷰 1,부산 중구 중구로23번길 20-2,(지번) 부평동1가 31-2,051-988-7615,https://blog.naver.com/jumdin
수기스미술,5.0,1건,리뷰 12,부산 부산진구 서전로10번길 32 동명빌딩 3층,(지번) 부전동 156-30,051-988-7615,http://www.artsoogiss.com/
옻칠공간 게니,0.0,0건,리뷰 6,부산 수영구 광안해변로255번길 59 2층,(지번) 민락동 167-6,연락처 없음,http://geni.pe.kr/
박용대,0.0,0건,리뷰 0,부산 동래구 여고로127번길 68,(지번) 사직동 143-10,연락처 없음,
51도스튜디오,5.0,1건,리뷰 1,부산 금정구 기찰로 51,(지번) 부곡동 227-20,연락처 없음,https://blog.naver.com/51studio
미니조아,0.0,0건,리뷰 1,부산 남구 수영로298번길 39-15,(지번) 대연동 62-13,연락처 없음,
보라매화랑,0.0,0건,리뷰 0,부산 부산진구 새싹로 127,(지번) 부암동 23-16,051-804-8773,
,0.0,0건,리뷰 0,부산 해운대구 반여로155번나길 50,(지번) 반여동 968,연락처 없음,
보문당필방,0.0,0건,리뷰 0,부산 금정구 금정로 199-1,(지번) 구서동 468-28,051-803-1939,
해옥 유럽풍십자수마트,5.0,1건,리뷰 0,부산 영도구 꿈나무길 289,(지번) 신선동3가 127-16,051-413-8889,
우드,0.0,0건,리뷰 0,부산 사상구 대동로 55 2층,(지번) 엄궁동 6-3,051-312-9571,https://blog.naver.com/soma0517
동백공방,0.0,0건,리뷰 7,부산 부산진구 전포대로246번길 23 2층,(지번) 전포동 197-23,051-312-9571,https://www.instagram.com/dongbeakshop/
몽케이크,0.0,0건,리뷰 0,부산 동래구 아시아드대로 203-1 2층,(지번) 온천동 1266-6,연락처 없음,http://xn--jj0b82p71ejsdpxhxlct65b.com/
동일메이킹,0.0,0건,리뷰 0,부산 동구 자성공원로 28-1 3층,(지번) 범일동 829-7,051-634-4414,http://www.dongilmaking.com/
마리목,0.0,0건,리뷰 0,부산 기장군 정관읍 정관중앙로 58 삼융프라자 111호,(지번) 정관읍 매학리 748-1,연락처 없음,http://maryhf.blog.me/
화가들의집,0.0,0건,리뷰 0,부산 북구 만덕3로 28-1,(지번) 만덕동 908-2,연락처 없음,
소윤아뜰리에,0.0,0건,리뷰 1,부산 서구 대영로 47 2층,(지번) 서대신동2가 123-2,010-3582-5557,http://blog.naver.com/taven1/
빈인브로,0.0,0건,리뷰 0,부산 중구 중구로53번길 3,(지번) 부평동1가 11-2,연락처 없음,https://www.instagram.com/bininbro/
예림컴퓨터자수,5.0,2건,리뷰 0,부산 중구 중구로 141 2층,(지번) 동광동5가 12-41,051-441-5024,http://xn--or3bi2d44a81ljkkcldnwi.com/
갤러,0.0,0건,리뷰 1,부산 중구 대청로 123,(지번) 대청동1가 38-5,연락처 없음,
,0.0,0건,리뷰 0,부산 중구 대영로242번길 9,(지번) 영주동 609-18,051-466-0030,
,D 갤러리604 화랑,0.0,0건,리뷰 0,(지번) 영주동 609-18,051-466-0030,http://www.g604.com/
퀸즈라탄,0.0,0건,리뷰 2,부산 연제구 중앙대로1039번길 4 수호빌딩 2층 201호,(지번) 연산동 2063-15,051-466-0030,https://blog.naver.com/kjinjjang
한일뜨개방,0.0,0건,리뷰 0,부산 수영구 과정로41번길 53-1,(지번) 망미동 446-6,010-5013-4731,
,0.0,0건,리뷰 0,부산 중구 광복동2가 1-2,,연락처 없음,
신일액자,0.0,0건,리뷰 0,부산 금정구 금정로 78,(지번) 장전동 416-34,051-515-0043,http://051-515-0043.okqr.co.kr/
사계절 뜨개방,0.0,0건,리뷰 0,부산 동래구 명안로77번길 25,(지번) 명장동 64-15,051-531-5809,
갤러리펀몽,5.0,1건,리뷰 5,부산 사하구 옥천로 80-1 2층,(지번) 감천동 13-528,010-2563-0050,https://www.instagram.com/gallery_funmong/
희세라믹,0.0,0건,리뷰 0,부산 부산진구 동천로 38-1 2층,(지번) 전포동 885-5,연락처 없음,https://blog.naver.com/hyii_ceramic
꿈꾸는공방,0.0,0건,리뷰 0,부산 기장군 정관읍 가동2길 4 1층,(지번) 정관읍 용수리 1284-13,051-727-0872,
키니캔들,0.0,0건,리뷰 0,부산 수영구 광남로48번길 27 2층,(지번) 남천동 5-7,051-521-2161,http://kynycandle.com/
부산뜨개방,5.0,2건,리뷰 0,부산 남구 수영로 304 대승타워 2층 212호,(지번) 대연동 72-23,051-626-0379,http://cafe.daum.net/artshop1
남천문구,0.0,0건,리뷰 0,부산 수영구 수영로 460,(지번) 남천동 29-17,051-628-5477,
한울문,0.0,0건,리뷰 0,부산 해운대구 운봉길 49,(지번) 반송동 650-3,연락처 없음,
사계절뜨개방,0.0,0건,리뷰 0,부산 동래구 명장로22번길 92,(지번) 명장동 67-60,연락처 없음,
마벨러스가죽공방,0.0,0건,리뷰 0,부산 수영구 연수로357번길 21,(지번) 수영동 465-6,010-9785-1203,https://www.instagram.com/marvellous_office/
,D 누리공방 목공예,0.0,0건,리뷰 3,(지번) 수영동 465-6,010-9785-1203,https://blog.naver.com/bong12101004
까멜리아핸즈,5.0,1건,리뷰 0,부산 부산진구 중앙대로 968 1층,(지번) 양정동 270-7,070-7565-3121,
신세계고,0.0,0건,리뷰 0,부산 부산진구 전포동 874-10,(지번) 양정동 270-7,연락처 없음,
우현민,0.0,0건,리뷰 3,부산 해운대구 해운대로 601 에이치스위트 B동 상가 2층,(지번) 우동 524-5,연락처 없음,https://blog.naver.com/choimgmg
일성아트액자,0.0,0건,리뷰 0,부산 남구 남동천로 4,(지번) 문현동 810-16,051-636-3666,
대한액자공예,0.0,0건,리뷰 0,부산 금정구 금강로 412,(지번) 구서동 462-8,051-514-2600,http://www.ok114.co.kr/0515142600
라보떼케이크,0.0,0건,리뷰 3,부산 부산진구 백양순환로 21,(지번) 당감동 665-7,연락처 없음,
반쪽이공방 해운,5.0,1건,리뷰 0,부산 해운대구 좌동로 152 신도시시장 312호,(지번) 좌동 1429-1,070-4253-5365,http://cafe.daum.net/banzzogihaewoon
반쪽이공방,0.0,0건,리뷰 0,부산 북구 효열로235번길 55,(지번) 금곡동 66-2,051-365-3660,
마,0.0,0건,리뷰 0,부산 사상구 백양대로700번길 140 미술관 235호,(지번) 괘법동 1-23,051-999-5155,
도자기공방DAS,0.0,0건,리뷰 3,부산 동래구 금강로61번길 78,(지번) 온천동 319,연락처 없음,
예담 액자공장,0.0,0건,리뷰 0,부산 사상구 사상로223번길 40,(지번) 괘법동 521-4,연락처 없음,
데이타스티치,5.0,1건,리뷰 0,부산 부산진구 가야대로 661-1,(지번) 가야동 29-2,051-636-2375,http://www.datastitch.co.kr/
유월꽃보자기,0.0,0건,리뷰 7,부산 해운대구 우동1로 62-1 1층,(지번) 우동 397-113,010-4579-4526,https://blog.naver.com/uwol-ha/
콩쥐팥쥐뜨개방,0.0,0건,리뷰 0,부산 해운대구 재송1로60번길 45,(지번) 재송동 1090-17,051-784-5471,
,"D 열린앤드갤러리 액자,표구",0.0,0건,리뷰 0,(지번) 재송동 1090-17,051-784-5471,
라라별찌캔들공방,0.0,0건,리뷰 10,부산 부산진구 전포대로176번길 27,(지번) 전포동 356-16,051-784-5471,https://lalabyulzzi.modoo.at/
센트블룸,0.0,0건,리뷰 2,부산 동래구 연안로 71,(지번) 안락동 1240,010-4763-7547,https://www.instagram.com/scentbloom_/
소림화랑표구사,5.0,1건,리뷰 1,부산 남구 유엔평화로38번길 41,(지번) 대연동 1003-15,051-621-6033,
바느질하는 고양이,0.0,0건,리뷰 1,부산 서구 구덕로333번길 7,(지번) 서대신동3가 387-15,연락처 없음,http://sewingcat.net/
사월캘리그라피,0.0,0건,리뷰 0,부산 수영구 수미로26번길 48,(지번) 수영동 379,연락처 없음,
태경절곡,0.0,0건,리뷰 0,부산 부산진구 성지로153번길 82,(지번) 초읍동 275-9,051-817-9900,
경성액자,0.0,0건,리뷰 1,부산 수영구 수영로 403,(지번) 남천동 74-41,051-628-5761,
보석십자수수재샵 수영점,0.0,0건,리뷰 0,부산 수영구 연수로 262,(지번) 망미동 824-3,010-4861-2284,
공방,1.0,1건,리뷰 0,부산 연제구 쌍미천로 120,(지번) 연산동 1120-12,연락처 없음,
부산광역시경찰청 총알경찰차,0.0,0건,리뷰 0,부산 남구 수영로 350,(지번) 대연동 38-1,연락처 없음,
관민화랑,0.0,0건,리뷰 0,부산 금정구 금강로 290,(지번) 장전동 389-40,051-582-2883,
라탄공방느루,0.0,0건,리뷰 5,부산 사상구 새벽로 218,(지번) 괘법동 558-7,010-6249-4399,https://blog.naver.com/rattan_neuru
갤러리장,0.0,0건,리뷰 0,부산 부산진구 전포대로246번길 40,(지번) 전포동 203-1,연락처 없음,
예올체험학교,0.0,0건,리뷰 0,부산 기장군 철마면 마지2길 5-16,(지번) 철마면 연구리 677-2,051-722-5328,
,"D 도예공방 미술,공예",0.0,0건,리뷰 0,(지번) 철마면 연구리 677-2,051-722-5328,
이솔공방,0.0,0건,리뷰 1,부산 수영구 연수로369번길 7,(지번) 수영동 462-6,051-915-0135,http://blog.naver.com/yisol0135/
스쿱일러스트스튜디오,0.0,0건,리뷰 0,부산 부산진구 동성로15번길 37,(지번) 전포동 363-56,연락처 없음,http://blog.naver.com/0_nina_0
나비온공방,0.0,0건,리뷰 3,부산 강서구 명지국제2로28번길 23 네오웨스턴스퀘어 2동 315호,(지번) 명지동 3432-1,연락처 없음,
영,0.0,0건,리뷰 0,부산 강서구 낙동북로 38,(지번) 강동동 86-14,051-462-9405,
예헌전통자수연구실,0.0,0건,리뷰 0,부산 수영구 수영로394번길 18 1층,(지번) 남천동 23-1,051-754-1059,http://blog.naver.com/malee1059
고현갤러리,0.0,0건,리뷰 0,부산 해운대구 해운대해변로 387,(지번) 중동 1764-14,051-747-3825,
대하 ,0.0,0건,리뷰 0,부산 부산진구 신천대로 188-1,(지번) 부암동 689-15,051-806-4295,
촌장과,0.0,0건,리뷰 0,부산 영도구 흰여울길 207,(지번) 영선동4가 1009,연락처 없음,
헤펠레목공방 금,0.0,0건,리뷰 0,부산 금정구 두실로 72,(지번) 남산동 999-16,010-3174-4519,https://blog.naver.com/lkfgjh
달보드레,0.0,0건,리뷰 1,부산 수영구 광안로21번길 39 1층,(지번) 광안동 146-29,연락처 없음,https://www.instagram.com/dal._.bodre/
손으로만든비누공방,0.0,0건,리뷰 0,부산 서구 천마로 149-1,(지번) 남부민동 112-2,연락처 없음,
호박꾸러미,0.0,0건,리뷰 0,부산 부산진구 가야대로691번길 11,(지번) 당감동 817-48,연락처 없음,http://blog.naver.com/vintagehobac
김정희패션공방,0.0,0건,리뷰 0,부산 해운대구 좌동순환로 80,(지번) 좌동 1270-1,051-742-1764,
원도심예술가협동조,0.0,0건,리뷰 0,부산 중구 동광길 42 1층,(지번) 중앙동4가 40-25,051-469-1978,
,"D 유럽풍십자수 수예,자수",0.0,0건,리뷰 0,(지번) 중앙동4가 40-25,051-469-1978,
영신액자,0.0,0건,리뷰 0,부산 중구 흑교로 92-1,(지번) 보수동1가 11-3,051-248-8847,
대창인더스트리,0.0,0건,리뷰 0,부산 사하구 다산로106번길 37,(지번) 다대동 1509-8,051-263-0830,
노말도트,0.0,0건,리뷰 1,부산 부산진구 동성로25번길 32 1층,(지번) 전포동 355-26,070-4406-0327,http://www.normaldott.kr/
한지와자수공예,0.0,0건,리뷰 0,부산 수영구 망미로28번길 3,(지번) 망미동 797-8,연락처 없음,
금산화랑표구사,0.0,0건,리뷰 0,부산 기장군 기장읍 차성로 275,(지번) 기장읍 대라리 118-4,051-724-6585,
세일액자,0.0,0건,리뷰 0,부산 해운대구 선수촌로 111-7,(지번) 반여1동 1217-7,051-724-6585,http://blog.naver.com/5224332
한일자수,0.0,0건,리뷰 0,부산 동래구 중앙대로1277번길 92,(지번) 사직동 139-10,051-507-5301,
예목수석,0.0,0건,리뷰 0,부산 수영구 수미로 29-2,(지번) 망미동 265-33,연락처 없음,https://blog.naver.com/tmdcjf3454
나래미술,0.0,0건,리뷰 0,부산 부산진구 신천대로 207,(지번) 당감동 867-10,051-895-8673,
마루액자,0.0,0건,리뷰 0,부산 강서구 경전철로39번나길 91,(지번) 대저2동 1381-2,051-832-2224,
진주표구재료,0.0,0건,리뷰 0,부산 부산진구 중앙대로 897,(지번) 양정동 394-9,051-852-9209,
오아시스,0.0,0건,리뷰 0,부산 동래구 옥봉로14번길 5-4,(지번) 명장동 477-27,연락처 없음,https://blog.naver.com/oasis477
에이퍼,0.0,0건,리뷰 1,부산 기장군 기장읍 차성로322번길 17-5,(지번) 기장읍 동부리 126-8,연락처 없음,https://blog.naver.com/a_furniture_lab
경인마크사,0.0,0건,리뷰 0,부산 동구 진시장로 19-2 동아사타운 2층,(지번) 범일동 640-5,051-637-6402,http://www.jasoo.net/
편백공,0.0,0건,리뷰 1,부산 사하구 옥천로 57,(지번) 감천동 16-350,연락처 없음,
심뽀글씨캘리그라피,0.0,0건,리뷰 0,부산 부산진구 양지로5번길 37 3층,(지번) 양정동 352-12,070-7867-7500,http://sim-bbo.com/
지성액자,0.0,0건,리뷰 0,부산 동래구 여고로12번길 13,(지번) 사직동 104-5,051-502-4025,
유럽십자수,5.0,1건,리뷰 0,부산 사상구 가야대로284번길 9,(지번) 주례동 507-21,연락처 없음,
퓨어비앙꼬,0.0,0건,리뷰 0,부산 사하구 하신중앙로313번길 84 지오빌1차 307호,(지번) 하단동 870-98,연락처 없음,https://blog.naver.com/gee1600/
중앙,0.0,0건,리뷰 0,부산 동구 중앙대로 523,(지번) 범일동 72-7,051-634-1592,
다다액자,0.0,0건,리뷰 0,부산 부산진구 양지로 24-8,(지번) 양정동 365-13,051-852-5588,http://blog.naver.com/kimdada3678
플로망스다다,5.0,1건,리뷰 7,부산 연제구 중앙천로43번길 22 1층,(지번) 연산동 790-14,010-3886-2373,https://www.instagram.com/flomance_dada/
꼼지락천연아로마공방,0.0,0건,리뷰 0,부산 영도구 조내기로 40,(지번) 청학동 86-4,010-2829-3914,
블루안공작소,0.0,0건,리뷰 3,부산 기장군 정관읍 달산4길 57,(지번) 정관읍 달산리 998-10,010-6756-2577,
제일병풍공장,0.0,0건,리뷰 0,부산 부산진구 거제대로 76,(지번) 양정2동 307-3,051-864-6161,
갤러,0.0,0건,리뷰 1,부산 사상구 백양대로 331 구덕극동아파트상가 1층,(지번) 주례동 41-25,051-325-2920,http://yechon.miraeh.com/
윰스튜디오,5.0,1건,리뷰 0,부산 연제구 쌍미천로93번길 20,(지번) 연산동 653-35,010-9725-5225,https://blog.naver.com/yoom5225
소림당표구사,0.0,0건,리뷰 0,부산 남구 천제등로 28,(지번) 대연동 898-1,051-621-6033,
태평양액자,0.0,0건,리뷰 0,부산 사하구 괴정3동 1022,,연락처 없음,
,"D 위드아이센터 미술,공예",0.0,0건,리뷰 0,,연락처 없음,http://cafe.naver.com/storymom2013
그린바바작업실,0.0,0건,리뷰 0,부산 부산진구 새싹로58번길 3 1층,(지번) 범전동 406-11,연락처 없음,http://blog.naver.com/baba011
파인트리 목공예,0.0,0건,리뷰 0,부산 강서구 명지오션시티4로 61,(지번) 명지동 3239-2,연락처 없음,
JR엔,0.0,0건,리뷰 0,"부산 해운대구 센텀3로 20 센텀호텔 206호,207호",(지번) 우동 1505,연락처 없음,
신라 로구로목,0.0,0건,리뷰 0,부산 동래구 충렬대로272번길 47,(지번) 낙민동 215-9,연락처 없음,
유어플레르,0.0,0건,리뷰 8,부산 부산진구 전포대로 206-2 3층,(지번) 전포동 312-12,연락처 없음,http://yourfleur.co.kr/
예당,0.0,0건,리뷰 0,부산 연제구 거제천로 33-1,(지번) 거제동 566-57,010-8257-5589,
윤이작업실,0.0,0건,리뷰 0,부산 중구 책방골목길 9,(지번) 보수동1가 116-31,051-818-5663,https://blog.naver.com/youne101
고마워공방,0.0,0건,리뷰 11,부산 수영구 수영로606번길 7 2층,(지번) 광안동 118-15,0506-535-1609,https://blog.naver.com/1tjgkdpwls/
카프공방,0.0,0건,리뷰 0,부산 부산진구 양지로8번길 8 2층,(지번) 양정동 363-11,051-804-6722,http://blog.naver.com/calf6700/
지나트,0.0,0건,리뷰 0,부산 수영구 과정로16번길 15,(지번) 망미동 418-5,연락처 없음,
소릿길공방,5.0,1건,리뷰 0,부산 해운대구 해운대로383번길 150 일진상가 101-1호,(지번) 우동 1108-96,연락처 없음,http://blog.naver.com/edzed
DMC황실,0.0,0건,리뷰 0,부산 사하구 낙동대로 187-1,(지번) 괴정동 429-53,051-208-7522,
대한민속골,0.0,0건,리뷰 0,부산 동구 고관로 55,(지번) 수정동 358-25,010-9318-9892,
대구유리액자,5.0,1건,리뷰 0,부산 중구 중구로 36,(지번) 신창동4가 35-3,051-245-6151,
,"D 가죽공방본 미술,공예",0.0,0건,리뷰 2,(지번) 신창동4가 35-3,051-245-6151,http://blog.naver.com/bornleather
금성액자표구,0.0,0건,리뷰 0,부산 사하구 장평로 456,(지번) 괴정동 549-2,051-293-4844,
수를그리다,0.0,0건,리뷰 2,부산 부산진구 서전로37번길 26,(지번) 전포동 664-7,연락처 없음,http://blog.naver.com/deulkkot_jin
테디네,0.0,0건,리뷰 0,부산 금정구 금샘로420번길 38,(지번) 구서동 1016-3,051-515-3200,
명륜표구,5.0,2건,리뷰 0,부산 동래구 명륜로 163,(지번) 명륜동 638-19,051-554-0490,
에포스,0.0,0건,리뷰 0,부산 중구 동광동2가 11-63,,연락처 없음,
끌레르스튜디오,0.0,0건,리뷰 1,부산 금정구 금정로 59-8,(지번) 장전동 421-13,051-805-8803,http://www.claire-studio.com/
고운당화랑표구사,0.0,0건,리뷰 1,부산 해운대구 달맞이길 6,(지번) 중동 1128-42,051-743-0520,
동서그림&액자,0.0,0건,리뷰 0,부산 동래구 충렬대로237번길 144,(지번) 명륜동 612-1,연락처 없음,
갤러리예담,0.0,0건,리뷰 0,부산 사상구 광장로2번길 43 1층,(지번) 괘법동 568-17,연락처 없음,http://galleryyedam.co.kr/
손으로짓는즐거움,0.0,0건,리뷰 3,부산 남구 동명로131번길 38,(지번) 용호동 369-30,연락처 없음,https://www.instagram.com/myeonghyi5188/
고려화랑(,0.0,0건,리뷰 0,부산 사하구 승학로 28,(지번) 당리동 307-2,051-291-1550,
앙쥬캔들스토리,0.0,0건,리뷰 0,부산 남구 수영로 294,(지번) 대연동 74-2,연락처 없음,https://blog.naver.com/dms0317
드네이쳐,5.0,1건,리뷰 5,부산 사하구 사하로 137-1 지하 1층,(지번) 괴정동 493-18,연락처 없음,https://blog.naver.com/kainnkainn
영수기계,0.0,0건,리뷰 0,부산 강서구 미음산단3로 120,(지번) 미음동 1551-15,051-714-0662,
,D 컬러링토이하우스 목공예,0.0,0건,리뷰 0,(지번) 미음동 1551-15,051-714-0662,http://coloringtoyhouse.modoo.at/
린보,0.0,0건,리뷰 6,부산 해운대구 달맞이길117번라길 106 1층,(지번) 중동 1484-1,051-731-0036,https://www.instagram.com/linbo_qin/
황실유럽자수,0.0,0건,리뷰 0,부산 중구 대청로 96,(지번) 대청동2가 23-11,051-242-8723,
비아름,0.0,0건,리뷰 6,부산 수영구 민락로 36 1층,(지번) 민락동 162-20,010-5836-3344,
라곰갤러리,0.0,0건,리뷰 0,부산 수영구 무학로69번길 83,(지번) 민락동 144-5,연락처 없음,
사직체육사,0.0,0건,리뷰 0,부산 동래구 충렬대로126번길 21,(지번) 온천동 1454-3,연락처 없음,
조은액자,0.0,0건,리뷰 0,부산 중구 중구로 28,(지번) 신창동4가 65-3,051-245-6559,
공방라벤더,0.0,0건,리뷰 0,부산 동래구 아시아드대로181번길 12,(지번) 사직동 56-14,051-245-6559,https://lavender925.modoo.at/
퀸즈가든공방 ,0.0,0건,리뷰 0,부산 기장군 정관읍 병산로 101,(지번) 정관읍 용수리 378-10,연락처 없음,https://queenzdiy.modoo.at/
금산화랑표구사,0.0,0건,리뷰 0,부산 기장군 기장읍 차성로 305,(지번) 기장읍 동부리 260-8,051-724-6585,http://www.ok114.co.kr/0517246585
향유재,3.5,2건,리뷰 0,부산 기장군 장안읍 대룡1길 103,(지번) 장안읍 오리 24-4,051-727-9271,
보스케,0.0,0건,리뷰 0,부산 중구 중구로62번길 14,(지번) 대청동3가 4-4,010-3887-4694,https://bosquebosque.modoo.at/
산다원,0.0,0건,리뷰 0,부산 금정구 금단로 123,(지번) 남산동 32-11,051-242-4252,
숨도자공방,0.0,0건,리뷰 5,부산 수영구 수영로540번길 18 2층,(지번) 광안동 169-1,연락처 없음,https://www.instagram.com/ssssum_ceramic/
현이네뜨개나무,0.0,0건,리뷰 0,부산 수영구 수영로 지하 576,(지번) 광안동 205,051-759-9935,
,"D 제일컴퓨터자수 수예,자수",0.0,0건,리뷰 0,(지번) 광안동 205,051-759-9935,
창의공작소,0.0,0건,리뷰 0,부산 중구 동광길 42 1층,(지번) 중앙동4가 40-25,연락처 없음,http://tttg.kr/
네번의,0.0,0건,리뷰 5,부산 수영구 수영로522번길 39,(지번) 광안동 176-29,연락처 없음,
서두연캘리그라피,0.0,0건,리뷰 3,부산 남구 용소로14번길 23 남프라자 7층 702호,(지번) 대연동 63-3,010-6886-2822,https://blog.naver.com/calli_dudu
청룡정밀,0.0,0건,리뷰 0,부산 사상구 사상로46번길 12,(지번) 주례동 847-1,051-305-7851,
작당,5.0,1건,리뷰 0,부산 수영구 수영로408번길 45-4,(지번) 남천동 15-6,010-6789-1206,https://www.instagram.com/jakdang_ing
아게이트,5.0,1건,리뷰 0,부산 해운대구 좌동순환로 118 지하 1층,(지번) 좌동 1282,010-6789-1206,https://m.place.naver.com/place/1340795029/home?entry=pll
미미의세상,0.0,0건,리뷰 1,부산 동래구 충렬대로 343-1,(지번) 안락동 422-23,연락처 없음,
이홍 ,0.0,0건,리뷰 0,부산 동구 망양로 769,(지번) 수정동 689-14,051-468-4483,
웜버,0.0,0건,리뷰 1,부산 부산진구 서전로57번길 27,(지번) 전포동 194-11,연락처 없음,
캐롤샵,0.0,0건,리뷰 2,부산 동구 중앙대로214번길 7-9 5층,(지번) 초량동 1200-13,연락처 없음,https://www.instagram.com/carolshop_gift/
토피어리공작소,0.0,0건,리뷰 4,부산 남구 유엔로157번길 73 동부가든빌라,(지번) 대연동 1737-3,051-633-4399,http://blog.naver.com/sayjune2005
캘리그라피가인,0.0,0건,리뷰 0,부산 부산진구 거제천로 56 4층,(지번) 양정동 156-9,051-868-8923,
천연비누앤 포크아트갤러리,0.0,0건,리뷰 0,부산 부산진구 새싹로 154,(지번) 연지동 165-8,연락처 없음,http://www.xn--od1b85uba.com/
채스아,0.0,1건,리뷰 0,부산 해운대구 달맞이길117번가길 120-33,(지번) 중동 1491-7,연락처 없음,https://chaesart.modoo.at/
호피사랑가죽공방,0.0,0건,리뷰 0,부산 사하구 장림시장5길 226 1층,(지번) 장림동 615-203,010-3982-8200,http://blog.naver.com/82hopi
주얼리 갤러리 공,0.0,0건,리뷰 0,부산 금정구 신천로 36-24,(지번) 선동 529,070-8831-2397,https://www.instagram.com/gallery_gong/
정소이도자기공방,0.0,0건,리뷰 0,부산 수영구 수영로611번길 46,(지번) 광안동 646,연락처 없음,
옥뜨게방,0.0,0건,리뷰 0,부산 동래구 여고북로123번나길 30-4,(지번) 온천동 1468-34,연락처 없음,
꽃바늘,0.0,0건,리뷰 0,부산 연제구 거제대로252번길 7 2층,(지번) 거제동 17-26,연락처 없음,http://xn--js0b66ddvl.com/
한일뜨개방,0.0,0건,리뷰 0,부산 동래구 금강로 119-1,(지번) 온천동 221-13,051-555-3098,
화,0.0,0건,리뷰 0,부산 해운대구 해운대로 814,(지번) 좌동 1479-3,연락처 없음,
서앤강갤러리 오렌지향기는,0.0,0건,리뷰 0,부산 연제구 연수로225번길 11,(지번) 연산동 2123-13,연락처 없음,
양성국갤러리 서,0.0,0건,리뷰 0,부산 강서구 유통단지1로 76 건축자재판매단지 11동 106호,(지번) 대저2동 3141-8,051-941-9401,http://www.gaguis.co.kr/goods/goods_list.php?cateCd=008
도윤당,0.0,0건,리뷰 0,부산 기장군 장안읍 장안로 202,(지번) 장안읍 기룡리 821,연락처 없음,
고려당표구사,0.0,0건,리뷰 0,부산 중구 대청로126번길 4,(지번) 대청동1가 39-1,051-247-6655,
비누하지요,0.0,0건,리뷰 1,부산 연제구 고분로241번길 15,(지번) 연산동 477-49,010-8205-8326,https://blog.naver.com/kkothajiyo
이매진맨션,0.0,0건,리뷰 1,부산 사상구 삼락천로 26 1층,(지번) 삼락동 418-2,010-4539-6377,https://blog.naver.com/lady6377
월드비전 풍선아트공방,0.0,0건,리뷰 0,부산 강서구 미음국제3로 31,(지번) 미음동 1663-2,연락처 없음,
남,0.0,0건,리뷰 0,부산 금정구 금강로 453,(지번) 구서1동 260-11,051-513-5068,
,"D 이하은뜨개공방 수예,자수",0.0,0건,리뷰 0,(지번) 구서1동 260-11,051-513-5068,
오브노벰버,0.0,0건,리뷰 0,부산 해운대구 해운대로91번길 44,(지번) 재송동 210-30,연락처 없음,https://www.instagram.com/of_november_
스마일러브,0.0,0건,리뷰 0,부산 해운대구 재반로270번길 47,(지번) 반여동 1583-14,051-784-0923,
핸드맘도자공예,5.0,1건,리뷰 0,부산 연제구 과정로283번길 14 1층,(지번) 연산동 446-15,051-753-3350,
한국화랑표구사,0.0,0건,리뷰 0,부산 부산진구 냉정로 220-1,(지번) 개금동 546-3,051-893-7510,
뜨개나라,0.0,0건,리뷰 0,부산 동구 범일로65번길 8,(지번) 범일동 290-3,051-645-0995,
천경자,0.0,0건,리뷰 0,부산 연제구 해맞이로67번길 23,(지번) 거제동 676-67,051-504-7610,
인어메모리,0.0,0건,리뷰 1,부산 부산진구 서전로37번길 26 3층,(지번) 전포동 664-6,연락처 없음,https://www.instagram.com/in_a_memory_
반지공간,5.0,5건,리뷰 0,부산 남구 수영로 312,(지번) 대연3동 55-1,연락처 없음,http://www.ring77.co.kr/
원도심창의공작소,0.0,0건,리뷰 0,부산 중구 중앙대로 53-1 2층,(지번) 중앙동2가 35-3,연락처 없음,
금화랑표구사,0.0,0건,리뷰 0,부산 남구 문현로 6-2,(지번) 문현동 202-68,051-634-3909,
금정전기조명공사,0.0,0건,리뷰 0,부산 금정구 서부로 25,(지번) 서동 174-27,051-526-0666,
향기로여는세상,0.0,0건,리뷰 0,부산 사하구 윤공단로 78-1,(지번) 다대동 938-7,연락처 없음,
해운대아,0.0,0건,리뷰 0,부산 해운대구 달맞이길65번길 56,(지번) 중동 1510-1,051-747-7042,
진주뜨게방,0.0,0건,리뷰 0,부산 사하구 낙동대로535번길 28,(지번) 하단동 487-6,연락처 없음,
,"D 은정이네뜨개방 수예,자수",0.0,0건,리뷰 0,(지번) 하단동 487-6,연락처 없음,
두드림공방,0.0,0건,리뷰 0,부산 남구 수영로249번길 9,(지번) 대연동 329-16,051-612-3181,
여기지하,0.0,0건,리뷰 13,부산 수영구 광안해변로277번길 5 지하1층,(지번) 민락동 176-6,연락처 없음,https://blog.naver.com/here_underground
데이트,0.0,0건,리뷰 0,부산 해운대구 해운대해변로298번길 5 2층,(지번) 중동 1404-26,연락처 없음,http://www.dategallery.kr/
목공방,0.0,0건,리뷰 0,부산 해운대구 좌동로 152 신도시시장상가 3층 312호,(지번) 좌동 1429-1,010-3560-0288,https://blog.naver.com/mang797
설렘(가죽 뜨개공방),0.0,0건,리뷰 0,부산 기장군 정관읍 정관로 350,(지번) 정관읍 모전리 730,051-728-1304,
정진실업,0.0,0건,리뷰 0,부산 연제구 거제천로230번길 21,(지번) 연산동 579-32,051-865-4256,
메종드아나,0.0,0건,리뷰 1,부산 동래구 충렬대로237번길 148,(지번) 명륜동 624-1,연락처 없음,http://blog.naver.com/rud8336
보문당화랑표구사,0.0,0건,리뷰 0,부산 중구 대청로 132,(지번) 동광동3가 2-1,051-245-8824,
초미,0.0,0건,리뷰 0,부산 동구 자성공원로3번길 11-6,(지번) 범일동 623-2,051-245-8824,http://blog.daum.net/chomigallery
꽃과그리고나,0.0,0건,리뷰 0,부산 사상구 사상로224번길 55-1,(지번) 괘법동 379-7,연락처 없음,
아뜰리,0.0,0건,리뷰 1,부산 해운대구 우동1로20번길 5 1층,(지번) 우동 532-25,010-3954-1775,https://blog.naver.com/atelierbb
해운대K갤러리,0.0,0건,리뷰 0,부산 해운대구 좌동순환로 498 2층,(지번) 중동 1276-7,051-744-6669,
,0.0,0건,리뷰 0,부산 사하구 사리로 8,(지번) 괴정동 382-5,051-292-7911,
재,0.0,0건,리뷰 0,부산 사하구 옥천로111번길 11 2층,(지번) 감천동 10-37,연락처 없음,
,"D 스튜디오프렌스 미술,공예",0.0,0건,리뷰 6,(지번) 감천동 10-37,연락처 없음,https://www.instagram.com/studio_press/
,0.0,0건,리뷰 0,부산 수영구 과정로 10,(지번) 망미동 420-5,051-757-4103,
해정 표구사,0.0,0건,리뷰 0,부산 해운대구 재송1로 19,(지번) 재송동 210-5,연락처 없음,
다온공방,0.0,0건,리뷰 1,부산 사상구 덕상로 16 벽산시익상가 201호,(지번) 덕포동 49,010-3883-0001,https://blog.naver.com/minseon8758
일,0.0,0건,리뷰 0,부산 수영구 연수로 326,(지번) 망미1동 792-41,010-3867-1437,
남일 액자표구사,0.0,0건,리뷰 0,부산 동래구 여고북로 117-3,(지번) 온천동 1466-36,연락처 없음,
보문당,0.0,0건,리뷰 0,부산 서구 낙동대로 3,(지번) 서대신동2가 282-7,051-244-1873,
황실유럽십자수 모라점,0.0,0건,리뷰 0,부산 사상구 백양대로 884,(지번) 모라1동 1362,051-328-4679,
프랑스자수리본자수,0.0,0건,리뷰 0,부산 동래구 명륜로 185-1,(지번) 명륜동 726-30,010-2746-8807,
소미야공방,0.0,0건,리뷰 1,부산 영도구 절영로 217-2,(지번) 영선동4가 1334,010-2351-8393,http://m.blog.naver.com/colajjin
하나액자,0.0,0건,리뷰 0,부산 사상구 새벽로202번길 33,(지번) 괘법동 556-17,연락처 없음,
세,0.0,0건,리뷰 0,부산 동래구 동래로148번길 22 1층,(지번) 복천동 286-9,070-8624-9872,http://blog.naver.com/frameh
대한,0.0,0건,리뷰 0,부산 사상구 낙동대로1348번길 45,(지번) 삼락동 388-18,051-304-0203,
퀼트나라,0.0,0건,리뷰 0,부산 동래구 사직북로28번길 42,(지번) 사직동 50-13,연락처 없음,
도예공방 토화수,0.0,0건,리뷰 0,부산 기장군 장안읍 신리길 93,(지번) 장안읍 오리 600-1,051-727-7329,
,"D 동서액자 액자,표구",0.0,0건,리뷰 0,(지번) 장안읍 오리 600-1,051-727-7329,
예모갤러리,4.0,2건,리뷰 0,부산 영도구 태종로 329-1,(지번) 청학동 222-57,연락처 없음,
서울민예사,0.0,0건,리뷰 0,부산 중구 중구로30번길 10,(지번) 신창동3가 24-3,051-244-1004,
김석훈,5.0,8건,리뷰 0,부산 남구 용소로21번길 3 3층,(지번) 대연동 60-46,연락처 없음,https://ad0666.blog.me/
예작캘리그라피공방,0.0,0건,리뷰 0,부산 연제구 월드컵대로 343,(지번) 거제동 1288,010-3945-7624,
그림틀,0.0,0건,리뷰 0,부산 연제구 연수로 234,(지번) 연산동 1805-13,051-865-8712,http://www.glimtl.com/
미림화랑표구사,0.0,0건,리뷰 0,부산 북구 만덕대로 164-1,(지번) 덕천동 393-21,051-335-4900,
갤러,0.0,0건,리뷰 0,부산 해운대구 달맞이길117번나길 159 한경하이츠빌 1동 101호,(지번) 중동 1477-17,051-747-5257,
가죽공방 갖바치김,0.0,0건,리뷰 0,부산 중구 용두산길 6 1층,(지번) 대청동2가 28-7,051-747-5257,https://www.instagram.com/capaci_kim
유럽풍십자수 드윈다대점,0.0,0건,리뷰 0,부산 사하구 다대로429번길 15 양덕상가 217호,(지번) 다대2동 35,051-264-9859,
청,0.0,0건,리뷰 1,부산 동구 진시장로 24,(지번) 범일동 635-1,051-634-6542,
솝두주르,0.0,0건,리뷰 3,부산 부산진구 전포대로186번길 48 1층,(지번) 전포동 354-5,연락처 없음,https://www.instagram.com/soap_365
화림요,0.0,0건,리뷰 0,부산 기장군 기장읍 내리 792,(지번) 전포동 354-5,연락처 없음,
수갤러리,0.0,0건,리뷰 0,부산 연제구 쌍미천로 76,(지번) 연산동 1776-4,051-853-1579,
통영칠기공,0.0,0건,리뷰 0,부산 동구 자성로 12,(지번) 좌천동 166-1,051-853-1579,http://blog.naver.com/chingu4225
황금컴퓨터자수,0.0,0건,리뷰 0,부산 사상구 사상로433번길 23,(지번) 모라동 715-23,연락처 없음,
네모샷시액자,0.0,0건,리뷰 0,부산 기장군 기장읍 차성로253번길 33,(지번) 기장읍 대라리 1046,051-722-9330,
십자수마트 2호점,0.0,0건,리뷰 0,부산 동구 초량중로 92-2,(지번) 초량동 144-3,연락처 없음,
예담한지공예,5.0,1건,리뷰 0,부산 해운대구 좌동순환로 237,(지번) 좌동 1429-6,연락처 없음,
홈패션공방,0.0,0건,리뷰 0,부산 동래구 온천천로471번길 10,(지번) 안락동 1258,연락처 없음,
부산판넬액자,0.0,0건,리뷰 0,부산 중구 대청로 121,(지번) 대청동1가 36-14,051-466-5059,
김진태도예공방,0.0,0건,리뷰 0,부산 수영구 호암로 33,(지번) 광안동 731-2,051-754-7304,
,0.0,0건,리뷰 0,부산 중구 백산길 10-1,(지번) 동광동3가 28-1,051-245-9198,
구름나무,0.0,0건,리뷰 0,부산 부산진구 전포대로256번길 15,(지번) 전포동 192-8,연락처 없음,
원데이원어클락,5.0,2건,리뷰 3,부산 부산진구 전포대로176번길 16,(지번) 전포동 361-10,연락처 없음,https://www.instagram.com/1day1oclock/
,0.0,0건,리뷰 0,부산 사하구 윤공단로 104,(지번) 다대동 931-2,051-463-6455,
다담도예,0.0,0건,리뷰 0,부산 사상구 동주로 27 제이빌 1층,(지번) 주례동 549-1,070-8285-0127,http://blog.naver.com/ckdhktlrtk0516
크레센트,0.0,0건,리뷰 0,부산 금정구 기찰로96번길 3-3,(지번) 부곡동 200-70,연락처 없음,http://blog.naver.com/c-rescent
두드림,0.0,0건,리뷰 6,부산 남구 수영로 261 후문상가 303호,(지번) 대연동 1903,051-612-3181,
동양컴퓨터자수,0.0,0건,리뷰 0,부산 동구 자성공원로 20,(지번) 범일동 584-7,051-631-9827,
,D 예림당 골동품,0.0,0건,리뷰 0,(지번) 범일동 584-7,051-631-9827,
솔잎향기,0.0,0건,리뷰 1,부산 금정구 학산로13번길 22,(지번) 남산동 116-20,연락처 없음,
까레,5.0,3건,리뷰 1,부산 부산진구 서전로58번길 33 1층,(지번) 전포동 306-18,0507-1475-8789,http://instagram.com/carre_kr
어스도자기공방,0.0,0건,리뷰 0,부산 동래구 온천천로 7-2,(지번) 명륜동 2-7,연락처 없음,
꽃내음공방,0.0,0건,리뷰 4,부산 금정구 금강로541번길 14,(지번) 구서동 735-8,연락처 없음,
이용기목조형연,0.0,0건,리뷰 0,부산 금정구 금샘로 30-1,(지번) 장전동 503-7,051-205-1603,https://www.instagram.com/art_space_lee/
은가람,0.0,0건,리뷰 0,부산 연제구 안연로8번길 45,(지번) 연산동 397-60,051-637-4710,
팔금산,0.0,0건,리뷰 0,부산 동래구 충렬대로107번길 104,(지번) 온천동 782-40,051-552-8038,http://www.8038.co.kr/
업가죽공방,0.0,0건,리뷰 0,부산 사하구 윤공단로17번길 122,(지번) 다대동 949-2,010-4556-1327,
바람난털실,0.0,0건,리뷰 0,부산 사상구 가야대로 405 2층,(지번) 주례동 52-11,연락처 없음,http://lamaz.itpage.kr/
아씨손뜨개,0.0,0건,리뷰 0,부산 금정구 구서로 12,(지번) 구서동 87-9,051-516-5107,
덕유조각,0.0,0건,리뷰 0,부산 사상구 가야대로196번길 68,(지번) 학장동 279-15,051-893-4855,
채윤뜨개,0.0,0건,리뷰 0,부산 북구 화명신도시로 115 성문타워 2층 202호,(지번) 화명동 2275-6,051-361-5567,
다올소잉카페,0.0,0건,리뷰 0,부산 사상구 백양대로506번길 5,(지번) 주례동 966-1,051-911-8207,
늘솜캘리그라피,0.0,0건,리뷰 0,부산 사하구 윤공단로14번길 90 1층,(지번) 다대동 933-10,연락처 없음,https://blog.naver.com/younghun1127
,"D 박명희옻칠스튜디오 미술,공예",0.0,0건,리뷰 0,(지번) 다대동 933-10,연락처 없음,https://blog.naver.com/yesorapk
금정,0.0,0건,리뷰 0,부산 기장군 기장읍 동뫼길 25,(지번) 기장읍 청강리 523-8,051-721-1148,http://smartstore.naver.com/gjpark
일호공예,0.0,0건,리뷰 0,부산 동구 고관로 167-1,(지번) 좌천동 673-5,051-632-7285,
반지마을 광안점,0.0,0건,리뷰 0,부산 수영구 광안해변로 193 티파니타워 7층,(지번) 광안동 197-18,연락처 없음,http://xn--3e0b97uzwb5wtl1ag0f.com/
목화,0.0,0건,리뷰 0,부산 부산진구 중앙대로 888,(지번) 양정동 363-12,연락처 없음,
전숙녀뜨개,0.0,0건,리뷰 0,부산 연제구 쌍미천로135번길 38,(지번) 연산동 637-24,연락처 없음,http://www.jeonsuknyu.com/
꽃분이토우공방,0.0,0건,리뷰 10,부산 동래구 온천동 44-48,(지번) 연산동 637-24,연락처 없음,
백조표구사,0.0,0건,리뷰 0,부산 부산진구 동평로 409,(지번) 양정동 406-4,051-864-9154,
블루안공작소,0.0,0건,리뷰 4,부산 기장군 정관읍 가동1길 23-5 행복담 1층,(지번) 정관읍 용수리 1295-9,051-864-9154,https://blog.naver.com/jcan0348
공방김선생,0.0,0건,리뷰 0,부산 동구 진시장로20번길 60 패션비즈스퀘어 203호,(지번) 범일동 252-1785,051-864-9154,https://blog.naver.com/heang13
산목아트,5.0,1건,리뷰 0,부산 해운대구 좌동순환로 23,(지번) 좌동 1352-5,051-747-0970,
망미목기 골동품전,0.0,0건,리뷰 0,부산 수영구 연수로 308,(지번) 망미동 803-5,010-4556-1642,
부산화랑표구사,0.0,0건,리뷰 0,부산 부산진구 동평로127번길 46,(지번) 부암동 364-4,연락처 없음,
백년,0.0,0건,리뷰 0,부산 금정구 금강로 287,(지번) 장전동 388-26,051-516-7474,http://www.jegikorea.com/
찰리의,0.0,0건,리뷰 0,부산 사하구 낙동대로 512,(지번) 하단동 506-15,연락처 없음,
,D 갤러리 시선 화랑,0.0,0건,리뷰 0,(지번) 하단동 506-15,연락처 없음,
진명로,0.0,0건,리뷰 0,부산 남구 자유평화로57번길 33-1,(지번) 문현동 786-15,051-646-4905,
