공방이름,평균별점,별점건수,리뷰건수,주소,지번주소,연락처,홈페이지
서울공방,0.0,0건,리뷰 0,서울 광진구 자양로 189,(지번) 구의동 253-12,02-444-0234,
서울공방,0.0,0건,리뷰 0,서울 서대문구 세무서1길 50,(지번) 홍제동 304-102,연락처 없음,http://blog.naver.com/suacandle
탄탄면공방 서울숲점,3.5,2건,리뷰 14,서울 성동구 왕십리로 50 성수메가박스 사옥 2층,(지번) 성수동1가 656-335,연락처 없음,http://www.tantanmyun.co.kr/
비전화공방서울,0.0,0건,리뷰 0,서울 은평구 통일로 684 서울혁신파크 21동 1층,(지번) 녹번동 7,02-6365-6837,http://noplug.kr/
참치공방 강,2.5,26건,리뷰 54,서울 강남구 강남대로78길 18 2층,(지번) 역삼동 831-27,02-6365-6837,https://www.facebook.com/Tunaworkshop.gangnam
참치공방 종,3.0,67건,리뷰 74,서울 종로구 종로9길 8,(지번) 인사동 263,02-6365-6837,
참치공방 시청,2.6,9건,리뷰 52,서울 중구 세종대로 64 해남빌딩 1층,(지번) 북창동 21,02-6365-6837,
면역공방 블,0.0,0건,리뷰 5,서울 강남구 언주로135길 15 JK빌딩 지하 1층,(지번) 논현동 83-15,02-6365-6837,http://www.dynamicplan.co.kr/base_2/company/event.php
통인동커피공방,4.2,77건,리뷰 39,서울 종로구 자하문로 41-1,(지번) 통인동 118-3,02-6365-6837,http://blog.naver.com/coffeenalda
참치공방 선,3.6,9건,리뷰 68,서울 강남구 삼성로85길 39 가리온빌딩 2층,(지번) 대치동 895-1,02-6365-6837,
마라공방 ,3.7,3건,리뷰 53,서울 강남구 봉은사로30길 68 1층,(지번) 역삼동 668-10,02-6365-6837,https://ts025386677.modoo.at/
참치공방 을지,2.3,16건,리뷰 43,서울 중구 남대문로 112 2~3층,(지번) 남대문로1가 22-10,02-738-3700,
도삭면공,4.4,20건,리뷰 49,서울 송파구 백제고분로7길 8-12,(지번) 잠실동 195-10,02-738-3700,
시간공방 종로,3.5,8건,리뷰 1,서울 종로구 우정국로2길 21 대왕빌딩 6층,(지번) 관철동 45-1,02-736-9333,http://timespace9333.modoo.at/
정육공방,3.7,3건,리뷰 24,서울 강남구 도산대로30길 24,(지번) 논현동 66-34,02-736-9333,https://www.instagram.com/jung_yook_gong_bang/?hl=ko
한우공방,3.3,4건,리뷰 57,서울 종로구 종로9길 8 1층,(지번) 인사동 263,02-736-9333,
탄탄면공방 홍대본,3.8,61건,리뷰 94,서울 마포구 잔다리로6길 25 재륜빌딩 지하1층,(지번) 서교동 369-10,02-736-9333,http://www.tantanmyun.co.kr/
카츠공방 ,3.9,9건,리뷰 77,서울 서초구 반포대로30길 53 1층,(지번) 서초동 1572-15,02-736-9333,https://www.instagram.com/katsukongbang
백미,3.3,10건,리뷰 31,서울 강남구 언주로149길 8,(지번) 논현동 62-24,02-736-9333,http://1964baekmidang.com/
고기공방,4.4,16건,리뷰 63,서울 종로구 대명1길 16-17,(지번) 명륜4가 64-5,02-736-9333,https://www.instagram.com/meat_atelier/
마,2.7,19건,리뷰 158,서울 종로구 우정국로 38-1 2층,(지번) 견지동 109,02-736-9333,
팔레,4.5,4건,리뷰 9,서울 종로구 자하문로10길 30,(지번) 통의동 6,02-730-7707,
참치,2.6,19건,리뷰 51,tv소개,(지번) 통의동 6,02-730-7707,
히노키,4.0,79건,리뷰 55,서울 마포구 신촌로14안길 3 1층,(지번) 노고산동 56-18,02-730-7707,http://blog.naver.com/hinokichef
탄탄면공방 강남,3.8,33건,리뷰 61,서울 강남구 테헤란로4길 40 신소애빌딩 1층,(지번) 역삼동 826-36,02-730-7707,http://www.tantanmyun.co.kr/
마라공방 교대,4.5,6건,리뷰 79,서울 서초구 반포대로28길 54 1층,(지번) 서초동 1557-16,02-730-7707,
치킨공방 ,3.3,3건,리뷰 22,tv소개,(지번) 서초동 1557-16,02-730-7707,
시간공방 신촌점 스터디카,3.8,4건,리뷰 1,서울 서대문구 연세로5가길 1 6층,(지번) 창천동 57-8,02-334-0705,http://timespace.modoo.at/
마라공방 잠실,1.8,4건,리뷰 66,"서울 송파구 올림픽로8길 20 잠실아이파크 1층 A109,A110호",(지번) 잠실동 194,02-334-0705,
포트링공방,0.0,0건,리뷰 63,서울 마포구 월드컵북로6길 57-6,(지번) 연남동 568-28,연락처 없음,https://www.instagram.com/pottring
마,2.4,12건,리뷰 102,"서울 종로구 종로 19 르메이에르종로타운1 1층 111-2,112-1호",(지번) 청진동 146,연락처 없음,
가죽공방 헤비츠 성수 팩토,5.0,1건,리뷰 13,서울 성동구 아차산로 15-8 1층,(지번) 성수동1가 656-1112,연락처 없음,https://hevitz.com/
수제화공방 인준,0.0,0건,리뷰 0,서울 마포구 월드컵북로 52-4 지층,(지번) 연남동 487-394,010-5759-9137,http://injune.kr/
하람공방,3.5,4건,리뷰 4,서울 성동구 연무장길 30,(지번) 성수동2가 310-55,070-4114-1446,http://9duu.modoo.at/
새우공방,4.4,7건,리뷰 75,tv소개,(지번) 성수동2가 310-55,070-4114-1446,
마라공방 홍대입구역,3.0,24건,리뷰 144,서울 마포구 양화로18길 12 2층,(지번) 동교동 164-1,070-4114-1446,
청년공방,5.0,3건,리뷰 52,서울 마포구 동교로 239 3층,(지번) 연남동 259-10,010-4622-7606,http://www.isntagram.com/aboutmod7606
마라공방 문정,4.0,4건,리뷰 57,서울 송파구 송파대로 167 문정역테라타워1 B동 지하1층 G152호,(지번) 문정동 333-7,010-4622-7606,
가죽공방헤비츠,5.0,1건,리뷰 5,서울 성북구 고려대로7길 46 1층,(지번) 안암동1가 105-5,010-4622-7606,http://www.hevitz.com/
서울여성공예센터 더아리움,3.0,6건,리뷰 14,서울 노원구 동일로174길 27,(지번) 공릉동 622,02-948-1188,http://www.seoulcraftcenter.kr/
마라공,3.0,8건,리뷰 69,서울 중구 퇴계로 18 3층,(지번) 남대문로5가 526,02-948-1188,
로얄면역공방사우나 목,3.3,9건,리뷰 0,서울 영등포구 국제금융로 78,(지번) 여의도동 43-3,02-780-5709,
섬맛의공방 파크하비,2.7,15건,리뷰 29,서울 송파구 송파대로 111 호텔파크하비오 1층,(지번) 문정동 618,02-780-5709,
마라공,1.6,5건,리뷰 65,서울 중구 세종대로21길 55,(지번) 태평로1가 76-1,02-780-5709,
마라공방 노,3.1,20건,리뷰 92,서울 동작구 노량진로16길 8 1층,(지번) 노량진동 100-2,02-780-5709,
탄탄면공방 문정역,2.7,3건,리뷰 53,서울 송파구 법원로8길 13 문정헤리움써밋타워 1층 109호,(지번) 문정동 326-1,02-780-5709,http://www.tantanmyun.co.kr/
아이홉맥주공방 호,5.0,3건,리뷰 22,서울 송파구 백제고분로 243 삼전빌딩 지하1층,(지번) 삼전동 101-4,02-780-5709,https://www.instagram.com/ihopbeer
안주공방 호,4.2,5건,리뷰 15,서울 강서구 국회대로 85-41 1층,(지번) 화곡동 911-2,02-780-5709,
서,5.0,1건,리뷰 1,서울 광진구 자양로 179,(지번) 구의동 254-86,02-780-5709,
케익공방 제,3.0,17건,리뷰 6,서울 서초구 서초대로73길 42 리가스퀘어 1411호,(지번) 서초동 1308-26,02-780-5709,http://cakegongbang.modoo.at/
떡볶이공방 논,4.4,7건,리뷰 14,서울 강남구 강남대로122길 10 1층 101-2호,(지번) 논현동 166,02-511-6632,
"창작공방문예창작학원 글쓰기,",5.0,1건,리뷰 1,서울 서초구 방배중앙로21길 46,(지번) 방배동 784-17,연락처 없음,
마,1.6,7건,리뷰 46,"서울 영등포구 국회대로72길 17 KCC파크타운 201,210,211호",(지번) 여의도동 13-22,연락처 없음,
탄탄면공방 마곡,3.9,14건,리뷰 56,서울 강서구 공항대로 269-15 힐스테이트에코마곡 1층 123호,(지번) 마곡동 727-1206,연락처 없음,http://www.tantanmyun.com/
자전거공방 륜 자,4.6,10건,리뷰 1,서울 동작구 동작대로9가길 18-1 1층,(지번) 사당동 1028-25,070-4001-8607,http://blog.naver.com/r_yoongoon
엔젤공방 허브센,0.0,0건,리뷰 3,서울 강동구 성안로 108,(지번) 성내동 382-15,070-4001-8607,https://blog.naver.com/gdangelhub
면공방미카 ,2.3,3건,리뷰 22,서울 강남구 삼성로81길 23 1층,(지번) 대치동 901-65,연락처 없음,
마라공방 서울대입,2.3,6건,리뷰 51,서울 관악구 봉천로 473 2층,(지번) 봉천동 859-34,연락처 없음,
탄탄면공방 명동점,4.2,9건,리뷰 10,서울 중구 명동7길 21 명동아르누보센텀 1층 120호,(지번) 을지로2가 199-40,연락처 없음,http://www.tantanmyun.co.kr/
탄탄면공방 건대,4.6,10건,리뷰 19,서울 광진구 능동로 139 2층,(지번) 화양동 3-25,연락처 없음,http://tantanmyun.co.kr/
건축공방,5.0,1건,리뷰 0,서울 서대문구 연희로 193-8,(지번) 연희동 77-2,02-542-3947,https://www.archiworkshop.kr/
카베하네커,4.2,9건,리뷰 6,서울 강남구 언주로173길 15 1층,(지번) 신사동 619-2,02-3443-3483,
핸드메이드 가구공방 ,0.0,0건,리뷰 1,서울 마포구 망원로3길 38 1층,(지번) 망원동 432-28,02-3443-3483,http://blog.naver.com/theone18
마라공방 남대문직영,2.4,5건,리뷰 45,서울 중구 남대문로 40 1층,(지번) 회현동1가 202-24,02-3443-3483,
빚다도예공방 홍대점 도,0.0,0건,리뷰 12,서울 마포구 와우산로 32 지하 1층,(지번) 상수동 329-6,02-3443-3483,http://www.bitda.net/
사,5.0,5건,리뷰 4,서울 동대문구 회기로19길 12 지하 1층,(지번) 회기동 16-23,연락처 없음,
생활도예공방 도,0.0,0건,리뷰 0,서울 양천구 목동중앙서로6길 20-5,(지번) 목동 805-17,연락처 없음,
메,3.5,31건,리뷰 66,서울 용산구 한강대로23길 55 용산아이파크몰 7층,(지번) 한강로3가 40-999,연락처 없음,http://xn--ob0bo7wyibze.com/
상상공방,5.0,1건,리뷰 20,서울 송파구 가락로11길 17 지하1층,(지번) 석촌동 261-8,010-2559-8150,https://www.instagram.com/sangsang_ceramicstudio
면역공방 방배아트,0.0,0건,리뷰 0,서울 서초구 명달로9길 57 방배아트자이 104동 지하1층,(지번) 방배동 3278,02-3487-2428,http://myunyeokgongbang.co.kr/
증가로커,5.0,10건,리뷰 9,서울 서대문구 증가로10길 36-55,(지번) 남가좌동 325-23,02-3487-2428,http://blog.naver.com/kkwcrm
제면공방 ,3.4,10건,리뷰 12,서울 은평구 은평로8길 29 1층,(지번) 응암동 116-24,02-3487-2428,
크레아토도자기공방,0.0,0건,리뷰 1,서울 서초구 방배로16길 11-11 지하,(지번) 방배동 905-10,070-8623-2409,http://blog.naver.com/designstudiok
오붓 도예공방,0.0,0건,리뷰 6,서울 동대문구 고산자로 488 3층,(지번) 제기동 798,010-8691-7396,http://instagram.com/oboot_ceramic
그아저씨공방,5.0,1건,리뷰 22,서울 성동구 무학봉15길 27,(지번) 하왕십리동 946-5,070-4184-3461,
무진공,0.0,0건,리뷰 116,서울 광진구 자양로26길 20 1층 101호,(지번) 구의동 251-140,02-6408-9177,
구름공방 합정역점 호,4.2,6건,리뷰 15,서울 마포구 독막로3길 8 2층,(지번) 합정동 412-19,02-335-4679,http://www.gurumcraft.co.kr/
하스초콜릿 ,0.0,0건,리뷰 13,서울 강남구 삼성로103길 19,(지번) 삼성동 125-2,02-335-4679,http://haaschocolate.com/
소호공방 ,0.0,0건,리뷰 0,서울 강남구 강남대로 320 황하빌딩 10층,(지번) 역삼동 832-7,050-5555-1566,http://storefarm.naver.com/sohocafe
이비그가죽공방,5.0,2건,리뷰 104,서울 금천구 시흥대로153길 72 1층,(지번) 가산동 151-9,050-5555-1566,https://blog.naver.com/evighet8
타다도자기공방,0.0,0건,리뷰 1,서울 마포구 동교로50길 11 3층,(지번) 연남동 224-6,연락처 없음,https://www.instagram.com/tada_ceramic/
공방301 ,0.0,0건,리뷰 18,서울 종로구 창경궁로 138,(지번) 원남동 80-2,02-6052-0252,http://www.gongbang301.com/
"사진공방TOOK 사진관,",5.0,4건,리뷰 2,서울 송파구 동남로 113 3층,(지번) 가락동 107-15,02-3402-0985,http://tookphotography.com/
바비가죽공방,5.0,1건,리뷰 12,서울 은평구 연서로 98-1 경동빌딩 2층,(지번) 역촌동 8-38,02-3402-0985,http://blog.naver.com/ahhyeon_sea
장봉덕공방 제,5.0,9건,리뷰 7,서울 금천구 시흥대로50길 34,(지번) 시흥동 901-27,연락처 없음,
빛담은공방 ,5.0,3건,리뷰 3,서울 동대문구 고산자로 469 BH빌딩 2층,(지번) 제기동 944-1,연락처 없음,http://bitdameun.com/
이재철 도예공방,5.0,3건,리뷰 11,서울 광진구 능동로 151 3층,(지번) 화양동 2-44,010-5367-6433,http://www.clayjc.com/
탄탄면공방 서대문역점,4.0,2건,리뷰 7,서울 종로구 평동 233 희궁자이3단지상가동 3140호,(지번) 화양동 2-44,010-5367-6433,http://www.tantanmyun.co.kr/
,0.0,0건,리뷰 0,서울 영등포구 영등포로27길 19,(지번) 당산동1가 186-108,02-2635-3085,http://blog.naver.com/soldiy
JC스파 면역공방 목,3.0,2건,리뷰 10,서울 강남구 남부순환로 2917 청실상가 지하1층,(지번) 대치동 626,02-2635-3085,
메종드베르 스테인드글라스공방,0.0,0건,리뷰 0,서울 영등포구 도림로 437,(지번) 문래동2가 14-23,010-8706-7818,http://instagram.com/maisondeverre_s
야나뜨개공방,0.0,0건,리뷰 0,서울 중구 청계천로 204-1 태양빌딩 4층,(지번) 주교동 30,02-2279-1810,http://www.yarn-a.com/
놀터예술공방 공연,5.0,1건,리뷰 0,서울 성북구 성북로2길 21,(지번) 동소문동1가 48,연락처 없음,
,D 손탁커피공방대열 카페,5.0,2건,리뷰 4,(지번) 동소문동1가 48,연락처 없음,http://cafe.naver.com/sontagcoffee
몽실이네떡공,0.0,0건,리뷰 3,서울 양천구 월정로 163-1 3층,(지번) 신월동 114-5,010-2991-0218,https://blog.naver.com/2hs6630
하루아키 베이킹공방 제,5.0,1건,리뷰 11,서울 관악구 남부순환로 1839 4층,(지번) 봉천동 1666-41,연락처 없음,http://www.haru-aki.com/
소울공방 청담점 ,5.0,1건,리뷰 16,서울 강남구 도산대로102길 14 1층,(지번) 청담동 56-22,02-547-5698,https://soulcrafts.modoo.at/
공방 호,3.7,7건,리뷰 1,"서울 서초구 서래로6길 7 1, 2층",(지번) 반포동 91-6,02-547-5698,http://kabrew.co.kr/
구름공방 수락산점 호,4.0,6건,리뷰 7,서울 노원구 동일로242길 40-1,(지번) 상계동 1120-62,02-936-5089,http://www.gurumcraft.co.kr/
메디치가죽공방,5.0,1건,리뷰 90,서울 성동구 성수일로 10 서울숲ITCT 303호,(지번) 성수동1가 72-8,02-6362-0117,http://blog.naver.com/scuola_medici
존아저씨금속공예공방,0.0,0건,리뷰 0,서울 강동구 상암로 198 305호,(지번) 명일동 346-5,070-8737-0952,http://john316studio.com/
시간공방 스터디카,0.0,0건,리뷰 0,서울 강남구 논현로10길 26,(지번) 개포동 1184-1,02-575-1002,
협동조합사진공방 공간2,0.0,0건,리뷰 2,서울 종로구 자하문로11길 10-4,(지번) 통인동 124,02-395-0291,http://www.space291.com/
희락공방,0.0,0건,리뷰 12,서울 성동구 성덕정길 44 2층,(지번) 성수동1가 225-2,02-462-7913,http://heerak.modoo.at/
준멜리공방,0.0,0건,리뷰 3,서울 종로구 율곡로 185-1,(지번) 연건동 302-28,연락처 없음,https://www.junmely.co.kr/
빚다도예공방 가산본점,5.0,1건,리뷰 0,서울 금천구 디지털로9길 56 코오롱테크노벨리 305호,(지번) 가산동 60-4,연락처 없음,http://www.bitda.net/
Terry Kim 구두공방,5.0,1건,리뷰 0,서울 성동구 성덕정19길 22 1층,(지번) 성수동2가 224-1,연락처 없음,http://www.terrykim-shoemaker.com/
바비공방 을지로,3.3,6건,리뷰 11,서울 중구 을지로5길 26 종각센터원빌딩 지하1층 118호,(지번) 수하동 67,연락처 없음,
불광동커피공방,5.0,6건,리뷰 6,서울 은평구 통일로65길 15,(지번) 대조동 15-102,연락처 없음,http://www.instagram.com/cafemeister
현씨공방 호,2.9,11건,리뷰 15,서울 관악구 관악로16길 42 1층,(지번) 봉천동 1611-1,연락처 없음,
수담떡공,0.0,0건,리뷰 3,서울 강남구 봉은사로 418 조양빌딩 지하1층,(지번) 삼성동 113,02-558-0055,http://www.sdd.or.kr/
도자기공방,0.0,0건,리뷰 0,서울 송파구 송파대로48길 29,(지번) 송파동 33,연락처 없음,
공방백화점,5.0,1건,리뷰 2,서울 종로구 난계로27길 56,(지번) 숭인동 217-10,연락처 없음,http://ykk.or.kr/
주다르예술공방,0.0,0건,리뷰 17,서울 노원구 동일로195길 14-5 아트하우스 1층,(지번) 공릉동 323-33,연락처 없음,https://blog.naver.com/jeudart
다육공방 ,0.0,0건,리뷰 0,서울 성북구 종암로 78,(지번) 종암동 10-78,연락처 없음,
디저트공방 연,5.0,1건,리뷰 5,서울 강동구 성안로 101,(지번) 성내동 384-11,010-7732-5145,https://blog.naver.com/jumeoni
도자기체험공방초이,0.0,0건,리뷰 0,서울 구로구 오류로8길 96,(지번) 오류동 146-4,02-6497-2001,
초밥공,0.0,0건,리뷰 2,서울 성북구 동소문로25길 42,(지번) 동선동5가 100,연락처 없음,
아틀리에 후 가죽공방,0.0,0건,리뷰 0,서울 용산구 후암로 67-2,(지번) 후암동 93,연락처 없음,
유니버살레이저공방 홍,0.0,0건,리뷰 0,서울 마포구 홍익로5안길 53,(지번) 서교동 369-20,연락처 없음,
MM애견공,1.0,1건,리뷰 20,서울 송파구 백제고분로 165,(지번) 잠실동 234-8,02-418-5559,
해리앤가죽공방,0.0,0건,리뷰 1,서울 관악구 봉천로 442 태정빌딩 3층,(지번) 봉천동 884-6,010-9219-7159,https://blog.naver.com/harryanne
미소공,0.0,0건,리뷰 0,서울 구로구 개봉로17라길 50,(지번) 개봉동 303-12,02-2611-8352,http://blog.naver.com/alt0407
,"D 여니공방 미술,공예",0.0,0건,리뷰 1,(지번) 개봉동 303-12,02-2611-8352,http://smartstore.naver.com/yeoni_2017
보라믹공,0.0,0건,리뷰 16,서울 송파구 송이로2길 9-1,(지번) 송파동 102-5,02-2611-8352,
서울숲 군마상,0.0,0건,리뷰 2,서울 성동구 성수동1가 685-20,,연락처 없음,
미니어처공방&카,5.0,3건,리뷰 9,서울 관악구 관악로12길 10 지하1층,(지번) 봉천동 1597-8,연락처 없음,http://blog.naver.com/sspark4596
커피공방 날,5.0,2건,리뷰 4,서울 강동구 천호옛길 31 1층,(지번) 성내동 110-3,연락처 없음,
나무늘보나무,4.0,1건,리뷰 39,서울 영등포구 도림로135길 6,(지번) 문래동2가 14-21,010-2956-0754,https://www.instagram.com/super_neulbo/
명준공방,0.0,0건,리뷰 0,서울 강남구 개포로22길 12,(지번) 개포동 1231-5,연락처 없음,https://www.facebook.com/mjleathercraft
동림매듭,0.0,0건,리뷰 0,서울 종로구 북촌로12길 10,(지번) 가회동 11-7,연락처 없음,http://www.shimyoungmi.com/
비밤도자기공방,0.0,0건,리뷰 2,서울 마포구 동교로 212-16 2층,(지번) 동교동 153-14,연락처 없음,https://www.instagram.com/studio_beebalm/
가든한공방 중곡점 제,0.0,0건,리뷰 10,서울 광진구 용마산로 112 1층,(지번) 중곡동 18-75,연락처 없음,
보목,0.0,0건,리뷰 0,서울 중랑구 망우로 231-8 미영리치타운아파트 103동 상가 102호,(지번) 중화동 207-12,연락처 없음,http://thebomok.modoo.at/
식물공방 ,0.0,0건,리뷰 0,서울 송파구 오금로64길 6,(지번) 거여동 30-19,02-401-7289,
구피,0.0,0건,리뷰 0,서울 노원구 한글비석로48길 25 지하 1층,(지번) 상계동 135-56,연락처 없음,http://psk1552.blog.me/
뉴서울명찰컴퓨터자수,5.0,1건,리뷰 0,경기 고양시 일산서구 중앙로 1371,(지번) 주엽동 81,031-915-0580,
빵사부식빵공방 미아역점 제,1.0,4건,리뷰 5,서울 강북구 도봉로 190 비전빌딩 1층,(지번) 미아동 121-26,070-8823-5322,http://www.sikbanggongbang.com/
,"D 가든한공방 군자본점 제과,베이커리",0.0,0건,리뷰 1,(지번) 미아동 121-26,070-8823-5322,
반지공방960,5.0,2건,리뷰 0,서울 마포구 독막로 69 4층,(지번) 상수동 316-8,070-4219-0960,http://blog.naver.com/silver960
가죽공방 루니에,0.0,0건,리뷰 16,서울 성동구 성수이로7가길 21-17,(지번) 성수동2가 321-93,연락처 없음,http://blog.naver.com/purinane
서울옥,0.0,0건,리뷰 0,서울 강남구 도산대로 317 호림아트센터 4층,(지번) 신사동 651-27,02-514-2505,https://www.auctionblue.com/
빵사부식빵공방 연남점 제,0.0,0건,리뷰 3,서울 마포구 동교로27길 41 1층,(지번) 연남동 568-23,연락처 없음,http://xn--ob0b910amvb56g.kr/
서울아트,1.0,1건,리뷰 0,경기 성남시 분당구 성남대로858번길 14,(지번) 야탑동 527-5,031-707-4789,
아원공방,0.0,0건,리뷰 2,서울 종로구 북촌로5가길 3,(지번) 소격동 143,02-735-3482,
초이스공방,0.0,0건,리뷰 0,서울 영등포구 신길로42길 28,(지번) 신길동 4906-1,070-8262-1601,
오도르 가죽공방,0.0,0건,리뷰 0,서울 종로구 통일로12길 37,(지번) 무악동 46-937,010-2745-7928,
버밀라공방카페,0.0,0건,리뷰 1,서울 마포구 망원로8길 46 202호,(지번) 망원동 403-20,070-7574-9053,http://bumilla.com/
연분홍공방,0.0,0건,리뷰 7,서울 강남구 선릉로64길 15-15 에덴하우스 지하1층 101호,(지번) 대치동 923-35,연락처 없음,http://blog.naver.com/lovepinkyeon
미니미니공방 자,5.0,1건,리뷰 0,서울 성동구 성수일로6길 7-1,(지번) 성수동2가 301-98,연락처 없음,http://www.instagram.com/minix2labs
고씨네만두공방 ,0.0,0건,리뷰 6,서울 양천구 오목로 233 1층,(지번) 신정동 902-10,02-2693-5557,
빚다도예공방 강동점,5.0,2건,리뷰 4,서울 강동구 양재대로124길 91,(지번) 길동 78,070-8690-0361,http://www.bitda.net/
라니공방 도,0.0,0건,리뷰 0,서울 강동구 명일로 375 삼익그린아파트상가 3층,(지번) 명일동 15,02-427-0788,http://blog.naver.com/wngma001
,"D 제이로시뜨개공방 수예,자수",0.0,0건,리뷰 0,(지번) 명일동 15,02-427-0788,
언플러그드 가,0.0,0건,리뷰 0,서울 강북구 월계로37길 143 지하1층,(지번) 번동 269-3,010-2804-7714,http://unplugged.co.kr/
2막 커,5.0,5건,리뷰 0,서울 마포구 잔다리로7길 38 1층,(지번) 서교동 377-7,010-2804-7714,http://www.facebook.com/coffee2mak
준에이치 금속공예공방,0.0,1건,리뷰 0,서울 서대문구 연희맛로 17-18 1층,(지번) 연희동 130-13,070-7504-0773,https://junh.kr/
가죽공방 레더문,3.7,3건,리뷰 0,서울 영등포구 당산로 8,(지번) 문래동3가 58-92,연락처 없음,https://blog.naver.com/zerorikax
소울공방 ,5.0,1건,리뷰 2,서울 종로구 돈화문로 66-1 1층,(지번) 와룡동 63-1,02-547-5698,http://soulcrafts.modoo.at/
이연공방,5.0,1건,리뷰 1,서울 용산구 녹사평대로26가길 8,(지번) 이태원동 79-42,02-794-1214,
NO.7글러브공방,0.0,0건,리뷰 0,서울 마포구 신촌로2안길 48 지하 1층,(지번) 동교동 177-9,02-3142-7707,
24시 스터디카페 공부공,5.0,3건,리뷰 1,서울 성북구 고려대로 104-1 3층,(지번) 안암동5가 58-3,연락처 없음,
색실문양누비공방 개방화,0.0,0건,리뷰 0,서울 종로구 북촌로12길 17,(지번) 가회동 11-103,연락처 없음,
땜통도자기공방,0.0,0건,리뷰 0,서울 강남구 도산대로23길 7,(지번) 신사동 561-35,02-3274-0848,
구름공방 마곡점 호,5.0,2건,리뷰 5,서울 강서구 마곡서1로 115-1 마곡헤리움 1차 118호,(지번) 마곡동 731-129,02-3274-0848,http://www.gurumcraft.co.kr/
생활인도자기공방,5.0,1건,리뷰 0,서울 송파구 문정로 195,(지번) 오금동 160,010-2711-7903,
가죽공방한울,0.0,0건,리뷰 0,서울 동대문구 난계로 238 세양빌딩 2층,(지번) 신설동 114-25,02-2207-5464,http://www.xn--3o5bt1y.net/
스티치스가죽공방,0.0,0건,리뷰 17,서울 금천구 벚꽃로 244 벼산디지털밸리 5차 6층 606-4호,(지번) 가산동 60-73,010-4210-1618,https://blog.naver.com/stitches87
,D 우공공방 가구,5.0,4건,리뷰 0,(지번) 가산동 60-73,010-4210-1618,http://redghetto.blog.me/
가죽공방 라비무드,0.0,0건,리뷰 3,서울 영등포구 도림로 481 2층,(지번) 문래동4가 8-6,010-4210-1618,http://www.laviemude.info/
꽃과공방 ,0.0,0건,리뷰 0,서울 도봉구 해등로16길 66,(지번) 창동 268-6,02-457-9319,
향기나무가구공,0.0,0건,리뷰 0,서울 강서구 까치산로 161,(지번) 화곡동 1121-20,02-2605-4124,
서울,0.0,0건,리뷰 0,광주 북구 서방로 45,(지번) 중흥동 269-14,062-267-7979,
수정공방 ,0.0,0건,리뷰 0,서울 종로구 인사동길 19-2,(지번) 인사동 168,02-737-2054,
잇녀 가죽공방,0.0,0건,리뷰 1,서울 서초구 마방로10길 54-24 1층,(지번) 양재동 271-15,연락처 없음,http://best08itg.hubweb.net/
동백꽃공,0.0,0건,리뷰 12,서울 종로구 동숭1길 12 지하1층,(지번) 동숭동 129-164,연락처 없음,http://blog.naver.com/camellia_ss
가구공방 호큰공방,0.0,0건,리뷰 1,서울 동작구 여의대방로22길 112 지하1층,(지번) 신대방동 357-4,연락처 없음,https://smartstore.naver.com/hoaken
예그리나도예공방 도,0.0,0건,리뷰 0,서울 강동구 동남로81길 54,(지번) 고덕동 643-3,연락처 없음,
,3.4,5건,리뷰 5,서울 성동구 성수일로10길 26,(지번) 성수동2가 284-62,연락처 없음,
빵사부식빵공방 당고개점 제,0.0,0건,리뷰 2,서울 노원구 상계로 305 28호,(지번) 상계동 111,연락처 없음,http://sikbang.cafe24.com/
부암 도자기 공방 자루,5.0,1건,리뷰 0,서울 종로구 자하문로42길 51,(지번) 신영동 156-1,연락처 없음,https://www.instagram.com/buam00/
르샹스 케익공방,5.0,1건,리뷰 1,서울 마포구 와우산로11길 9-7,(지번) 상수동 93-113,연락처 없음,http://www.lechance7.com/
스시공,4.9,8건,리뷰 1,서울 관악구 남부순환로231길 9,(지번) 봉천동 1670-4,연락처 없음,http://instagram.com/sushi_231_9
강남도자기공방 동화담 ,1.0,2건,리뷰 5,서울 강남구 논현로36길 14,(지번) 도곡동 413-3,연락처 없음,
아이소피카 가죽공방,0.0,0건,리뷰 1,서울 서초구 방배천로4안길 52 1층,(지번) 방배동 454-1,연락처 없음,http://blog.naver.com/aesopica
피오니에떡공,0.0,0건,리뷰 77,서울 영등포구 영신로 237 당산롯데캐슬프레스티지상가 202호,(지번) 당산동4가 99,연락처 없음,https://linktr.ee/peonie
빚다도예공방성북점,0.0,0건,리뷰 4,서울 성북구 도봉로3길 9-3,(지번) 길음동 489-40,070-4696-9854,
이라디에 가죽공방,0.0,0건,리뷰 0,서울 동작구 신대방7길 14 지하1층,(지번) 신대방동 690-25,010-8827-6376,https://blog.naver.com/lovekind7
금미공방 ,5.0,4건,리뷰 0,서울 송파구 석촌호수로 152 광원빌딩 1층,(지번) 삼전동 22-9,02-422-8784,
메이앤공,5.0,1건,리뷰 0,서울 마포구 월드컵북로38길 45,(지번) 중동 48-21,02-307-2022,http://mayn.kr/
아피스가죽공방,0.0,0건,리뷰 5,서울 강동구 천중로51길 48 지하,(지번) 길동 330-1,02-307-2022,http://blog.naver.com/apis-leather
담쟁이공,0.0,0건,리뷰 0,서울 동대문구 외대역동로 127,(지번) 이문동 116-5,02-969-4489,
태일공방,0.0,0건,리뷰 0,서울 광진구 영화사로 59 지하1층,(지번) 중곡동 107-43,02-969-4489,https://taeilwoodwork.modoo.at/
희희네공방,0.0,0건,리뷰 0,서울 송파구 오금로53길 41,(지번) 거여동 135-11,02-969-4489,https://smartstore.naver.com/heehee_gb
자전거공방 두부공 자,0.0,0건,리뷰 0,서울 마포구 와우산로3길 50,(지번) 당인동 25-22,연락처 없음,
가죽공방커플피그,5.0,9건,리뷰 0,서울 종로구 자하문로 64,(지번) 효자동 27,010-4663-0513,http://couplepig.com/
하모니코가죽공방,0.0,0건,리뷰 2,서울 강동구 진황도로49길 41 지하1층,(지번) 길동 229,연락처 없음,http://blog.naver.com/harmonyco
다옴컴퓨터공방,0.0,0건,리뷰 0,서울 노원구 노원로16길 82 중계9단지주공아파트 정문상가 1층 106호,(지번) 하계동 256,연락처 없음,https://blog.naver.com/daomt
반지공방만들래 대학로,3.7,3건,리뷰 3,서울 종로구 대학로8가길 111 마로니에빌딩 5층,(지번) 동숭동 1-100,02-766-5557,http://www.makingring.co.kr/
료마공방 ,0.0,0건,리뷰 0,서울 영등포구 양산로 202,(지번) 영등포동5가 45-1,010-2948-5019,https://blog.naver.com/diarings
미각그림공,0.0,0건,리뷰 20,서울 용산구 청파로47길 16 201호,(지번) 청파동2가 90-20,02-795-3427,http://migac777.modoo.at/
카,5.0,9건,리뷰 25,서울 강동구 풍성로35길 31 101호,(지번) 성내동 130-1,02-795-3427,http://www.instagram.com/cafe_0Bang
JD공방,0.0,0건,리뷰 0,서울 서대문구 모래내로 344-15,(지번) 홍은동 274-28,010-7278-8787,https://blog.naver.com/kjd3197
쌈지길체험공방,0.0,0건,리뷰 6,서울 종로구 인사동길 44 지하1층,(지번) 관훈동 38,연락처 없음,
한슬가죽공방,0.0,0건,리뷰 18,서울 송파구 송파대로48길 3 1층 102호,(지번) 송파동 8-4,연락처 없음,https://blog.naver.com/seulvely5959
하오나공방 제,0.0,0건,리뷰 0,서울 영등포구 선유로55길 20-1,(지번) 양평동4가 321-4,연락처 없음,
아원공방 인사동점,5.0,1건,리뷰 0,서울 종로구 인사동길 44,(지번) 관훈동 38,02-734-3482,
삼박자 만화공방,0.0,0건,리뷰 2,서울 중구 퇴계로20길 42 2층,(지번) 남산동2가 26-1,02-734-3482,https://www.facebook.com/Sambakza.net
훌리오공방,5.0,1건,리뷰 0,서울 서대문구 증가로 108 지하1층,(지번) 남가좌동 339-28,연락처 없음,
빠또롱베이킹공방 제,5.0,9건,리뷰 1,서울 송파구 백제고분로31길 17 301호,(지번) 삼전동 116-12,연락처 없음,https://www.instagram.com/patorong/
시,0.0,0건,리뷰 0,서울 중구 충무로 43-2,(지번) 초동 19-1,02-2273-8889,
뻐꾸기공,0.0,0건,리뷰 0,서울 종로구 낙산길 22,(지번) 동숭동 129-140,연락처 없음,https://www.instagram.com/ppokkugi
아라리도예공방,0.0,0건,리뷰 4,서울 성북구 정릉로36길 18,(지번) 정릉동 14-37,02-6406-9595,http://blog.naver.com/jinny9663
,D 서울대학교미술대학 구내화방 화방,4.0,2건,리뷰 0,(지번) 정릉동 14-37,02-6406-9595,
제니바니향,0.0,0건,리뷰 0,서울 용산구 녹사평대로26가길 5,(지번) 이태원동 87-2,연락처 없음,http://blog.naver.com/hyejee28
애채나무,0.0,0건,리뷰 0,서울 동대문구 답십리로69길 49,(지번) 장안동 324-9,연락처 없음,
면역공방티켓몰 목,0.0,0건,리뷰 0,서울 중구 퇴계로20길 2 지하2층,(지번) 남산동2가 31-1,02-544-1191,http://www.myunyeokgongbang.com/
안지가죽공방,0.0,0건,리뷰 0,서울 송파구 백제고분로19길 12-23 1층,(지번) 잠실동 247-11,연락처 없음,https://blog.naver.com/anzeeacc
빵사부식빵공방 혜화점 제,5.0,1건,리뷰 1,서울 종로구 대명길 19-2,(지번) 명륜4가 46-1,연락처 없음,http://www.xn--ob0b910amvb56g.kr/
문일,0.0,0건,리뷰 2,서울 노원구 동일로198길 74,(지번) 공릉동 434-7,연락처 없음,
가죽공방뚝딱뚝딱,0.0,0건,리뷰 1,서울 은평구 갈현로3길 23 지하1층,(지번) 신사동 271-2,연락처 없음,https://blog.naver.com/standard22
가구짓,0.0,0건,리뷰 0,서울 중랑구 면목로21길 19 지하1층,(지번) 면목동 399-1,연락처 없음,http://www.makefurniture.kr/
임재영수제구두공방,0.0,0건,리뷰 0,서울 성동구 성수일로8길 47,(지번) 성수동2가 835,070-4205-5164,
노랑그릇도예공방 도,1.0,1건,리뷰 0,서울 양천구 목동서로 77 현대월드타워 1408호,(지번) 목동 907,02-2644-1152,http://blog.naver.com/yellowbowlceramic
소명,0.0,0건,리뷰 0,서울 광진구 능동로4길 17,(지번) 자양동 553-376,02-2201-0791,
가죽나라공방,0.0,0건,리뷰 0,서울 중랑구 봉우재로32길 64,(지번) 면목동 137-7,02-458-7204,
철수네도예공방,0.0,0건,리뷰 3,서울 성동구 왕십리로 318 5층,(지번) 도선동 45,연락처 없음,http://blog.naver.com/bin7983
강병진현악공방 악기대,5.0,1건,리뷰 0,서울 은평구 갈현로29길 18,(지번) 갈현동 448-30,연락처 없음,http://blog.naver.com/acaciacar
다옴도자기공방,0.0,0건,리뷰 0,서울 강동구 동남로51길 9,(지번) 둔촌동 598,02-471-5959,http://www.daom.kr/
랑카뜨개공방,0.0,0건,리뷰 0,서울 동작구 상도동 535 2층,,연락처 없음,
아이리에가죽공방,5.0,1건,리뷰 0,서울 용산구 대사관로5길 34 1층,(지번) 한남동 683-61,070-7752-8180,http://ilier.kr/
빵사부식빵공방 동덕여대점 제,5.0,3건,리뷰 3,서울 성북구 장월로1길 113 1층,(지번) 하월곡동 18-50,02-909-6747,http://www.sikbanggongbang.com/
좋은나무 인테리어앤공,3.0,2건,리뷰 0,서울 강북구 월계로 57,(지번) 미아동 8-8,02-989-0479,
누리액자공방,0.0,0건,리뷰 0,서울 구로구 경인로 544,(지번) 구로동 597-47,02-3281-9353,
영어공,0.0,0건,리뷰 0,서울 동작구 동작대로3길 43 1층,(지번) 사당동 1038-46,연락처 없음,http://englishstudio.modoo.at/
눈,3.0,3건,리뷰 9,서울 은평구 연서로 176 1층,(지번) 대조동 220-33,02-352-0879,http://blog.naver.com/cjsrudgk0928
김용욱 현악기수리제작공방 악기대,0.0,0건,리뷰 0,서울 서초구 반포대로20길 16-2 1층,(지번) 서초동 1581-3,02-352-0879,https://cafe.naver.com/kimystrings
손놀림공방,4.5,2건,리뷰 0,서울 종로구 낙산성곽서1길 19-1,(지번) 이화동 9-434,02-6012-4704,
서울액자,0.0,0건,리뷰 0,인천 서구 서곶로 327,(지번) 심곡동 239-4,032-562-8134,
맥주공방 M54브루랩 음,5.0,1건,리뷰 0,서울 중랑구 면목로54길 17 1층,(지번) 면목동 428-65,연락처 없음,http://pf.kakao.com/_ajiHC
적정기술공방,0.0,0건,리뷰 0,서울 은평구 통일로 684 서울혁신파크 19동 2층,(지번) 녹번동 산 1-89,02-388-9959,http://atworkshop.or.kr/
도예공방요호,0.0,0건,리뷰 1,서울 중구 퇴계로 159-6 하얀빌딩 3층,(지번) 충무로2가 51-18,010-9209-0906,http://blog.naver.com/studioyoho
빵사부식빵공방 이수점 제,5.0,1건,리뷰 0,서울 동작구 동작대로 119,(지번) 사당동 135-8,02-1577-0475,http://www.xn--ob0b910amvb56g.kr/
,"D 연희동가죽공방 미술,공예",0.0,0건,리뷰 0,(지번) 사당동 135-8,02-1577-0475,https://instagram.com/yonheeboy
에블린커피,5.0,1건,리뷰 1,서울 금천구 독산로64길 107,(지번) 독산동 376-7,연락처 없음,http://blog.naver.com/binhi/221766498603
도자기공방 도도,0.0,0건,리뷰 0,서울 송파구 삼전로10길 33-1 1층,(지번) 삼전동 94-15,0507-1313-2445,https://instagram.com/dodocera
가죽공방마이레더,1.0,1건,리뷰 0,서울 동대문구 난계로28길 48 동남빌딩 5층 502호,(지번) 신설동 114-49,070-4062-1478,http://www.myleathertool.com/
공방카페 클래,3.0,2건,리뷰 3,서울 광진구 광장로 59,(지번) 광장동 259-5,070-4062-1478,http://blog.naver.com/vemberhs/
박기철떡공방 연,0.0,0건,리뷰 0,서울 노원구 상계로23다길 13-8 노원아이파크상가 128호,(지번) 상계동 1318,02-938-2055,https://younhwe.modoo.at/
두부공방,5.0,1건,리뷰 0,서울 강서구 마곡중앙5로1길 25,(지번) 마곡동 313-3,0507-1353-5868,
새서울수예점,0.0,0건,리뷰 0,서울 종로구 종로32길 25-1,(지번) 종로5가 398-8,02-2278-6605,
쌀어,3.0,1건,리뷰 0,서울 송파구 송파대로38길 4,(지번) 송파동 195,연락처 없음,
라온도예공방,5.0,1건,리뷰 1,서울 서대문구 독립문공원길 13 독립문극동아파트상가 지하1층,(지번) 현저동 200,연락처 없음,http://blog.naver.com/raon_ceramics
이정봉현악기활공방 악기대,0.0,0건,리뷰 0,서울 서초구 반포대로9길 72,(지번) 서초동 1486-19,02-3474-0824,
골드테구가죽공방,0.0,0건,리뷰 0,서울 영등포구 도림로 432 1층,(지번) 문래동3가 58-77,02-2677-0674,
서울아트센터 공평,0.0,1건,리뷰 0,서울 종로구 삼일대로30길 10-3 각연빌딩 3층,(지번) 낙원동 56,02-2677-0674,http://gpart.kr/
마뇨네달콤한,0.0,0건,리뷰 6,서울 성북구 동소문로26가길 46 1층,(지번) 동선동3가 251-4,02-929-0044,http://blog.naver.com/eunaiu82
리베카 현악기 공방,0.0,0건,리뷰 0,서울 동작구 등용로14길 34,(지번) 대방동 41,연락처 없음,
공방모,0.0,0건,리뷰 0,서울 마포구 성미산로26길 29 1층,(지번) 연남동 257-3,연락처 없음,http://storefarm.naver.com/moroo70
해야도자기공방,0.0,0건,리뷰 0,서울 마포구 대흥로2길 21,(지번) 용강동 149-81,연락처 없음,
형공방,0.0,0건,리뷰 3,서울 중랑구 상봉중앙로6가길 16 1층,(지번) 상봉동 266-2,010-5134-0127,http://blog.naver.com/leather8902
케이앤씨가람장애인인쇄공방,0.0,0건,리뷰 0,서울 금천구 가산디지털1로 128 STXV타워 B 110,(지번) 가산동 371-37,02-2279-7857,
나눔공방 ,0.0,0건,리뷰 0,서울 성북구 월곡로5길 46,(지번) 종암동 3-321,02-6015-6370,
비숍뜨개공방,5.0,8건,리뷰 0,서울 광진구 자양로48길 6 1층 101호,(지번) 구의동 47-7,02-459-9700,http://blog.naver.com/al443700
아미도예공방,0.0,0건,리뷰 0,서울 영등포구 당산로20길 9-4 지하1층,(지번) 당산동1가 295-1,연락처 없음,http://blog.naver.com/amiceramic
SA세라믹도예공방,0.0,0건,리뷰 1,서울 강남구 도곡로14길 18,(지번) 도곡동 550-3,010-2305-0716,https://blog.naver.com/sdmp2000
토스트도예공방,0.0,0건,리뷰 0,서울 강서구 화곡로13길 141,(지번) 화곡동 1015-40,02-2606-0205,
도자기공방흙장난,0.0,0건,리뷰 0,서울 은평구 갈현로29길 24-1,(지번) 갈현동 242-3,연락처 없음,
유재원현악공방,0.0,0건,리뷰 0,서울 성북구 동소문로 248 삼부아파트상가 102동 208호,(지번) 길음동 1276,연락처 없음,http://www.xn--ob0b910a3zgerbol80ap84e.com/
낫띵메터스 가,0.0,0건,리뷰 2,서울 강서구 마곡서로 175 M밸리4단지 상가 106호,(지번) 마곡동 315-6,연락처 없음,
하랑도예공방 도,0.0,0건,리뷰 0,서울 도봉구 마들로 597,(지번) 방학동 713-30,02-978-6295,
가림가구공방,5.0,4건,리뷰 0,서울 도봉구 도봉로191길 100-46 1층,(지번) 도봉동 287-4,010-4448-2024,http://blog.naver.com/rjw0521
하마공방,5.0,1건,리뷰 1,서울 동작구 등용로 16 2층,(지번) 상도동 363,02-815-8178,http://www.hamarina.com/
,D 수제가구공방 YKhands 가구,0.0,0건,리뷰 0,(지번) 상도동 363,02-815-8178,http://www.ykhands.co.kr/
선유문화공방,0.0,0건,리뷰 0,서울 영등포구 양평동4가 197-2,(지번) 상도동 363,연락처 없음,http://blog.naver.com/hapumntuck
가든한공방 강동,0.0,0건,리뷰 6,서울 강동구 천호대로 1089 1층 B43호,(지번) 천호동 447-17,연락처 없음,
가죽공방 크리,0.0,0건,리뷰 0,서울 광진구 천호대로127길 42-2 101호,(지번) 중곡동 112-1,010-7928-6704,http://blog.naver.com/sayshane
가구공방,0.0,0건,리뷰 0,서울 서대문구 홍제내길 52 지층,(지번) 홍제동 361-49,연락처 없음,http://sungreenwood.com/
생각하는나,0.0,0건,리뷰 0,서울 성북구 정릉로 404,(지번) 돈암동 1-3,02-923-7201,
더키키공방,0.0,0건,리뷰 0,서울 강남구 논현로68길 30-1 104호,(지번) 역삼동 781-22,연락처 없음,
별이네미싱공방,0.0,0건,리뷰 0,서울 도봉구 우이천로4다길 32,(지번) 창동 478-3,010-8721-0725,
디저트공방 루나리아 제,5.0,1건,리뷰 3,서울 관악구 관악로30길 11 1층,(지번) 봉천동 15-50,010-4825-6512,https://www.instagram.com/lunaria_atelier
예원도자기공방,0.0,0건,리뷰 0,서울 은평구 연서로 190-1,(지번) 대조동 219-27,연락처 없음,
샘터공방,0.0,0건,리뷰 2,서울 서대문구 응암로 77,(지번) 북가좌동 308-1,연락처 없음,https://blog.naver.com/eplle
래요공방,0.0,0건,리뷰 0,서울 성북구 솔샘로 30,(지번) 정릉동 716-163,연락처 없음,
제주프리미엄흑돼지돈까스,0.0,0건,리뷰 0,서울 송파구 동남로6길 15,(지번) 문정동 27-16,02-6084-0035,
잔잔도자기공방,0.0,0건,리뷰 2,서울 성동구 연무장길 43-1 지하,(지번) 성수동2가 316-74,연락처 없음,https://blog.naver.com/holaqq
여유공방 제,0.0,0건,리뷰 0,서울 마포구 포은로 134-1 1층,(지번) 망원동 425-24,02-332-9337,
,"D 라탄포라이프공방 미술,공예",0.0,0건,리뷰 7,(지번) 망원동 425-24,02-332-9337,https://blog.naver.com/rattanforlife/
청년공방,1.0,1건,리뷰 8,서울 종로구 성균관로 8 지하1층,(지번) 명륜2가 209-2,02-332-9337,https://www.instagram.com/7606about/
정찬민판,0.0,0건,리뷰 0,서울 중랑구 면목로 454 지하1층,(지번) 면목동 91-65,연락처 없음,
인트로엠 가,0.0,0건,리뷰 0,서울 도봉구 노해로60길 84,(지번) 쌍문3동 98-24,010-3299-6315,http://blog.naver.com/intromstory
엉클림구두공방,0.0,0건,리뷰 0,서울 성동구 성수일로8길 42 1층,(지번) 성수동2가 300-6,연락처 없음,http://blog.naver.com/j098499
운현공방 ,0.0,0건,리뷰 0,서울 서초구 서초중앙로2길 84 지하1층,(지번) 서초동 1442-1,02-3673-0597,https://woonhyun01.blog.me/
공방카,0.0,0건,리뷰 0,서울 노원구 공릉로58길 106 1층,(지번) 하계동 76-4,010-5129-1839,
호즈가죽공방,0.0,0건,리뷰 0,서울 도봉구 도봉로143길 30,(지번) 방학동 675-33,연락처 없음,https://www.instagram.com/hoz_leather/
파파공,0.0,0건,리뷰 1,서울 강동구 성안로13길 28-6 1층 103호,(지번) 성내동 502-6,연락처 없음,https://www.instagram.com/papa_g.b/
바비공,5.0,1건,리뷰 8,서울 중구 을지로 지하 88 대현프리몰 을지스타몰 을특1-1,(지번) 을지로2가 149-10,연락처 없음,
서울바다,0.0,0건,리뷰 0,서울 영등포구 당산로10길 8 2층,(지번) 당산동1가 33,연락처 없음,https://www.instagram.com/seoulbada
빈스공방그,0.0,0건,리뷰 5,서울 강남구 논현로6길 18,(지번) 개포동 1171,070-7478-2307,
손수가,0.0,0건,리뷰 0,서울 동대문구 홍릉로15길 16 1층,(지번) 제기동 287-15,02-967-7239,http://www.sonsugagu.com/
로뎅공방 ,0.0,0건,리뷰 0,서울 종로구 묘동 203-1,(지번) 제기동 287-15,연락처 없음,
도토리도자기공방,0.0,0건,리뷰 0,서울 광진구 자양로 135 자양오피스텔 1013호,(지번) 자양동 767-4,연락처 없음,http://www.dotori.me/
,D 손톱발톱네일공방 네일샵,0.0,0건,리뷰 1,(지번) 자양동 767-4,연락처 없음,
테크네 커,5.0,1건,리뷰 1,"서울 동작구 동작대로39길 22 이수힐스테이트 상가 211,212호",(지번) 동작동 333,연락처 없음,http://techne-coffee.com/
면역공방 청,0.0,0건,리뷰 0,서울 강남구 학동로55길 12-11 지하1층,(지번) 청담동 39-9,02-549-9969,
썸원도자기공방 도,0.0,0건,리뷰 0,서울 강동구 구천면로 494,(지번) 명일동 249-2,연락처 없음,http://blog.naver.com/someonestudio
수제가죽공방,0.0,0건,리뷰 0,서울 송파구 성내천로8길 7,(지번) 오금동 62-6,연락처 없음,
서울유리공예,0.0,0건,리뷰 0,경기 하남시 서하남로41번길 11,(지번) 감북동 417-2,02-445-0270,
서울민예사,0.0,0건,리뷰 0,부산 중구 중구로30번길 10,(지번) 신창동3가 24-3,051-244-1004,
미송대금공방,0.0,0건,리뷰 0,서울 종로구 돈화문로 68-1,(지번) 와룡동 71,010-2409-0910,
비라이트 캔들공방&선물가게,0.0,0건,리뷰 8,서울 금천구 가산디지털1로 226,(지번) 가산동 505-18,연락처 없음,https://blog.naver.com/belightcandle/
루트가죽공방,0.0,0건,리뷰 0,서울 강북구 한천로155길 43 수유벽산아파트 A상가 406호,(지번) 수유동 205,연락처 없음,http://leatherluth.modoo.at/
얀&니들뜨개공방,0.0,0건,리뷰 0,서울 강서구 공항대로61길 39,(지번) 등촌동 633-29,연락처 없음,
내차공방,0.0,0건,리뷰 0,서울 중랑구 동일로 858 선전빌딩 1층,(지번) 묵동 181-8,02-949-5406,https://blog.naver.com/mycarfactory
아브리오 가죽공방,0.0,0건,리뷰 1,서울 성북구 종암로36길 41-13 2층,(지번) 하월곡동 90-1503,010-9927-5141,http://abrio.co.kr/
자인공방,0.0,0건,리뷰 33,서울 강북구 삼양로141길 5 1층,(지번) 우이동 72-157,010-4336-1604,https://blog.naver.com/jain1604
예랑도예공방 도,1.0,2건,리뷰 0,서울 송파구 백제고분로 414 3층,(지번) 송파동 134-3,02-421-4224,http://cafe.naver.com/yerangdoye
,"D 토피어리공방 꽃집,꽃배달",0.0,0건,리뷰 0,(지번) 송파동 134-3,02-421-4224,
소와미싱공방,0.0,0건,리뷰 0,서울 강남구 선릉로89길 16,(지번) 역삼동 708-16,010-4911-6113,http://sowa.kr/
바이토공방 ,0.0,0건,리뷰 0,서울 관악구 봉천로13나길 63-9,(지번) 봉천동 673-18,010-9468-9764,https://blog.naver.com/bayto7
알렉스가죽공방,5.0,1건,리뷰 0,서울 강남구 봉은사로29길 6 2층 201호,(지번) 논현동 235,0507-1406-6978,http://blog.naver.com/alx_leather
"베스트프렌드사진공방 사진관,",0.0,0건,리뷰 0,서울 양천구 목동중앙남로11길 23 2층,(지번) 목동 723-1,연락처 없음,
OK귀금속수리공방 ,0.0,0건,리뷰 0,서울 노원구 동일로230길 32,(지번) 상계동 1021-21,070-8283-6209,
무지개레이저공방,0.0,0건,리뷰 1,서울 중랑구 용마공원로2길 33 1층,(지번) 망우동 412-32,연락처 없음,https://pf.kakao.com/_iRxnxoj#none
요요도예공방,0.0,0건,리뷰 3,서울 용산구 원효로 51,(지번) 원효로4가 179,010-9974-8549,https://blog.naver.com/yoyo_ceramic
생활도자기공방 도,0.0,0건,리뷰 1,서울 서초구 청계산로 237,(지번) 원지동 384-10,연락처 없음,
쌀어묵공방 송파,0.0,0건,리뷰 1,서울 송파구 위례광장로 188,(지번) 장지동 881,02-403-7773,http://byulchanga.com/
,0.0,0건,리뷰 0,서울 동대문구 왕산로43나길 6 지층,(지번) 청량리동 55-6,010-3773-4839,https://blog.naver.com/nettill
스텔라미싱공방,0.0,0건,리뷰 0,서울 마포구 독막로22길 17 2층,(지번) 창전동 386,070-8150-1313,https://blog.naver.com/stella_shin
커피공방,5.0,2건,리뷰 0,서울 성북구 종암로 129,(지번) 종암동 3-1342,02-924-5222,
서울화,0.0,0건,리뷰 0,전남 광양시 광양읍 인서중앙길 10,(지번) 광양읍 칠성리 908-1,061-763-3294,
서울민,0.0,0건,리뷰 0,서울 서초구 양재동 229,(지번) 광양읍 칠성리 908-1,연락처 없음,http://seoulmy.com/
,D 사옹원튀김공방 분식,0.0,0건,리뷰 0,(지번) 광양읍 칠성리 908-1,연락처 없음,https://www.saongwonmall.com/
지니공방,0.0,0건,리뷰 1,서울 구로구 경인로15길 17 103호,(지번) 오류동 81-52,연락처 없음,
바이던가죽공방,0.0,0건,리뷰 2,서울 송파구 백제고분로34길 33 2층,(지번) 석촌동 228-9,연락처 없음,
마계,0.0,0건,리뷰 0,서울 성북구 동소문로26다길 17 지하1층,(지번) 동선동3가 131,연락처 없음,https://www.makyeparfum.com/
보영리아뜰리에 예술제본,0.0,0건,리뷰 0,서울 종로구 율곡로 84 가든타워 202호,(지번) 운니동 98-78,070-4038-2095,http://www.boyounglee.com/
가죽공방운조,0.0,0건,리뷰 1,서울 마포구 월드컵북로1길 56 장안빌딩 3층,(지번) 서교동 375-15,010-2062-9954,http://www.wunjo.co.kr/
우리나무,0.0,0건,리뷰 0,서울 서초구 서초대로16길 12,(지번) 방배동 941-21,연락처 없음,
헤세드커,5.0,2건,리뷰 2,서울 은평구 증산로3길 5-7,(지번) 증산동 178-12,연락처 없음,
구움과자공방오롯 제,5.0,1건,리뷰 1,서울 도봉구 방학로3길 71 1층,(지번) 쌍문동 716,연락처 없음,http://www.instagram.com/orot2018
서울중구문화원 예문,0.0,0건,리뷰 2,서울 중구 청계천로 86,(지번) 장교동 1,연락처 없음,http://www.junggucc.or.kr/
자수공방 에트,0.0,0건,리뷰 0,서울 양천구 목동로17길 6-1 상가 1층,(지번) 신정동 996-5,연락처 없음,https://blog.naver.com/PostList.nhn?blogId=larriatte0124&categoryNo=0
꽃떡공방 화,0.0,0건,리뷰 0,서울 성동구 성수이로 33-3 1층,(지번) 성수동2가 335-130,연락처 없음,
온미 가죽공방,0.0,0건,리뷰 0,서울 광진구 능동로15길 22 b동 101호,(지번) 화양동 529,연락처 없음,https://www.instagram.com/onmi_leather/
메리랩캔들공방,0.0,0건,리뷰 0,서울 광진구 능동로44길 5,(지번) 중곡동 41-29,연락처 없음,http://blog.naver.com/pointword
여행,5.0,2건,리뷰 0,서울 용산구 한강대로21나길 7 철도회관 907호,(지번) 한강로3가 40-1010,연락처 없음,http://www.tour08.co.kr/
Salt란도예공방 ,0.0,0건,리뷰 0,서울 송파구 송이로36길 62-18,(지번) 문정동 88-15,연락처 없음,
륀느공방,5.0,1건,리뷰 6,서울 마포구 성미산로2길 43 103호,(지번) 서교동 442-4,010-4496-8012,https://smartstore.naver.com/lune_dal
라니네공방 인테,0.0,0건,리뷰 0,서울 서대문구 모래내로13길 25-27,(지번) 남가좌동 150-8,02-309-1923,http://blog.naver.com/badalaik
공방인테리,0.0,0건,리뷰 0,서울 광진구 동일로62길 51,(지번) 중곡동 630-5,02-464-1675,http://xn--ob0b44vu0biyps9bl9w.webable.kr/
대영공방,1.0,1건,리뷰 0,서울 마포구 와우산로33길 26,(지번) 서교동 326-18,02-337-3311,
레이저공방,0.0,0건,리뷰 0,서울 마포구 홍익로5안길 53,(지번) 서교동 369-20,02-338-2237,http://blog.naver.com/ecosesang
도도 도,0.0,0건,리뷰 0,서울 서초구 효령로14길 18,(지번) 방배동 541-183,02-532-0958,
뜰에 자수공방,0.0,0건,리뷰 0,서울 강서구 강서로48길 17,(지번) 내발산동 676-3,02-532-0958,
미쓰제이음악,0.0,0건,리뷰 0,서울 강서구 허준로 176 가양8단지아파트 상가동 3층 303호,(지번) 가양동 1482,02-3665-1651,http://blog.naver.com/missjmusic
요정공방 인테,0.0,0건,리뷰 11,서울 동작구 사당로28길 48,(지번) 사당동 1026-39,02-3665-1651,https://blog.naver.com/meltcoco/
가죽공방토야,0.0,0건,리뷰 48,서울 금천구 디지털로9길 32 갑을그레이트밸리 B동 205호,(지번) 가산동 60-5,02-3665-1651,https://toya.modoo.at/
109가죽공방,0.0,0건,리뷰 0,서울 용산구 한강대로40가길 20,(지번) 한강로2가 62-1,02-3665-1651,http://www.109leathers.com/
이혜경목관,0.0,0건,리뷰 0,서울 서초구 반포대로5길 5,(지번) 서초동 1474-5,053-621-0997,
뮤토가죽공방,4.2,6건,리뷰 0,서울 관악구 은천로 95 벽산블루밍아파트 상가 119호,(지번) 봉천동 1718,연락처 없음,http://blog.naver.com/bluemooks
타니스튜디오 금속공예공방,0.0,0건,리뷰 0,서울 강남구 도산대로 446,(지번) 청담동 5,010-7773-4997,http://blog.naver.com/aqua0531
,"D 서울매듭 미술,공예",0.0,0건,리뷰 1,(지번) 청담동 5,010-7773-4997,
정,0.0,0건,리뷰 0,서울 송파구 마천동 128-86,,연락처 없음,
JM공,0.0,0건,리뷰 0,서울 중랑구 사가정로45길 18,(지번) 면목동 600-9,070-4413-7700,
움직이는공방,0.0,0건,리뷰 0,서울 마포구 성미산로26길 29,(지번) 연남동 257-3,02-6414-0361,http://beaver55.alltheway.kr/
레더79가죽공방,0.0,0건,리뷰 0,서울 성동구 마장로 137 텐즈힐상가 402동 214호,(지번) 상왕십리동 811,010-7145-5315,https://blog.naver.com/jssweet79
갱이공방,5.0,1건,리뷰 2,서울 은평구 통일로 1034 은평스카이뷰자이 2층 201호,(지번) 진관동 89-7,010-9012-4513,http://gang2cake.co.kr/
공방여유,0.0,0건,리뷰 1,서울 양천구 목동로23길 14,(지번) 신정동 890-5,연락처 없음,http://blog.naver.com/yeoyou_log
아기나,0.0,0건,리뷰 0,서울 용산구 백범로47길 10,(지번) 효창동 5-222,연락처 없음,
공공공방,0.0,0건,리뷰 1,서울 서대문구 연희로27길 104-7 지층,(지번) 연희동 92-11,연락처 없음,http://ooobang.modoo.at/
모모공방,5.0,2건,리뷰 0,서울 광진구 뚝섬로38길 12 1층,(지번) 자양동 460-2,연락처 없음,https://momomade.modoo.at/
커피공방,0.0,0건,리뷰 0,서울 서대문구 거북골로 53-24,(지번) 남가좌동 344-19,02-305-4999,
서울화방표구사,0.0,0건,리뷰 0,경북 문경시 점촌6길 11,(지번) 점촌동 360-2,054-555-6208,
차이공방 ,0.0,0건,리뷰 2,서울 도봉구 도봉로114길 33,(지번) 창동 657-119,연락처 없음,https://nez019.blog.me/
백의민족공방,1.0,1건,리뷰 8,서울 종로구 종로 200 종오지하쇼핑센터 나-특호,(지번) 종로4가 176-1,02-766-2844,https://blog.naver.com/whitecladpeople
아띠공방,0.0,0건,리뷰 0,서울 광진구 뚝섬로31길 15 2층 203호,(지번) 자양동 785-1,연락처 없음,https://pf.kakao.com/_MCixcxb
두리한지공,0.0,0건,리뷰 0,서울 종로구 인사동길 9 3층,(지번) 인사동 137-2,02-734-6256,http://www.doorihanji.co.kr/
우리드리공방,0.0,0건,리뷰 2,서울 강동구 상암로3길 62,(지번) 암사동 504-29,연락처 없음,
박선순도예공방,0.0,0건,리뷰 0,서울 양천구 지양로15길 20,(지번) 신월동 350-2,02-2602-3650,
효,0.0,0건,리뷰 0,서울 강북구 4.19로 16-2,(지번) 수유동 279-222,연락처 없음,
뷰티공방아미,0.0,0건,리뷰 13,서울 강남구 선릉로107길 25 1층,(지번) 역삼동 684-8,연락처 없음,http://blog.naver.com/makeup_hj
서촌공방,0.0,0건,리뷰 0,서울 종로구 자하문로7길 44,(지번) 통인동 76-4,연락처 없음,https://blog.naver.com/tkfkd3255
주식공방 호,0.0,0건,리뷰 6,서울 강서구 마곡중앙6로 85 마곡사이언스파크뷰 2층 205호,(지번) 마곡동 727-1201,연락처 없음,
토브가죽공방,5.0,1건,리뷰 1,서울 동작구 장승배기로 64,(지번) 상도동 181-2,010-9155-3366,http://blog.naver.com/15vision
도예공방가림토,0.0,0건,리뷰 0,서울 관악구 남부순환로233길 16,(지번) 봉천동 1675-10,연락처 없음,
서울화랑,0.0,0건,리뷰 0,경기 안산시 단원구 당곡로 9 진양빌딩 1층 113호,(지번) 고잔동 530-3,031-482-9967,https://blog.naver.com/dhks00912
도빛공방 도,0.0,0건,리뷰 0,서울 구로구 구로중앙로22길 7,(지번) 구로동 442-210,02-839-2516,
홍아,0.0,0건,리뷰 0,서울 강동구 풍성로63길 53,(지번) 둔촌동 483-6,010-2204-9819,http://blog.naver.com/redgooseyoon
고씨네만두공방 ,5.0,1건,리뷰 2,tv소개,(지번) 둔촌동 483-6,010-2204-9819,http://kossinemandoo.com/
한들한들캔들공방,0.0,0건,리뷰 14,서울 강서구 공항대로 219,(지번) 마곡동 727-1135,연락처 없음,https://handlhandle.modoo.at/
필레더가죽공방,0.0,0건,리뷰 1,서울 구로구 고척로21가길 2 2층,(지번) 개봉동 97-6,연락처 없음,http://www.philleather.com/
종로가죽공방,5.0,1건,리뷰 0,서울 종로구 사직로8길 24 경희궁의 아침 2단지 418호,(지번) 내수동 71,070-4025-1789,http://www.jongrogb.com/
달빛공방,0.0,0건,리뷰 13,서울 영등포구 선유로24길 10 2층,(지번) 양평동1가 28-20,0507-1309-4957,http://blog.naver.com/rrndpr
사과나무,4.0,4건,리뷰 0,서울 송파구 중대로20길 14-1 1층,(지번) 가락동 154-6,연락처 없음,
휴도예유리공방 도,0.0,0건,리뷰 0,서울 송파구 송파대로37길 90 4층,(지번) 석촌동 241,연락처 없음,https://m.blog.naver.com/PostList.nhn?blogId=craftstudio_hue
아늑한공방,0.0,0건,리뷰 13,서울 서대문구 포방터길 23 1층,(지번) 홍제동 286-13,010-9845-0112,http://www.heimishworkshop.com/
유유공방 슬라임카,0.0,0건,리뷰 1,서울 광진구 천호대로117길 58,(지번) 중곡동 128-23,010-9845-0112,
로뎀공방,0.0,0건,리뷰 4,서울 강서구 공항대로 186 로뎀타워 616호,(지번) 마곡동 728-194,연락처 없음,http://blog.naver.com/victorymam/
봄날공방,0.0,0건,리뷰 1,서울 구로구 도림로 59,(지번) 구로동 1265,010-6617-7792,https://blog.naver.com/yuneeid
면역공방 가위바위보 명동,5.0,1건,리뷰 0,서울 중구 퇴계로20길 2 퍼시픽호텔 지하1층,(지번) 남산동2가 31-1,02-778-7766,http://rsp.alltheway.kr/
오찬석사,0.0,0건,리뷰 0,서울 영등포구 도림로128가길 13-2 2층,(지번) 문래동3가 54-35,010-4232-3697,http://ohchansuk.studio/
솔라앤공방,0.0,0건,리뷰 55,서울 강서구 마곡중앙6로 21 904호,(지번) 마곡동 727-1036,010-2890-0467,https://blog.naver.com/solanshop/
현대정치철학연구회,5.0,1건,리뷰 0,서울 마포구 와우산로17길 22 5층,(지번) 서교동 407-17,연락처 없음,http://www.space-x.co.kr/
알베,0.0,0건,리뷰 1,서울 송파구 송파대로43길 1 신공간빌딩 지하1층,(지번) 석촌동 288-19,010-2760-5827,http://www.alberi.co.kr/
아기자기도예공방 도,0.0,0건,리뷰 0,서울 구로구 고척로51길 4-1,(지번) 고척동 168-56,연락처 없음,
소곱,0.0,0건,리뷰 2,서울 노원구 공릉로43길 11,(지번) 공릉동 408,연락처 없음,
뜨개공방,0.0,0건,리뷰 0,서울 서초구 바우뫼로7길 27 동양상가 1층,(지번) 우면동 59,연락처 없음,
리엔공,5.0,2건,리뷰 7,서울 양천구 신월로22길 11 101호,(지번) 신월동 606-39,연락처 없음,https://link.inpock.co.kr/lianclass
형태공방 건축,0.0,0건,리뷰 0,서울 용산구 원효로 202,(지번) 원효로2가 16-2,연락처 없음,https://ateform.com/
서울컴퓨터자수,0.0,0건,리뷰 0,대전 동구 중교로 118,(지번) 원동 60-15,042-254-5555,http://www.seouljasu.com/
훈민정음가죽공방,0.0,0건,리뷰 0,서울 강북구 4.19로 20,(지번) 수유동 279-237,연락처 없음,
레이져공방 논현점,0.0,0건,리뷰 0,서울 강남구 강남대로126길 21,(지번) 논현동 140-17,연락처 없음,http://blog.naver.com/design4104
마미공방 ,0.0,0건,리뷰 1,서울 성북구 성북로8길 18-1,(지번) 성북동 183-28,연락처 없음,
하얀미소공방,0.0,0건,리뷰 1,서울 중랑구 용마산로125가길 33,(지번) 신내동 450-14,010-6668-5902,
쌀어묵공방 잠실리,4.5,2건,리뷰 1,서울 송파구 올림픽로 145,(지번) 잠실동 22-6,02-422-7883,http://byulchanga.com/
아이조은나무공,0.0,0건,리뷰 0,서울 성북구 장월로 77,(지번) 장위동 233-435,연락처 없음,
아크릴공방,0.0,0건,리뷰 0,서울 영등포구 도림로 423-1,(지번) 문래동2가 11-8,02-3667-4436,
예체르도예공방,0.0,0건,리뷰 0,서울 양천구 신목로6길 23,(지번) 신정동 117-33,02-2652-2708,
서울,0.0,0건,리뷰 0,대전 동구 대전로 730,(지번) 원동 96-35,042-282-7272,
족발공방,0.0,0건,리뷰 1,서울 강남구 삼성로95길 23,(지번) 삼성동 143-7,02-557-2914,
로뎀나무미싱공방,0.0,0건,리뷰 0,서울 노원구 중계로 162-11,(지번) 중계동 84-7,연락처 없음,https://blog.naver.com/eunjo6570
한샘가죽공방,0.0,1건,리뷰 0,서울 마포구 어울마당로 113 지하 1층,(지번) 동교동 163-5,02-334-8427,http://www.hsgajuk.com/
카페공,0.0,0건,리뷰 0,서울 강북구 삼양로27길 52 1층,(지번) 미아동 699-25,02-987-2019,
서플라,0.0,0건,리뷰 0,서울 성동구 성수일로 9,(지번) 성수동1가 656-98,연락처 없음,https://instagram.com/supply_seoul
수제어묵공방 ,0.0,0건,리뷰 0,서울 마포구 홍익로3길 39,(지번) 서교동 365-19,연락처 없음,
세컨홉가죽공방,0.0,0건,리뷰 2,서울 서초구 양재천로19길 11-3,(지번) 양재동 123-4,02-6080-7571,
나전칠기공방,0.0,0건,리뷰 0,서울 마포구 월드컵북로2길 33,(지번) 동교동 158-16,02-338-3634,
문화공방디케이비 광고기,5.0,1건,리뷰 0,서울 서초구 마방로6길 28 경일빌딩 4층,(지번) 양재동 257-5,02-595-6277,http://www.dkbart.com/
온새미로공방,0.0,0건,리뷰 6,서울 서대문구 모래내로 177 서대문종합사회복지관,(지번) 남가좌동 139-3,연락처 없음,http://blog.naver.com/sdmbokji-onsemiro
서울표구사,0.0,0건,리뷰 0,부산 금정구 부곡로 7-1,(지번) 부곡동 889-33,연락처 없음,
The Gift 나무공방,0.0,0건,리뷰 0,서울 서초구 방배로43길 37,(지번) 방배동 769-2,연락처 없음,https://www.instagram.com/the_gift_woodworking/
도예공방,0.0,0건,리뷰 0,서울 마포구 어울마당로3길 5,(지번) 합정동 356-9,연락처 없음,
체히 가죽공방,0.0,0건,리뷰 0,서울 동작구 동작대로15길 87,(지번) 사당동 1014,연락처 없음,
화이트노이,0.0,0건,리뷰 0,서울 서초구 방배로42길 31-3 지하1층,(지번) 방배동 13-7,연락처 없음,
볼링공방,0.0,0건,리뷰 0,서울 중랑구 동일로129길 35 1층 117호,(지번) 중화동 314-1,010-7279-2479,http://bowlroom.shop/
도예공방도도,0.0,0건,리뷰 0,서울 종로구 필운대로 26-6,(지번) 누하동 247,연락처 없음,
일마레도예공방,0.0,0건,리뷰 0,서울 송파구 백제고분로41길 6-63 우성빌딩 1층 103호,(지번) 송파동 25-16,연락처 없음,http://blog.naver.com/she9724
썬레이저공방 성수점,0.0,0건,리뷰 1,서울 성동구 연무장7길 12 세대빌딩 3층 303호,(지번) 성수동2가 315-70,연락처 없음,https://blog.naver.com/sunmarking
레온리테일창작공방키,0.0,0건,리뷰 0,서울 서초구 방배중앙로21길 46,(지번) 방배동 784,연락처 없음,
유브로가죽공방,0.0,0건,리뷰 0,서울 강북구 도봉로45길 27 1층,(지번) 미아동 309-20,연락처 없음,https://www.instagram.com/ubro_leather/
밀크공방,0.0,0건,리뷰 0,서울 광진구 아차산로 200 커먼그라운드 3층,(지번) 자양동 17-1,연락처 없음,
에디네맥주공방,0.0,0건,리뷰 0,서울 마포구 와우산로5길 17-1,(지번) 상수동 333-9,연락처 없음,https://www.instagram.com/eddies_brewingroom/
담담공방,0.0,0건,리뷰 0,서울 성동구 무학봉28길 9 창우빌딩 401호,(지번) 하왕십리동 966-16,070-7718-6169,http://blog.naver.com/fishfantasy
토토미도예공방,0.0,0건,리뷰 0,서울 동작구 신대방2길 13,(지번) 신대방동 618-3,070-7802-7941,
흥진윤민의원데이체험공방 ,0.0,0건,리뷰 0,서울 동대문구 약령서길 94,(지번) 제기동 887-143,연락처 없음,
소나무,0.0,0건,리뷰 0,서울 광진구 자양로 148,(지번) 구의동 251-21,연락처 없음,
라곰공방,5.0,1건,리뷰 1,서울 성동구 독서당로 267,(지번) 금호동4가 1032,010-3387-4533,https://www.instagram.com/lagom__2019/
가람작업실 라탄공방,0.0,0건,리뷰 0,서울 노원구 동일로184길 23 1층,(지번) 공릉동 513-66,010-3387-4533,http://www.instagram.com/garam_rattan
굿비어공방 맥,3.4,5건,리뷰 16,서울 용산구 녹사평대로40길 55-7,(지번) 이태원동 455-10,연락처 없음,http://cafe.daum.net/goodbeerlab
세겔라이오,5.0,2건,리뷰 0,서울 서대문구 연희로15길 31 지층,(지번) 연희동 124-44,연락처 없음,
찌,0.0,0건,리뷰 1,서울 서초구 방배중앙로 50,(지번) 방배동 931-27,02-582-8883,
서울자수,0.0,0건,리뷰 1,서울 종로구 종로5가 138,(지번) 방배동 931-27,연락처 없음,
이선명천연비누,0.0,0건,리뷰 0,서울 노원구 노원로 547,(지번) 상계동 694,연락처 없음,
서울창작예,5.0,2건,리뷰 7,서울 종로구 낙산길 29 1층,(지번) 동숭동 129-121,연락처 없음,
고씨네만,2.5,2건,리뷰 2,서울 서대문구 통일로 447,(지번) 홍제동 306-14,02-391-3448,
나무공방 ,0.0,0건,리뷰 0,서울 송파구 양재대로60길 5,(지번) 가락동 93-6,연락처 없음,http://blog.naver.com/dongsili
현악공방,0.0,0건,리뷰 0,서울 서초구 반포대로 7,(지번) 서초동 1463-18,02-597-0609,
루시디안 가죽공방,0.0,0건,리뷰 13,서울 강서구 공항대로 237 에이스타워마곡 2층 215호,(지번) 마곡동 727-1166,02-597-0609,http://lucidian.co.kr/
별난공방,0.0,0건,리뷰 0,서울 성북구 장월로8가길 46,(지번) 장위동 68-60,연락처 없음,
버블리러블리 천연비누공방,0.0,0건,리뷰 1,서울 송파구 가락동 142,(지번) 장위동 68-60,연락처 없음,
예훈피리공,0.0,0건,리뷰 3,서울 서초구 양재천로11길 7 일신빌딩 4층,(지번) 양재동 119-2,연락처 없음,https://blog.naver.com/yerim121552
그비누앤공방,0.0,0건,리뷰 0,서울 성북구 돌곶이로22길 60 1층,(지번) 석관동 194-2,연락처 없음,http://m.blog.naver.com/mercurykm
미고공방,5.0,1건,리뷰 0,서울 종로구 북촌로7길 3-11 1층,(지번) 가회동 153,연락처 없음,
도예공방화목토,0.0,0건,리뷰 0,서울 강동구 상암로63길 6-17,(지번) 명일동 185,02-429-0365,http://blog.naver.com/hwamokto
가죽공방 워니레더,0.0,0건,리뷰 1,서울 영등포구 국회대로29길 3 현대2차아파트상가 지하 1층 워니레더,(지번) 당산동4가 92,연락처 없음,https://blog.naver.com/kimsc0803
케이디가죽공방,0.0,0건,리뷰 1,서울 마포구 월드컵로1길 28 1층,(지번) 합정동 387-22,연락처 없음,http://keidstudio.com/
,"D 동양공방 미술,공예",0.0,0건,리뷰 0,(지번) 합정동 387-22,연락처 없음,https://blog.naver.com/qsdf1234
달별해커,5.0,1건,리뷰 1,서울 성북구 종암로21가길 19,(지번) 종암동 70-99,연락처 없음,
남송보석공예명인공방,0.0,0건,리뷰 1,서울 종로구 율곡로10길 82-2,(지번) 묘동 5,연락처 없음,
나무공방 삼구,0.0,0건,리뷰 0,서울 성북구 정릉로26길 6-23,(지번) 정릉동 463-6,010-4657-2000,
캐시미어손뜨개공방,0.0,0건,리뷰 0,서울 양천구 목동동로12길 57-1 2층,(지번) 목동 404-102,010-9436-5101,
강도공방,0.0,0건,리뷰 0,서울 강북구 삼양로124길 21 1층,(지번) 수유동 323-9,010-9436-5101,
성수동 가,0.0,0건,리뷰 0,서울 광진구 동일로2길 7,(지번) 자양동 206,연락처 없음,
가죽공방,0.0,0건,리뷰 0,서울 강서구 강서로33길 106,(지번) 화곡동 1043-32,010-7557-9052,
서울아트,0.0,0건,리뷰 0,대전 중구 중앙로16번길 18,(지번) 문화동 1-130,연락처 없음,
피어라,0.0,0건,리뷰 0,서울 성동구 마조로 60-1,(지번) 마장동 388,02-2296-7894,
미니어처공방,0.0,0건,리뷰 1,서울 노원구 중계로14나길 44 1층,(지번) 중계동 68-7,연락처 없음,https://blog.naver.com/shining_alice
구,0.0,0건,리뷰 0,서울 영등포구 영중로10길 12-1,(지번) 영등포동3가 7-31,연락처 없음,
가죽공방블로꼬,0.0,0건,리뷰 0,서울 성북구 동소문로 66 명인빌딩 4층,(지번) 동소문동3가 79,연락처 없음,http://blog.naver.com/bloccostudio
노엘라가죽공방,0.0,0건,리뷰 0,서울 동작구 신대방14길 5-1,(지번) 신대방동 601-79,연락처 없음,http://blog.naver.com/ellastore
손수작핸드메이드공방,0.0,0건,리뷰 0,서울 성북구 종암로5길 29,(지번) 종암동 34-6,연락처 없음,
도예공방,0.0,0건,리뷰 0,서울 강동구 동남로85길 48,(지번) 고덕동 535-7,연락처 없음,
도예공방토몽 도,0.0,0건,리뷰 0,서울 은평구 연서로11길 20-1,(지번) 구산동 18-24,연락처 없음,
구름공방 호,0.0,0건,리뷰 0,서울 송파구 가락로28길 5,(지번) 송파동 150-1,연락처 없음,
공방,0.0,0건,리뷰 0,서울 구로구 경인로59길 7 신도림6차 e-편한세상 상가동 1층 101호,(지번) 신도림동 648,연락처 없음,
토닥토닥공방,0.0,0건,리뷰 4,서울 노원구 한글비석로 571,(지번) 상계동 666-2,070-8953-8534,https://blog.naver.com/buy1986
달그락공방,0.0,0건,리뷰 0,서울 동대문구 장한로28길 12,(지번) 장안동 308-7,02-2245-1046,
아이브가죽공방,5.0,1건,리뷰 0,서울 용산구 신흥로 97-4,(지번) 용산동2가 1-506,010-4040-8834,http://ive1972.com/
HMoon 주얼리공방,0.0,0건,리뷰 1,서울 마포구 신촌로2안길 20,(지번) 동교동 176-20,02-332-0961,http://blog.naver.com/hmoon2016
엘리의비누공방,5.0,1건,리뷰 0,서울 중구 을지로 202-1 4층 5109 매장 내,(지번) 을지로5가 270-7,02-332-0961,
가죽공방하,0.0,0건,리뷰 3,서울 금천구 시흥대로 291 금천롯데캐슬골드파크3차 상가310동 203호,(지번) 독산동 1155,연락처 없음,https://www.instagram.com/by_hamade/
면역공,0.0,0건,리뷰 0,서울 강남구 언주로 118 우성캐릭터199 지하1층 제2-1호,(지번) 도곡동 467-24,02-576-7753,
나래도자기공방,0.0,0건,리뷰 0,서울 영등포구 가마산로65길 8 지하1층,(지번) 신길동 319-9,0508-5044-5600,http://blog.naver.com/narae_studio
꼼지락자수공방,0.0,0건,리뷰 0,서울 강동구 성안로3길 19,(지번) 성내동 469,070-4205-2489,
제이씨가죽공방,3.0,1건,리뷰 0,서울 성동구 한림말3길 14 2층,(지번) 옥수동 362-3,070-4064-8830,
레이커피공방 ,0.0,0건,리뷰 0,서울 광진구 면목로 174 3층 301호,(지번) 중곡동 198-4,070-4064-8830,
르호봇 천연 화장품 비누 ,5.0,1건,리뷰 0,서울 도봉구 해등로 190 신원 2차 아파트 상가 144호,(지번) 쌍문동 723,02-993-9088,http://cafe.naver.com/hohosoap
소현초콜릿,0.0,0건,리뷰 0,서울 강남구 논현로67길 32,(지번) 역삼동 792-48,연락처 없음,
