공방이름,평균별점,별점건수,리뷰건수,주소,지번주소,연락처,홈페이지
인천공,1.0,1건,리뷰 45,인천 서구 가정로151번길 24,(지번) 가좌동 104-9,032-581-4999,
인천제기차기공,0.0,0건,리뷰 0,인천 동구 동산로 53,(지번) 송림동 72-16,010-7900-2992,
빵사부식빵공방 인천계양점 제,0.0,0건,리뷰 16,인천 계양구 계양문화로 96 101호,(지번) 용종동 209-3,연락처 없음,http://www.sikbanggongbang.com/
,"D 빵사부식빵공방 인천신현점 제과,베이커리",0.0,0건,리뷰 10,(지번) 용종동 209-3,연락처 없음,http://xn--ob0b910amvb56g.kr/
꿈을만드는공방 인천점,0.0,0건,리뷰 0,인천 부평구 길주로585번길 8,(지번) 갈산동 394-13,연락처 없음,
반쪽이 공방 인천학익점,0.0,0건,리뷰 0,인천 미추홀구 한나루로341번길 54-37,(지번) 학익동 704-1,연락처 없음,http://www.banzzogi.net/
이태리공,4.0,23건,리뷰 85,인천 서구 청라루비로42번길 5-16 1층,(지번) 청라동 175-5,연락처 없음,https://www.instagram.com/italier2016/
토글가죽공방 인천연수점,0.0,0건,리뷰 0,인천 연수구 청능대로 210,(지번) 동춘동 926,070-4001-0420,https://blog.naver.com/toggleleathercraft
마라공방 ,3.7,7건,리뷰 58,인천 부평구 부평대로12번길 10 2층,(지번) 부평동 194-20,070-4001-0420,
탄탄면공방 부평점,3.8,8건,리뷰 49,인천 부평구 부평대로12번길 12 1층,(지번) 부평동 194-21,070-4001-0420,http://www.tantanmyun.co.kr/
연초롱도예공방 도,0.0,0건,리뷰 7,인천 부평구 화랑로47번길 7-8,(지번) 산곡동 산 44,032-501-6220,http://mhl9905.blog.me/
허들링도자기공방,0.0,0건,리뷰 2,인천 부평구 길주로585번길 8-2,(지번) 갈산동 395,연락처 없음,https://www.instagram.com/popomang/
탄탄면공방 송도현대,4.7,6건,리뷰 28,인천 연수구 송도국제대로 123 지하 1층,(지번) 송도동 168-1,032-727-2492,http://www.tantanmyun.com/
수린공방,0.0,0건,리뷰 10,인천 부평구 길주로585번길 7-6,(지번) 갈산동 393-8,연락처 없음,https://blog.naver.com/slinsoo
차미떡공,0.0,0건,리뷰 59,인천 계양구 도두리로 46 도두리마을동보아파트상가 2층 202호,(지번) 작전동 912-3,연락처 없음,http://blog.naver.com/s-ssomyi
국시공방 영,4.8,5건,리뷰 9,인천 중구 영종대로 190,(지번) 운서동 3088-7,연락처 없음,
빵공방 미회우 제,4.8,4건,리뷰 3,인천 계양구 살라리로2번길 5-2 1층,(지번) 서운동 186-2,연락처 없음,
초밥공,1.7,3건,리뷰 3,인천 동구 송현로 33 황금프라자 1층 103호,(지번) 송현동 56-303,연락처 없음,http://blog.naver.com/pp9074/
수작떡공,5.0,1건,리뷰 6,인천 남동구 논현고잔로 208-1 104호,(지번) 논현동 634-1,010-9034-9537,
청년공방,0.0,0건,리뷰 3,인천 남동구 인하로489번길 22 동남빌딩 5층,(지번) 구월동 1466,010-9034-9537,https://blog.naver.com/neon2513/
가죽공방 메리다,0.0,0건,리뷰 0,인천 부평구 부흥로386번길 13 모던하우스 1층,(지번) 부개동 85-14,연락처 없음,https://blog.naver.com/merida5946
흙바라기도예공방,5.0,1건,리뷰 1,인천 부평구 마장로 470,(지번) 청천2동 9-70,070-7310-0502,http://claybaragi.blog.me/
식빵공방 부평점 제,0.0,0건,리뷰 0,인천 부평구 부평문화로79번길 2,(지번) 부평동 210-49,연락처 없음,http://xn--ob0b910amvb56g.kr/
좋은향기캔들공방,0.0,0건,리뷰 14,인천 부평구 부평문화로142번길 7,(지번) 부평동 369-14,010-4894-2019,http://www.goodsmell.net/
안주공방 호,0.0,0건,리뷰 24,인천 서구 청라라임로 57 영화블렌하임 1층 101호,(지번) 청라동 162-21,연락처 없음,
도배공,0.0,0건,리뷰 0,인천 남동구 석산로197번길 44,(지번) 간석동 133-1,연락처 없음,
음악공,0.0,0건,리뷰 0,인천 중구 운중로13번길 12,(지번) 운남동 446-1,032-752-0906,
임스공,0.0,0건,리뷰 21,인천 남동구 청능대로468번길 2,(지번) 고잔동 246-76,032-439-7472,http://blog.naver.com/ghks99999
도자기공방 아바노스,0.0,0건,리뷰 2,인천 서구 열우물로282번길 20-5,(지번) 가좌동 331-24,연락처 없음,http://blog.naver.com/712dolleye
하늘공방,5.0,1건,리뷰 1,인천 부평구 신촌로 84-1,(지번) 부평동 270-26,연락처 없음,https://sky71.modoo.at/
레디가죽공방,0.0,0건,리뷰 0,인천 연수구 송도동 161-3 캐슬앤해모로 상가 1층,(지번) 부평동 270-26,연락처 없음,http://instagram.com/leathie_j
씨렉스,0.0,0건,리뷰 0,인천 부평구 창휘로 7,(지번) 십정동 181-102,032-522-1022,http://www.searex.co.kr/
닐리리아애견카페&공,0.0,0건,리뷰 4,인천 미추홀구 주안로213번길 10 8층,(지번) 주안동 49-4,연락처 없음,
,D 네일공방 네일샵,0.0,0건,리뷰 1,(지번) 주안동 49-4,연락처 없음,
마라공방 ,0.0,0건,리뷰 1,인천 연수구 송도과학로16번길 33-1,(지번) 송도동 170-1,연락처 없음,
보,0.0,0건,리뷰 0,인천 남동구 인주대로 757,(지번) 구월동 1280-1,032-472-9893,
슈,0.0,0건,리뷰 14,인천 계양구 계산로 19,(지번) 계산동 978-8,070-4062-3454,
쌀어묵공방 ,0.0,0건,리뷰 2,인천 연수구 컨벤시아대로42번길 27 에이스프라자2차 103호,(지번) 송도동 20-2,070-7760-0808,http://byulchanga.com/
미소도예공방,5.0,1건,리뷰 5,인천 부평구 부평문화로 26,(지번) 부평동 341-186,연락처 없음,http://blog.naver.com/dptjdgh7272
한신옷공,0.0,0건,리뷰 0,인천 부평구 길주남로73번길 13,(지번) 부평동 10-483,010-3480-7430,
온아도자기공방,0.0,0건,리뷰 0,인천 계양구 장기로 32,(지번) 장기동 138-3,연락처 없음,
유자매카,5.0,1건,리뷰 11,인천 서구 청라커낼로329번길 19-10,(지번) 청라동 147-6,연락처 없음,http://usisters.modoo.at/
파스텔공,5.0,1건,리뷰 0,인천 중구 흰바위로 22 영종금호베스트빌2단지 아파트상가 110호,(지번) 운서동 2788-2,연락처 없음,
귀금속공방 ,0.0,0건,리뷰 0,인천 미추홀구 인주대로 205-1,(지번) 용현동 124-7,연락처 없음,
진솔가죽공방,0.0,0건,리뷰 1,인천 남동구 문화서로3번길 29,(지번) 구월동 1394-1,연락처 없음,
샌드공,0.0,0건,리뷰 13,인천 서구 원당대로840번길 21 풍림아이원아파트 제2상가 2층 201호,(지번) 당하동 1031,연락처 없음,http://blog.naver.com/teiloveeun
ㅂㅁ공방,0.0,0건,리뷰 0,인천 계양구 주부토로 435 상가동 1층 106호,(지번) 작전동 859-14,연락처 없음,https://www.instagram.com/chul_p.s/
민&은공방,0.0,0건,리뷰 0,인천 미추홀구 미추홀대로587번길 63-4,(지번) 주안동 1440-15,연락처 없음,
나무향,0.0,0건,리뷰 0,인천 연수구 경원대로467번길 33 1층,(지번) 선학동 405,연락처 없음,https://cafe.naver.com/woodpia
에벤공방,0.0,0건,리뷰 0,인천 계양구 주부토로 382 2층,(지번) 작전동 194-1,010-6732-8256,http://blog.naver.com/viola03
지인공방,0.0,0건,리뷰 0,인천 중구 신포로27번길 48-1,(지번) 관동2가 10-4,032-765-7080,
네일,0.0,0건,리뷰 0,인천 서구 청라한내로 7 청라힐스테이트상가 101호,(지번) 청라동 103-27,010-4934-1734,https://www.instagram.com/bom_chun_nail/
목향,0.0,0건,리뷰 0,인천 미추홀구 경인로 147,(지번) 도화동 646-5,010-7704-9779,
모모의봄 바느질공방,0.0,0건,리뷰 8,인천 부평구 부평문화로 37 부평동아아파트1단지상가,(지번) 부평동 70-5,연락처 없음,https://blog.naver.com/bak6025/221754994502
구공공방,0.0,0건,리뷰 7,인천 남동구 문화서로4번길 5-31 1층,(지번) 구월동 1379-1,연락처 없음,https://blog.naver.com/900_room
소담도자기공방,0.0,0건,리뷰 0,인천 부평구 산곡동 247-21,,연락처 없음,
살림공방,0.0,0건,리뷰 5,인천 연수구 새말로 152 연수주공3차 상가 2층,(지번) 연수동 578-4,010-5147-2278,
퀼트공방 바늘풍경,5.0,2건,리뷰 0,인천 부평구 세월천로 119-5 3층,(지번) 청천동 73-17,연락처 없음,
이명지사진연구소X동화마을,0.0,0건,리뷰 0,인천 중구 자유공원서로37번길 34-5,(지번) 송월동3가 13-11,연락처 없음,https://www.facebook.com/%EC%9D%B4%EB%AA%85%EC%A7%80%EC%82%AC%EC%A7%84%EC%97%B0%EA%B5%AC%EC%86%8Cx%EB%8F%99%ED%99%94%EB%A7%88%EC%9D%84%ED%9D%91%EB%B0%B1%EC%82%AC%EC%A7%84%EA%B3%B5-110602270727565
다미공방,0.0,0건,리뷰 1,인천 연수구 청량로239번길 11,(지번) 옥련동 273-11,010-9060-4521,
시월공방,0.0,0건,리뷰 3,인천 미추홀구 인하로309번길 15,(지번) 주안동 1493-3,연락처 없음,
진성인테리어공,0.0,0건,리뷰 0,인천 동구 만석부두로 6,(지번) 만석동 2-222,032-766-4556,
라육이공방 ,0.0,0건,리뷰 0,인천 서구 검단로511번길 6,(지번) 마전동 929,연락처 없음,
,"D 까사가죽공방 미술,공예",0.0,0건,리뷰 0,(지번) 마전동 929,연락처 없음,
바느질공,0.0,0건,리뷰 0,인천 서구 간촌로 35-6,(지번) 연희동 702-9,032-562-2323,
오원공방,0.0,0건,리뷰 1,인천 부평구 화랑북로 23-10 1층,(지번) 산곡동 317-57,010-2471-7689,
꿈이송송재봉틀공,0.0,0건,리뷰 0,인천 남동구 구월남로 58-6 1층,(지번) 구월동 1100-18,연락처 없음,http://8079hana.blog.me/
옥토 도예공방,0.0,0건,리뷰 0,인천 서구 가현로 118,(지번) 마전동 산 85-3,연락처 없음,https://0kto.modoo.at/
로뎀나무가죽공방,0.0,0건,리뷰 0,인천 계양구 계양대로205번길 3,(지번) 계산동 942-1,010-7163-0998,https://instagram.com/rodem_namu_leather
춘자공방,0.0,0건,리뷰 0,인천 남동구 석산로 159 보인프라자 6층 604호,(지번) 간석동 195-1,032-421-1321,http://blog.naver.com/talacan
세피로트가죽공방,0.0,0건,리뷰 43,인천 남동구 논고개로 71 가산타워 11층 1102-02호,(지번) 논현동 746-6,032-421-1321,http://blog.naver.com/by_sephiroth
항아리공방,0.0,0건,리뷰 0,인천 남동구 복개동로56번길 34,(지번) 만수5동 924-10,연락처 없음,
나무디자인,5.0,1건,리뷰 0,인천 중구 개항로96번길 5,(지번) 경동 129,032-777-0566,
다원공방 ,0.0,0건,리뷰 0,인천 서구 새오개로54번길 9-52,(지번) 신현동 160-4,070-7313-5413,
커피공,0.0,0건,리뷰 0,인천 남동구 석산로 120 3층,(지번) 간석동 342-6,070-7756-1564,
아라네공방,0.0,0건,리뷰 0,인천 남동구 용천로3번길 50-4,(지번) 구월동 1207,연락처 없음,
재미난가죽공방,0.0,0건,리뷰 2,인천 중구 제물량로 252-2,(지번) 선린동 27-5,연락처 없음,http://blog.naver.com/hohoinsuk
뽀시미네가죽공방,0.0,0건,리뷰 0,인천 미추홀구 주염로 58 주안시범공단 부대동 103호,(지번) 주안동 17-1,연락처 없음,https://posimine.modoo.at/
문병식현악공방,0.0,0건,리뷰 4,인천 계양구 계양대로 193 102호,(지번) 계산동 942-24,032-548-5683,http://www.mstring.co.kr/
러뷰나케이크공,0.0,0건,리뷰 1,인천 연수구 먼우금로83번길 49 106호,(지번) 동춘동 940,연락처 없음,
아그네스 도자기 공방,0.0,0건,리뷰 0,인천 서구 청라에메랄드로102번길 8-22,(지번) 청라동 167,연락처 없음,
연,0.0,0건,리뷰 0,인천 연수구 벚꽃로 90-1 1층,(지번) 청학동 494-4,연락처 없음,http://blog.naver.com/4na2yeon
토리도예공방,0.0,0건,리뷰 0,인천 남동구 매소홀로 1119,(지번) 서창동 545,연락처 없음,
인천도자기교육장,0.0,0건,리뷰 0,인천 부평구 부평대로167번길 54,(지번) 청천동 301-23,070-7398-7536,
제니공방,0.0,0건,리뷰 1,인천 부평구 신촌로 85 1층,(지번) 부평동 270-44,연락처 없음,https://blog.naver.com/janiceyi
주희공,0.0,0건,리뷰 0,인천 서구 원창로239번길 15-1,(지번) 가정동 501-15,연락처 없음,
H가죽공방,0.0,0건,리뷰 0,인천 미추홀구 구월남로 20,(지번) 주안동 1556-14,연락처 없음,
명노창 기,0.0,0건,리뷰 0,인천 남동구 구월로40번길 13,(지번) 간석동 901-3,032-428-6597,
파인공방,0.0,0건,리뷰 0,인천 연수구 함박로 60-1,(지번) 연수동 512-2,032-814-1917,
신양아리카페&공,0.0,0건,리뷰 2,tv소개,(지번) 연수동 512-2,032-814-1917,https://blog.naver.com/shinyangari
흙길도예공방,0.0,0건,리뷰 0,인천 동구 우각로 3,(지번) 창영동 16-6,032-889-0150,
줄리아의나무,0.0,0건,리뷰 0,인천 남동구 인주대로888번길 42-3,(지번) 만수동 1076-10,070-8812-6655,
삼나,5.0,1건,리뷰 0,인천 중구 참외전로 184,(지번) 율목동 1-29,연락처 없음,
,"D 소나무공방 미술,공예",0.0,0건,리뷰 0,(지번) 율목동 1-29,연락처 없음,https://cafe.naver.com/orangepc0yi
천자비비누공방,5.0,1건,리뷰 0,인천 부평구 하정로19번길 32-1,(지번) 십정동 390-26,032-426-6624,
도예공방카페 봄 세라워크서창점,0.0,0건,리뷰 0,인천 남동구 서창남순환로215번길 36 206호,(지번) 서창동 688,032-464-5955,https://ceraworkcafe.modoo.at/
다해,0.0,0건,리뷰 0,인천 부평구 시장로 지하 42,(지번) 부평동 126-10,연락처 없음,
도예공방담,0.0,0건,리뷰 1,인천 미추홀구 인하로221번길 21 1층,(지번) 주안동 1418-125,032-216-6454,https://blog.naver.com/dam-1230
무지개수선공,0.0,0건,리뷰 0,인천 미추홀구 우각로 98,(지번) 숭의동 106-1,연락처 없음,
카페공방 문,0.0,0건,리뷰 0,인천 부평구 주부토로146번길 44 1층,(지번) 갈산동 394-5,연락처 없음,
봄한복공,0.0,0건,리뷰 0,인천 남동구 논고개로 61 라피에스타 3층 312호,(지번) 논현동 747-1,070-8706-2757,http://blog.naver.com/bhappybakery
카,0.0,0건,리뷰 2,인천 중구 참외전로56번길 31,(지번) 전동 13-6,070-8706-2757,
조은가구공,5.0,1건,리뷰 0,인천 서구 봉수대로 1456,(지번) 오류동 55-10,032-262-0436,
창작,0.0,0건,리뷰 0,인천 미추홀구 참외전로 309-14 숭의목공예 창작공방 2층,(지번) 숭의동 124-57,032-883-1577,http://blog.naver.com/namguwood
올리브미싱공방,0.0,0건,리뷰 0,인천 부평구 부평대로 126-1,(지번) 부평동 431-23,연락처 없음,
여울공,0.0,0건,리뷰 0,인천 계양구 서운산업로47번길 31,(지번) 서운동 148-125,연락처 없음,http://cafe.naver.com/riffle1
명성글러브공방,0.0,0건,리뷰 0,인천 미추홀구 구월남로 6 2층,(지번) 주안동 1554-3,070-4300-0688,http://cafe.naver.com/msrepairshop
인천대공원 ,0.0,0건,리뷰 5,인천 남동구 장수동 206,(지번) 주안동 1554-3,연락처 없음,
,D 향기로운나무공방 목공예,0.0,0건,리뷰 0,(지번) 주안동 1554-3,연락처 없음,
명은갤러리도예공방,0.0,0건,리뷰 0,인천 남동구 도림로31번길 7-5 1층,(지번) 도림동 666-6,032-427-5797,http://www.xn--ok0bu9hgqgqwoqla.kr/
목림공,0.0,0건,리뷰 0,인천 미추홀구 미추홀대로 636,(지번) 주안동 453-15,032-434-6897,
새누공방 홈플러스인하점,0.0,0건,리뷰 0,인천 미추홀구 소성로 6 홈플러스 2층,(지번) 학익동 720,032-654-9003,
화수분공,0.0,0건,리뷰 0,인천 서구 면개포로 6-1,(지번) 석남2동 541-29,연락처 없음,
ey뷰티 천연비누공방,0.0,0건,리뷰 0,인천 서구 검암로30번길 10,(지번) 검암동 506-3,연락처 없음,
아트앤레더 가죽공방,0.0,0건,리뷰 0,인천 부평구 충선로 191 1층 22호,(지번) 부개동 477-4,010-8480-1458,http://blog.naver.com/nojieun1104/
즐거운YB공,5.0,1건,리뷰 0,인천 남동구 논현고잔로109번길 6,(지번) 고잔동 761-20,070-8614-4803,
말랑공방,0.0,0건,리뷰 1,인천 서구 청라커낼로260번길 27 청라한신더휴커낼웨이오피스텔 B동 22층 2223호,(지번) 청라동 157-21,연락처 없음,https://www.instagram.com/mallang.studio/
최윤하스텔라공방카페,0.0,0건,리뷰 3,인천 서구 보석로18번길 9 1층,(지번) 청라동 104-140,연락처 없음,http://www.stellarchoi.com/
공방스토리,0.0,0건,리뷰 0,인천 계양구 봉오대로706번길 13,(지번) 작전동 871-46,연락처 없음,
금빛공방,0.0,0건,리뷰 0,인천 계양구 임학서로27번길 9,(지번) 계산동 911-29,032-544-9464,
박애영의플라워공방,0.0,0건,리뷰 0,인천 부평구 원적로403번길 10-12,(지번) 산곡동 411-30,연락처 없음,
치즐공,0.0,0건,리뷰 0,인천 강화군 불은면 불은남로167번길 88,(지번) 불은면 넙성리 565,연락처 없음,http://cafe.naver.com/chiselshop
만천공방,0.0,0건,리뷰 0,인천 남동구 인수북로 1,(지번) 만수동 49-8,연락처 없음,
귀금속공방 ,0.0,0건,리뷰 0,인천 동구 화평동 444-2,(지번) 만수동 49-8,연락처 없음,
드림아트공방,5.0,4건,리뷰 0,인천 서구 중봉대로586번길 9-11 청라매그놀리아 2층 216호,(지번) 청라동 162-18,연락처 없음,http://www.cpop.kr/
지하공,0.0,0건,리뷰 0,인천 중구 우현로 67 신포지하상가 114,(지번) 답동 65-1,032-764-0164,
도자기공방민,0.0,0건,리뷰 0,인천 중구 제물량로 252-1,(지번) 선린동 27-6,연락처 없음,
지니공방,0.0,0건,리뷰 0,인천 연수구 벚꽃로 84 1층,(지번) 청학동 494,연락처 없음,http://www.instagram.com/mijin2295
미소,0.0,0건,리뷰 5,인천 남동구 미래로 42 구월코아루파크드림 4층,(지번) 구월동 1140,연락처 없음,https://blog.naver.com/misohyang_studio/
달다레공방,0.0,0건,리뷰 0,인천 남동구 인하로 513-1,(지번) 구월동 1174-8,070-7743-1004,
유앤미도예공방,0.0,0건,리뷰 1,인천 계양구 하느재로 8,(지번) 계산동 926-33,연락처 없음,
도예공방자기소윤,0.0,0건,리뷰 0,인천 계양구 주부토로 474,(지번) 계산동 306,032-542-3785,
아름나무,0.0,0건,리뷰 0,인천 미추홀구 인주대로224번길 2,(지번) 용현동 174-8,연락처 없음,
꼬무리공방,0.0,0건,리뷰 2,인천 서구 원당대로685번길 32 당하2차풍림상가 204호,(지번) 마전동 1053-1,연락처 없음,https://blog.naver.com/heeskim0226/
도락공방,5.0,1건,리뷰 0,인천 서구 승학로 587 로얄프라자빌딩 1층113호,(지번) 검암동 510-5,연락처 없음,http://www.dorack.com/
달,0.0,0건,리뷰 1,인천 연수구 아트센터대로 203 송도센트럴파크푸르지오시티상가 B동 119호,(지번) 송도동 83,연락처 없음,https://blog.naver.com/eisalsrnr1/
노바라탄공방,0.0,0건,리뷰 1,인천 부평구 장제로189번길 4 1층,(지번) 부평동 10-894,010-2223-5545,http://www.instagram.com/nova__rattan
아르떼공방 인테,5.0,1건,리뷰 0,인천 남동구 만수로45번길 16,(지번) 만수동 72-2,010-5360-5171,
우리가죽공방,0.0,0건,리뷰 0,인천 남동구 백범로352번길 13,(지번) 간석동 99-8,연락처 없음,
다미공방,0.0,0건,리뷰 0,인천 연수구 한나루로 175,(지번) 옥련동 341-42,연락처 없음,
나,0.0,0건,리뷰 0,인천 남동구 간석로 48,(지번) 간석동 95-6,032-433-2346,
맹가미가죽공방,0.0,0건,리뷰 0,인천 중구 우현로35번길 21-2,(지번) 신생동 2-4,연락처 없음,
장아찌공방 빚고담,5.0,1건,리뷰 0,인천 강화군 불은면 불은남로 125,(지번) 불은면 신현리 289-1,032-937-9712,
태연도자기공방,0.0,0건,리뷰 0,인천 계양구 병방시장로 27,(지번) 임학동 154,연락처 없음,
인천주안아트센터갤러리,0.0,0건,리뷰 0,인천 미추홀구 수봉로 141,(지번) 주안동 660-112,010-3320-4275,
하랑 세라믹 공방,5.0,1건,리뷰 0,인천 남동구 간석로32번길 19,(지번) 간석동 102,연락처 없음,
라임트리공방카,0.0,0건,리뷰 0,인천 서구 검단로623번길 4 세창프라자 4층 401호,(지번) 마전동 291-6,032-562-4456,https://blog.naver.com/ppj0023/
카페공방연리지 ,0.0,0건,리뷰 0,인천 계양구 계산천동로19번길 12,(지번) 계산동 962-41,032-555-9071,
승연공방,0.0,0건,리뷰 0,인천 서구 간촌로 11-10,(지번) 연희동 709-8,연락처 없음,
푸른솔천연공방,0.0,0건,리뷰 0,인천 남동구 오봉로 4-1,(지번) 도림동 633-6,연락처 없음,
소년공방 송도점,5.0,1건,리뷰 0,인천 연수구 신송로 122 송도프라자 4층 403호,(지번) 송도동 2-6,032-832-5464,https://cafe.naver.com/boysgarage
마법의공방 제,0.0,0건,리뷰 0,인천 동구 송현로19번길 7,(지번) 송현동 67-37,연락처 없음,
진주공방 ,0.0,0건,리뷰 0,인천 부평구 마분로 21-3,(지번) 부개동 392-18,연락처 없음,
,"D 옥이네공방 미술,공예",0.0,0건,리뷰 3,(지번) 부개동 392-18,연락처 없음,
그날의 공방,0.0,0건,리뷰 0,인천 서구 청라에메랄드로 99,(지번) 청라동 165,연락처 없음,
미싱공방DIY,0.0,0건,리뷰 0,인천 동구 인중로680번길 5,(지번) 송림동 32-106,연락처 없음,
폴리나가죽공방,0.0,0건,리뷰 3,인천 중구 하늘달빛로 88 채운에비뉴 6층 604호,(지번) 중산동 1875-5,010-8077-0524,https://blog.naver.com/younheeii
연선캔들공방,0.0,0건,리뷰 0,인천 계양구 도두리로 46 도두리동보상가 1층 116호,(지번) 작전동 912-3,연락처 없음,
가도공방 ,0.0,0건,리뷰 0,인천 중구 신포로27번길 59,(지번) 중앙동2가 6-1,032-772-0488,
목금토공방,0.0,0건,리뷰 1,인천 남동구 호구포로866번길 26,(지번) 구월동 1253-3,연락처 없음,
행복이네 가죽공방,0.0,0건,리뷰 0,인천 동구 송림로 지하 4,(지번) 금곡동 10,연락처 없음,
나무야,0.0,0건,리뷰 0,인천 남동구 남촌로122번길 65 3층,(지번) 남촌동 351-8,연락처 없음,http://www.namooya.or.kr/
루미에르공방,0.0,0건,리뷰 0,인천 동구 석수로 13-1,(지번) 만석동 74-1,032-762-4943,
동네공방,0.0,0건,리뷰 0,인천 부평구 주부토로 149,(지번) 갈산동 378-8,연락처 없음,
수커피공방,0.0,0건,리뷰 0,인천 중구 차이나타운로 20,(지번) 북성동2가 8-1,연락처 없음,
나무향기공,0.0,0건,리뷰 0,인천 남동구 성말로 33,(지번) 구월동 1163-13,032-423-1882,
별사랑공,0.0,0건,리뷰 1,인천 서구 청마로 64 플로채 109동 4층,(지번) 당하동 1087-18,010-4311-3111,http://blog.naver.com/petaroma
달보드레공방,0.0,0건,리뷰 2,인천 서구 장고개로287번길 2-2 1층,(지번) 가좌동 243-5,연락처 없음,
,"D 하늘공방 미술,공예",0.0,0건,리뷰 0,(지번) 가좌동 243-5,연락처 없음,
별구름슬라임팬시공,0.0,0건,리뷰 1,인천 중구 흰바위로 41,(지번) 운서동 2794-1,연락처 없음,
미추홀도예공방,0.0,0건,리뷰 0,인천 연수구 컨벤시아대로 70 송도힐스테이트 302동126호,(지번) 송도동 21-59,032-832-0807,
설기공,0.0,0건,리뷰 0,인천 남동구 풀무로 9-2,(지번) 간석동 69-27,032-439-3429,
뜨개공방,0.0,0건,리뷰 0,인천 서구 원창로239번길 32,(지번) 가정동 498-6,연락처 없음,
공방똑똑,0.0,0건,리뷰 0,인천 계양구 봉오대로 712 1층,(지번) 작전동 871-3,0507-1330-6738,http://www.instagram.com/00ddok
해오른공방,0.0,0건,리뷰 0,인천 계양구 성안길 42,(지번) 갈현동 39,연락처 없음,
사소한공방 다을,5.0,1건,리뷰 0,인천 강화군 강화읍 화성길50번길 20,(지번) 강화읍 남산리 439-38,연락처 없음,http://www.instagram.com/daeul7070
샵우드,5.0,1건,리뷰 2,인천 남동구 평온로 5 미정빌딩 지하,(지번) 간석동 770-18,연락처 없음,
꼬매리가죽공방,0.0,0건,리뷰 3,인천 연수구 컨벤시아대로42번길 8 코오롱더프라우1단지 102동 107호,(지번) 송도동 15-12,연락처 없음,http://blog.naver.com/ggomerry/
지음공방,0.0,0건,리뷰 0,인천 남동구 함박뫼로 438-14 1층,(지번) 논현동 579-6,010-5444-2015,
도예공방,0.0,0건,리뷰 0,인천 연수구 송도문화로28번길 28 202동 129호,(지번) 송도동 190-2,010-5444-2015,http://blog.naver.com/woomet
날,0.0,0건,리뷰 0,인천 미추홀구 길파로 46,(지번) 주안동 16-11,연락처 없음,
심심한공방,0.0,0건,리뷰 1,인천 계양구 하느재로 14,(지번) 계산동 926-27,연락처 없음,https://simsimhan.modoo.at/
또바기공방,0.0,0건,리뷰 0,인천 부평구 굴포로 50-10 1층 102호,(지번) 갈산동 367-2,연락처 없음,http://instagram.com/d_do_bagi
담쟁이공,0.0,0건,리뷰 0,인천 서구 서곶로 355,(지번) 연희동 686-13,연락처 없음,
지천년배첩공방,0.0,0건,리뷰 0,인천 중구 신포로15번길 69-2,(지번) 해안동2가 8-11,연락처 없음,
파란문화공,0.0,0건,리뷰 0,인천 중구 백운로 437,(지번) 운북동 434-7,연락처 없음,
예솔인형공방,0.0,0건,리뷰 0,인천 중구 답동로 18,(지번) 율목동 242-42,032-346-6222,http://www.yesolart.com/
이지가죽공방,0.0,0건,리뷰 1,인천 연수구 능허대로79번길 30 럭키송도아파트 종합상가 2층 209호,(지번) 옥련동 626,010-2197-0268,http://blog.naver.com/izzy_atelier
감자공방,0.0,0건,리뷰 0,인천 미추홀구 인주대로185번길 14-14,(지번) 용현동 127-10,연락처 없음,http://blog.naver.com/fmpops
힐링공방,0.0,0건,리뷰 0,인천 부평구 길주남로65번길 12-7,(지번) 부평동 10-619,연락처 없음,
토함도예공방,0.0,0건,리뷰 0,인천 강화군 불은면 불은남로339번길 11-12,(지번) 불은면 오두리 332-1,연락처 없음,
하루공방,0.0,0건,리뷰 0,인천 부평구 배곶북로 5-2,(지번) 십정동 297-21,연락처 없음,
경선도예공방,0.0,0건,리뷰 0,인천 연수구 해돋이로 107 더샵퍼스트월드 G동 62호,(지번) 송도동 4-1,032-793-5672,http://blog.naver.com/chocoba1142
인천공,0.0,0건,리뷰 0,인천 미추홀구 참외전로 333,(지번) 숭의동 116-31,032-887-5608,
맘스공방,0.0,0건,리뷰 0,인천 남동구 주안로259번길 17,(지번) 간석동 388-26,010-7732-2954,
자비아공방,0.0,0건,리뷰 0,인천 강화군 강화읍 강화산단로250번길 46,(지번) 강화읍 월곳리 680-4,032-934-6092,http://gmcow.co.kr/
흙빛도예공방,0.0,0건,리뷰 0,인천 계양구 주부토로 493,(지번) 계산동 964-49,연락처 없음,
톡톡공방,0.0,0건,리뷰 14,인천 남동구 인주대로623번길 31 3층 304호,(지번) 구월동 1143-32,010-8010-6870,https://www.instagram.com/toktok_n.k/
,"D 마녀의빗자루공방 미술,공예",0.0,0건,리뷰 0,(지번) 구월동 1143-32,연락처 없음,
케온공방,0.0,0건,리뷰 38,인천 부평구 시장로 27 3층,(지번) 부평동 193-2,연락처 없음,https://blog.naver.com/werjsgml/
재미난가죽공방,0.0,0건,리뷰 0,인천 중구 차이나타운로52번길 15,(지번) 선린동 40-3,연락처 없음,
엘샤다이 공,5.0,1건,리뷰 0,인천 서구 가남로291번길 2 1층,(지번) 석남동 496-43,연락처 없음,
꾸미룸공방,0.0,0건,리뷰 1,인천 부평구 백범로477번길 8 1층,(지번) 십정동 449-18,연락처 없음,http://reem.co.kr/
포크민트공방,0.0,0건,리뷰 0,인천 부평구 안남로 269 산곡푸르지오아파트 상가 2층,(지번) 산곡2동 510,연락처 없음,http://blog.daum.net/folkmint
탑가,0.0,0건,리뷰 0,인천 서구 석남로109번길 13,(지번) 석남동 575-36,032-572-5773,
두손,0.0,0건,리뷰 0,인천 남동구 구월말로 12-1 2층,(지번) 구월동 1313-5,연락처 없음,https://dellhouse.modoo.at/
메무아향초공방,0.0,0건,리뷰 2,인천 남동구 남동대로702번길 8 1층,(지번) 구월동 1181-3,0507-1321-0236,http://www.instagram.com/memoire_scent
솜씨공방,0.0,0건,리뷰 1,인천 남동구 석산로 191 2층,(지번) 간석동 140-7,032-472-4300,http://blog.naver.com/goldpig001
한스공방,0.0,0건,리뷰 2,인천 연수구 계림로112번길 17 1층,(지번) 청학동 552-11,연락처 없음,https://blog.naver.com/jjuunng1/
에이치팩토리 가죽공방,0.0,0건,리뷰 0,인천 계양구 계산새로 110 상가동 2층,(지번) 계산동 1084-2,연락처 없음,https://www.instagram.com/h_factory_leather/
카페공방이들,0.0,0건,리뷰 0,인천 부평구 경원대로1240번길 15-10,(지번) 부평동 278-14,032-512-1188,
볼레옹공방,0.0,0건,리뷰 0,인천 미추홀구 경인로 367,(지번) 주안동 184-10,032-888-0888,
모퉁이공방,0.0,0건,리뷰 0,인천 계양구 계산시장길 29,(지번) 계산동 955,연락처 없음,
,"D 빛나는공방 미술,공예",0.0,0건,리뷰 0,(지번) 계산동 955,연락처 없음,
설띠야미공방,0.0,0건,리뷰 1,인천 서구 승학로 494 준암프라자 4층,(지번) 검암동 606-1,연락처 없음,https://blog.naver.com/mys2051/
진달래공방,0.0,0건,리뷰 0,인천 강화군 삼산면 삼산북로 180,(지번) 삼산면 석포리 547-11,032-933-3691,
노을공방,0.0,0건,리뷰 0,인천 남동구 소래역남로16번길 75 더타워상가 2층 206-2A호,(지번) 논현동 751-1,연락처 없음,https://blog.naver.com/maslinn
바나다,0.0,0건,리뷰 0,인천 남동구 만수서로 76 2층,(지번) 만수동 80-874,연락처 없음,https://blog.naver.com/banada_craft
엘림공방,0.0,0건,리뷰 0,인천 남동구 독점로3번길 30-10,(지번) 구월동 1197-3,연락처 없음,
열린공방 사나래,0.0,0건,리뷰 0,인천 남동구 은봉로312번길 29-3,(지번) 논현동 605-4,연락처 없음,http://xn--1004-987p694a03p.com/
하늘가죽공,0.0,0건,리뷰 0,인천 강화군 강화읍 강화대로 430,(지번) 강화읍 관청리 523-3,070-7013-4545,
예쏘공방,0.0,0건,리뷰 0,인천 미추홀구 주승로 201-1,(지번) 관교동 483-8,010-3902-4838,
뜨개공,0.0,0건,리뷰 0,인천 동구 송미로24번길 17-5,(지번) 송림동 8-666,연락처 없음,
청년공방,0.0,0건,리뷰 2,인천 남동구 인하로507번길 9 5층,(지번) 구월동 1471-1,연락처 없음,https://www.instagram.com/neon.k2513/
작은공방,0.0,0건,리뷰 0,인천 동구 화도진로35번길 4-1,(지번) 송현동 98-505,010-5777-5130,
고작도예공방,0.0,0건,리뷰 0,인천 계양구 계양산로 143,(지번) 임학동 2-4,032-543-4646,https://blog.naver.com/parkway5/
그리심도예공방,0.0,0건,리뷰 0,인천 미추홀구 경인로485번길 7,(지번) 주안동 920,032-424-0217,
갤러리공방 ,0.0,0건,리뷰 0,인천 중구 운남로 189,(지번) 운남동 1503-3,연락처 없음,
,"D 꼬임공방 미술,공예",0.0,0건,리뷰 0,(지번) 운남동 1503-3,연락처 없음,http://www.ccoim.com/
개항로꽃공방,0.0,0건,리뷰 0,인천 중구 개항로 101-1 1층,(지번) 경동 106,연락처 없음,http://pf.kakao.com/_xllWVK
놀토도예공방,0.0,0건,리뷰 0,인천 부평구 충선로 176-5,(지번) 부개동 496-6,연락처 없음,
더리미공,0.0,0건,리뷰 0,인천 강화군 선원면 선원사지로51번길 14,(지번) 선원면 신정리 300-16,연락처 없음,
수수공방,0.0,0건,리뷰 0,인천 강화군 강화읍 강화대로 430,(지번) 강화읍 관청리 523-3,032-934-1674,
키리에공방,0.0,0건,리뷰 0,인천 부평구 길주남로101번길 29 1층,(지번) 부개동 481-4,연락처 없음,http://www.instargram.com/ki_rie_
소성레이저공방,0.0,0건,리뷰 0,인천 부평구 광장로 지하 30,(지번) 부평동 126,연락처 없음,
아띠공방,0.0,0건,리뷰 0,인천 동구 송림로145번길 4,(지번) 송림동 31-20,연락처 없음,
아리공,0.0,0건,리뷰 0,인천 서구 원당대로117번길 78,(지번) 오류동 391,연락처 없음,
고운공방,0.0,0건,리뷰 0,인천 중구 운중로48번길 24,(지번) 운남동 146-2,010-6588-8306,
가배공방,0.0,0건,리뷰 0,인천 미추홀구 독배로436번길 13,(지번) 숭의동 210-13,032-872-1963,
러블리공방,0.0,0건,리뷰 0,인천 남동구 용천로17번길 19,(지번) 구월동 1217,연락처 없음,
수작공방,0.0,0건,리뷰 0,인천 동구 화평동 9-1,,연락처 없음,
예랑아트공방,0.0,0건,리뷰 4,인천 남동구 호구포로 294-1,(지번) 논현동 564-3,연락처 없음,http://blog.naver.com/shoung25/
노리터공방,0.0,0건,리뷰 0,인천 서구 가정로307번길 12,(지번) 석남동 451-41,연락처 없음,https://blog.naver.com/heejini3825
,"D 비니의공방 미술,공예",0.0,0건,리뷰 0,(지번) 석남동 451-41,연락처 없음,
착한공방,0.0,0건,리뷰 0,인천 서구 서곶로 816,(지번) 당하동 895-1,연락처 없음,
디오공방,0.0,0건,리뷰 0,인천 남동구 구월남로268번길 23-25,(지번) 구월동 1276-10,연락처 없음,
음악하는공방실용음악학원 ,0.0,0건,리뷰 0,인천 중구 흰바위로 31,(지번) 운서동 2793-1,032-747-0206,
모퉁이공방,0.0,0건,리뷰 0,인천 서구 검암로10번길 36 검암4차신명스카이뷰골드아파트 상가동 1층,(지번) 검암동 535-2,연락처 없음,
호화공방 ,0.0,0건,리뷰 0,인천 남동구 성말로 38,(지번) 구월동 1172-5,070-8916-7285,
향기공방,0.0,0건,리뷰 0,인천 남동구 구월말로3번길 74,(지번) 구월동 1283-19,연락처 없음,
놀쟁이아트공방,0.0,0건,리뷰 0,인천 부평구 주부토로151번길 43,(지번) 갈산동 377-2,연락처 없음,
감성공방,0.0,0건,리뷰 0,인천 부평구 장제로 220,(지번) 부평동 915,연락처 없음,
민서캔들공방,0.0,0건,리뷰 0,인천 계양구 도두리로 46,(지번) 작전동 912,연락처 없음,
날엔떡공,0.0,0건,리뷰 0,인천 연수구 하모니로 144 A동 207호,(지번) 송도동 8-23,070-4062-9413,http://nalenstudio.moodoo.at/
목소리 공방,0.0,0건,리뷰 0,인천 미추홀구 석정로202번길 15,(지번) 도화동 88,연락처 없음,
지음공방,0.0,0건,리뷰 0,인천 중구 운중로 186,(지번) 중산동 1326,연락처 없음,
태성공방 ,0.0,0건,리뷰 0,인천 동구 솔빛로91번길 55,(지번) 송림동 124-22,032-765-9653,
다손공방,0.0,0건,리뷰 0,인천 계양구 계양산로216번길 19,(지번) 임학동 6-26,032-555-6921,http://cafe.daum.net/dodason
,"D 도예공방 향 미술,공예",0.0,0건,리뷰 0,(지번) 임학동 6-26,032-555-6921,
우,0.0,0건,리뷰 1,인천 서구 대곡로 385,(지번) 대곡동 61,032-563-2707,http://happysem.co.kr/
마루공방,0.0,0건,리뷰 0,인천 남동구 구월남로 337 2층,(지번) 만수동 925-11,010-5092-2523,
이야기공방,0.0,0건,리뷰 0,인천 남동구 용천로11번길 21,(지번) 구월동 1218,연락처 없음,
인디고공방,0.0,0건,리뷰 0,인천 미추홀구 샛골로 8-13,(지번) 숭의동 431-77,연락처 없음,
나무공,0.0,0건,리뷰 3,인천 남동구 논현고잔로 123,(지번) 고잔동 224,032-571-8803,
해오름공방,0.0,0건,리뷰 0,인천 계양구 오류남길 8,(지번) 오류동 85-2,연락처 없음,
뽀심이네가죽공방,0.0,0건,리뷰 0,인천 미추홀구 석정로279번길 11,(지번) 도화동 104-3,연락처 없음,
젱이공방,0.0,0건,리뷰 0,인천 미추홀구 인하로318번길 13-28,(지번) 주안동 1214,010-2616-6363,
레몬트리구명진공방,0.0,0건,리뷰 0,인천 동구 동산로 35-6,(지번) 송림동 93,연락처 없음,
소느로비누공방,0.0,0건,리뷰 0,인천 서구 심곡동 366-1 광명상가 2층 212호,(지번) 송림동 93,연락처 없음,http://www.sonuro.net/
가죽공방 앤셜리,0.0,0건,리뷰 0,인천 연수구 청능대로 109,(지번) 연수동 599-5,연락처 없음,http://blog.naver.com/djlovehy
스미공방,0.0,0건,리뷰 0,인천 계양구 용종로 23 태산상가 지하 1층,(지번) 계산동 1084-3,연락처 없음,http://cmickey.blog.me/
성심공방,0.0,0건,리뷰 0,인천 계양구 임학서로2번길 1,(지번) 임학동 63-8,연락처 없음,
윤가죽공방,0.0,0건,리뷰 0,인천 부평구 부평4동 7,,연락처 없음,
,"D 꼼지공방 미술,공예",0.0,0건,리뷰 0,,연락처 없음,
조이어스공방,0.0,0건,리뷰 0,인천 미추홀구 인주대로330번길 26,(지번) 주안동 1418-84,연락처 없음,
우들스공방,0.0,0건,리뷰 0,인천 남동구 오봉로 2,(지번) 도림동 632-1,070-7559-3128,
한얼공방,0.0,0건,리뷰 0,인천 남동구 만수로 9-5,(지번) 만수동 872-3,032-468-6066,
노트공방 ,0.0,0건,리뷰 0,인천 미추홀구 매소홀로535번길 36,(지번) 문학동 336-1,070-4065-3595,
핸드메이드공,0.0,0건,리뷰 0,인천 서구 고산로40번2길 1,(지번) 원당동 848-4,032-715-7030,
단비공방,0.0,0건,리뷰 0,인천 동구 송림로 지하 4,(지번) 금곡동 10,연락처 없음,
도시락,0.0,0건,리뷰 0,인천 계양구 계양산로 173,(지번) 임학동 4-1,연락처 없음,
자연과함께하는공방,0.0,0건,리뷰 0,인천 미추홀구 경인로 334-20,(지번) 주안동 507-44,032-818-5213,
하마캘리공방,0.0,0건,리뷰 0,인천 남동구 서창남로 2-1,(지번) 서창동 717,연락처 없음,
해인맘,0.0,0건,리뷰 0,인천 동구 방축로37번길 30 38동 113호,(지번) 송현동 129,연락처 없음,https://toolsmarket.co.kr/kbiz/kr/index/index.lime
리코(Rico,0.0,0건,리뷰 0,인천 남동구 앵고개로847번길 80-9,(지번) 논현동 741,연락처 없음,
사루비아 금속공방,0.0,0건,리뷰 0,인천 동구 화도진로27번길 14-5 2층,(지번) 송현동 98-169,연락처 없음,
혀니공방 주안점,0.0,0건,리뷰 0,인천 미추홀구 인하로309번길 25,(지번) 주안동 1490-4,연락처 없음,
다사공방,0.0,0건,리뷰 0,인천 연수구 선학로 101,(지번) 선학동 352,032-816-4234,
,"D 다온공방 미술,공예",0.0,0건,리뷰 0,(지번) 선학동 352,032-816-4234,
명인공,0.0,0건,리뷰 0,인천 서구 가정로151번길 29,(지번) 가좌동 119-19,연락처 없음,
해피공방,0.0,0건,리뷰 0,인천 남동구 하촌서로17번길 4,(지번) 만수동 936-22,연락처 없음,
휴공방,0.0,0건,리뷰 0,인천 남동구 문화로169번길 54-5,(지번) 간석동 508-189,연락처 없음,
이콘공방,0.0,0건,리뷰 0,인천 미추홀구 석정로150번길 58,(지번) 숭의동 92-12,연락처 없음,
글나무공방,0.0,0건,리뷰 0,인천 부평구 하정로 2 1층,(지번) 십정2동 398,연락처 없음,
늘푸른공방,0.0,0건,리뷰 0,인천 부평구 안남로206번길 18,(지번) 산곡동 274-6,연락처 없음,
수블리공방,0.0,0건,리뷰 0,인천 남동구 선수촌공원로 96,(지번) 구월동 1485,연락처 없음,
님의공방,0.0,0건,리뷰 0,인천 남동구 장승로 17,(지번) 만수동 1080,연락처 없음,
예윤공방한지사랑갤러리 ,0.0,0건,리뷰 0,인천 부평구 충선로161번길 24,(지번) 부개동 12-307,연락처 없음,
보물맘의공방스토리 ,0.0,0건,리뷰 0,인천 서구 원창로239번길 16-1,(지번) 가정동 499-17,연락처 없음,
클레오의천연,0.0,0건,리뷰 0,인천 서구 염곡로327번길 21-1,(지번) 신현동 137-16,070-8654-8812,
다행공방,0.0,0건,리뷰 0,인천 미추홀구 한나루로341번길 54-28,(지번) 학익동 705,연락처 없음,
공방더캔솝 ,0.0,0건,리뷰 0,인천 연수구 새말로45번길 20,(지번) 연수동 553,연락처 없음,
예삐공방,0.0,0건,리뷰 0,인천 동구 송림로 지하 4,(지번) 금곡동 10,연락처 없음,
,"D 인화네공방 미술,공예",0.0,0건,리뷰 0,(지번) 금곡동 10,연락처 없음,
비누공방,0.0,0건,리뷰 0,인천 강화군 강화읍 강화대로 429,(지번) 강화읍 신문리 205-5,연락처 없음,
화연공방,0.0,0건,리뷰 0,인천 중구 차이나타운로52번길 15,(지번) 선린동 40,연락처 없음,
다소니공방,0.0,0건,리뷰 0,인천 미추홀구 능해길 12,(지번) 용현동 573-10,연락처 없음,
예나공,0.0,0건,리뷰 1,인천 부평구 부평대로 지하 69,(지번) 부평동 126-10,연락처 없음,
서윤아로마아트공방 ,0.0,0건,리뷰 0,인천 남동구 소래역남로16번길 75,(지번) 논현동 751,연락처 없음,
올리브공방,0.0,0건,리뷰 0,인천 부평구 동수천로 68-14,(지번) 부개동 133-13,연락처 없음,
예전공,0.0,0건,리뷰 0,인천 남동구 백범로 305,(지번) 간석동 22-10,032-423-3790,
롯데갤러리 인천터,0.0,0건,리뷰 12,인천 미추홀구 연남로 35 롯데백화점인천터미널점 5층,(지번) 관교동 15,032-423-3790,https://blog.naver.com/lottegallery_ict
보석십자수 인천구월점,0.0,0건,리뷰 0,인천 남동구 남동대로702번길 8 1층,(지번) 구월동 1181-3,010-8649-2786,https://blog.naver.com/kkang2786
벽화마을 인,5.0,4건,리뷰 0,인천 부평구 백범로529번길 13-1,(지번) 십정동 360-13,032-435-7251,http://www.seventown.com/
포슬린페인팅아트스쿨 인천점,0.0,0건,리뷰 0,인천 남동구 논고개로136번길 6-8 1층 102호,(지번) 논현동 613-3,032-435-7251,http://www.incheonporcelain.com/
코리아퀼트 인천학원,0.0,0건,리뷰 0,인천 남동구 문화로 61,(지번) 구월동 1406-16,032-442-4656,
한지상자닷컴 인천공방,0.0,0건,리뷰 0,인천 서구 원당대로301번길 2 B09호,(지번) 왕길동 596-1,032-442-4656,http://artbox114.com/
로하스문화센터 인천부평분점,0.0,0건,리뷰 0,인천 부평구 후정동로25번길 7,(지번) 삼산동 207-15,032-209-9662,
KBA한국버닝협회 인,0.0,0건,리뷰 0,인천 남동구 인하로521번길 10-25,(지번) 구월동 1176-10,070-8627-3221,
평생문화센터 인천계양지부,0.0,0건,리뷰 0,인천 계양구 효서로 417,(지번) 서운동 203,연락처 없음,
유니트디자인아카데미 인천지사,0.0,0건,리뷰 0,인천 부평구 부평동 756-421,(지번) 서운동 203,연락처 없음,
국제아로마아카데미 인천센터,0.0,0건,리뷰 0,인천 부평구 경원대로1256번길 21 2층,(지번) 부평동 283-113,032-654-7756,http://blog.naver.com/zyx9876
박씨상,3.7,3건,리뷰 10,경기 김포시 고촌읍 아라육로57번길 97,(지번) 고촌읍 전호리 733,031-8049-3263,http://www.koreasang.co.kr/
현대기계족자,0.0,0건,리뷰 0,인천 남동구 문화로115번길 41,(지번) 구월동 1345-5,032-422-7837,
태연수제화,0.0,0건,리뷰 1,인천 계양구 병방시장로 27,(지번) 임학동 154,032-422-7837,http://cafe.daum.net/ty0808
그린공예센터,0.0,0건,리뷰 0,인천 서구 가정로294번길 6 3층,(지번) 석남동 480-9,032-573-5955,http://cafe.daum.net/greenkb
푸른솔천연비누,0.0,0건,리뷰 0,인천 남동구 만수로 12-6 인천남동지역자활센터 2층,(지번) 만수동 102-12,070-7963-9012,http://blog.daum.net/soap2013
