공방이름,평균별점,별점건수,리뷰건수,주소,지번주소,연락처,홈페이지
4,0.0,0건,리뷰 1,제주특별자치도 제주시 구남로8길 38,(지번) 이도2동 2008-3,064-753-8037,
귤빛정원,4.8,4건,리뷰 2,제주특별자치도 제주시 애월읍 애월원당길 101,(지번) 애월읍 애월리 1185-2,연락처 없음,
제주스런,5.0,1건,리뷰 16,제주특별자치도 제주시 조천읍 대흘9길 37,(지번) 조천읍 대흘리 1079-22,연락처 없음,https://www.instagram.com/jejutic_jeju
,"D 나무앤 미술,공예",0.0,0건,리뷰 5,(지번) 조천읍 대흘리 1079-22,연락처 없음,https://namun.modoo.at/
바티,5.0,1건,리뷰 2,제주특별자치도 제주시 연북로 605,(지번) 이도이동 1985-5,연락처 없음,http://blog.naver.com/jejubati
아트하우스,4.7,3건,리뷰 7,제주특별자치도 제주시 한림읍 명월성로 141,(지번) 한림읍 동명리 2218,연락처 없음,
아로마제주,3.8,4건,리뷰 17,제주특별자치도 서귀포시 효돈순환로 217-3,(지번) 하효동 951-1,연락처 없음,https://yjoy98.blog.me/
ZIP트리,5.0,1건,리뷰 1,제주특별자치도 제주시 조천읍 선진길 88,(지번) 조천읍 선흘리 469-8,연락처 없음,http://cafe.daum.net/zip0807
리노바 도자공방,0.0,0건,리뷰 17,제주특별자치도 제주시 연삼로 351 지하 1층,(지번) 도남동 81-16,연락처 없음,https://blog.naver.com/dinovoa
굿이너프데이,5.0,2건,리뷰 3,제주특별자치도 서귀포시 안덕면 난드르로36번길 5,(지번) 안덕면 창천리 844-2,070-8823-8287,https://blog.naver.com/goodenday
위미캔들,0.0,0건,리뷰 7,제주특별자치도 서귀포시 남원읍 태위로 293-1 동백빌리지 1층,(지번) 남원읍 위미리 959-7,070-8823-8287,https://www.instagram.com/wimi.candle
요망진제주 월정점,4.3,3건,리뷰 4,제주특별자치도 제주시 구좌읍 월정7길 47,(지번) 구좌읍 월정리 63,010-3918-3047,https://www.instagram.com/yomangjin_jeju/
이중섭미술관 창작스튜디,0.0,0건,리뷰 2,제주특별자치도 서귀포시 이중섭로 33,(지번) 서귀동 514,064-760-3573,http://culture.seogwipo.go.kr/jslee/
공간사랑,0.0,0건,리뷰 0,제주특별자치도 제주시 연미2길 16-5,(지번) 오라삼동 2874-3,064-757-4638,
오브젝트늘,2.5,4건,리뷰 0,제주특별자치도 제주시 구좌읍 종달로7길 8-1,(지번) 구좌읍 종달리 1965,연락처 없음,https://www.instagram.com/object.neul/
아트,0.0,0건,리뷰 2,제주특별자치도 제주시 용담로 135,(지번) 용담일동 228-24,010-9208-9460,https://artgonggna.modoo.at/
제주반지만들기,5.0,1건,리뷰 19,제주특별자치도 제주시 신대로5길 4 마리나웨딩홀 1층,(지번) 연동 300-13,010-9208-9460,http://blog.naver.com/jejubanji
보메와산,5.0,2건,리뷰 2,제주특별자치도 제주시 조천읍 미래로 53,(지번) 조천읍 와산리 1194,연락처 없음,
제주스런 서귀포공방,0.0,0건,리뷰 6,제주특별자치도 서귀포시 성산읍 독자봉로24번길 75-30,(지번) 성산읍 신산리 878-2,010-2813-2799,https://www.instagram.com/jejutic_seogwipo/
위미상회,0.0,0건,리뷰 1,제주특별자치도 서귀포시 남원읍 태위로 90,(지번) 남원읍 위미리 3163-1,연락처 없음,
반지마을 제주1호점,5.0,1건,리뷰 3,제주특별자치도 제주시 월성로4길 17 3층,(지번) 용담이동 2761-1,연락처 없음,http://www.banjimaeul.com/
핸즈웍스,0.0,0건,리뷰 1,제주특별자치도 제주시 한림읍 귀덕로 78,(지번) 한림읍 귀덕리 756,064-744-0699,http://blog.naver.com/wingduck_911
모모공방상점,5.0,1건,리뷰 1,제주특별자치도 제주시 애월읍 납읍로2길 34,(지번) 애월읍 납읍리 1527-1,연락처 없음,https://www.instagram.com/soogi1203/
이호캔들,0.0,0건,리뷰 4,제주특별자치도 제주시 서해안로 66,(지번) 이호일동 369,연락처 없음,
헤펠레목공방 제주아,0.0,0건,리뷰 0,제주특별자치도 제주시 금천길 15-18,(지번) 아라이동 961-3,064-722-6851,http://blog.naver.com/navyjc
제주영 도예공방,5.0,3건,리뷰 0,제주특별자치도 서귀포시 서호중앙로 55 A동 307호,(지번) 서호동 1605,0505-1387-8013,
부미,5.0,1건,리뷰 0,제주특별자치도 제주시 도령로 192 1층,(지번) 연동 2526-6,연락처 없음,
화인아트,5.0,7건,리뷰 0,제주특별자치도 제주시 오라로10길 16-11,(지번) 오라이동 2162-6,064-721-0100,
아토도예공방,0.0,0건,리뷰 1,제주특별자치도 서귀포시 남성로 134-1,(지번) 서홍동 744-3,010-7102-9951,https://www.instagram.com/artoceramicfactory/
인제액자거울,5.0,3건,리뷰 0,제주특별자치도 제주시 동광로 88,(지번) 이도2동 315-20,010-7102-9951,
시절십자수,0.0,0건,리뷰 0,제주특별자치도 제주시 연삼로 626,(지번) 건입동 30-2,064-752-8647,
네모나라목공,0.0,0건,리뷰 0,제주특별자치도 제주시 백포남길 6,(지번) 이호이동 208-1,010-3540-4620,
더갤러,0.0,0건,리뷰 1,제주특별자치도 제주시 조천읍 남조로 1717-36,(지번) 조천읍 교래리 188-8,연락처 없음,
,D 가인GALLERY 화랑,0.0,0건,리뷰 0,(지번) 조천읍 교래리 188-8,연락처 없음,
공방하루반,5.0,3건,리뷰 1,제주특별자치도 제주시 구좌읍 월정7길 42-6 1층,(지번) 구좌읍 월정리 52,연락처 없음,http://instagram.com/haru_barn.official
꿈,0.0,0건,리뷰 0,제주특별자치도 제주시 남성로 142,(지번) 삼도2동 801-1,연락처 없음,
파랑숲,5.0,1건,리뷰 2,제주특별자치도 제주시 구좌읍 구좌해안로 210,(지번) 구좌읍 김녕리 4221,010-3708-0273,http://www.parangforest.com/
연이네다락방,0.0,0건,리뷰 1,제주특별자치도 제주시 구좌읍 동복로 56-3,(지번) 구좌읍 동복리 1477-1,연락처 없음,https://smartstore.naver.com/yeonsattic
화잠레더,0.0,0건,리뷰 3,제주특별자치도 서귀포시 동홍서로96번길 16 1층,(지번) 동홍동 109-3,연락처 없음,https://blog.naver.com/h4942636
유럽풍십자수,0.0,0건,리뷰 1,제주특별자치도 제주시 인다6길 54,(지번) 아라일동 6115-5,064-784-3272,
아뜰리에효,0.0,0건,리뷰 2,제주특별자치도 제주시 남광로2길 39-26,(지번) 이도이동 1980-1,연락처 없음,https://blog.naver.com/sl0220
갤러리,0.0,0건,리뷰 0,제주특별자치도 제주시 신성로6길 29,(지번) 도남동 842,064-711-1262,
제주푸른바다캔들,0.0,0건,리뷰 9,제주특별자치도 제주시 애월읍 애월로10길 7 1층,(지번) 애월읍 애월리 1616-3,010-2033-8112,https://blog.naver.com/hiocom/
소란가죽공방,0.0,0건,리뷰 1,제주특별자치도 제주시 연북로 585,(지번) 이도2동 1986-14,064-755-3272,http://blog.naver.com/rain1978
목화수예점,0.0,0건,리뷰 0,제주특별자치도 제주시 중앙로24길 1,(지번) 삼도2동 1241-2,064-752-4814,
바바센트,5.0,1건,리뷰 5,제주특별자치도 제주시 구남동1길 32,(지번) 이도이동 1974-14,064-752-4814,
미띠뽀,5.0,3건,리뷰 4,제주특별자치도 서귀포시 신서귀로 3 동남상가 2층,(지번) 법환동 748-1,연락처 없음,http://blog.naver.com/dodanto630
연,0.0,0건,리뷰 0,제주특별자치도 제주시 연북로 583,(지번) 이도2동 1986-13,연락처 없음,https://blog.naver.com/yeon5577
그래도감성공방,5.0,1건,리뷰 0,제주특별자치도 서귀포시 남원읍 태위로 81-1,(지번) 남원읍 위미리 3193-9,연락처 없음,https://blog.naver.com/cozybuddy333
콩생이,0.0,0건,리뷰 0,제주특별자치도 제주시 월광로 44 1층,(지번) 노형동 2889,연락처 없음,
혜랑채,0.0,0건,리뷰 1,제주특별자치도 제주시 구좌읍 평대2길 39-47,(지번) 구좌읍 평대리 1962-1,연락처 없음,
보석십자수 신제주지점,0.0,0건,리뷰 0,제주특별자치도 제주시 수덕11길 40,(지번) 노형동 2529-2,010-9171-1322,
해피맘하우스,0.0,0건,리뷰 3,제주특별자치도 제주시 애월읍 곽지1길 26-7,(지번) 애월읍 곽지리 1581-7,064-799-6222,http://www.jejudoll.com/
예솔,5.0,2건,리뷰 0,제주특별자치도 제주시 서사로 81,(지번) 삼도2동 595-6,064-752-8916,
구름두리,5.0,3건,리뷰 0,제주특별자치도 서귀포시 중정로61번길 20 1층,(지번) 서귀동 276-19,064-752-8916,https://goormdoori1.shopby.co.kr/
바람담은도자기공,0.0,0건,리뷰 1,제주특별자치도 제주시 애월읍 중산간서로 6703-11 제일빌리지 D동 1층 105호,(지번) 애월읍 광령리 1495-1,010-2775-3116,https://www.instagram.com/badam_pottery/
핸드메이드라이프,5.0,3건,리뷰 6,제주특별자치도 서귀포시 대정읍 상모로 256,(지번) 대정읍 상모리 3169-1,연락처 없음,https://www.instagram.com/handmadelife79/
아트2000,3.0,2건,리뷰 0,제주특별자치도 제주시 월랑북3길 17,(지번) 노형동 1021-4,연락처 없음,http://www.jejuart2000.blog.me/
민속,0.0,0건,리뷰 0,제주특별자치도 제주시 남성로 85,(지번) 용담1동 237-8,064-753-8053,
지문선의 보자기마음,0.0,0건,리뷰 14,제주특별자치도 제주시 조천읍 신촌리 2591-6,,연락처 없음,https://blog.naver.com/bojagiart
봄의손메,0.0,0건,리뷰 2,제주특별자치도 제주시 대원길 49 B동,(지번) 아라일동 2830-4,070-8872-1596,https://www.instagram.com/bomesonme
행복공방에치비,0.0,0건,리뷰 1,제주특별자치도 서귀포시 중산간서로 188,(지번) 강정동 5628,연락처 없음,https://blog.naver.com/mhc022012
수노아프랑스자수,0.0,0건,리뷰 0,제주특별자치도 서귀포시 동홍로 98,(지번) 동홍동 511-23,064-762-0136,
,"D 바늘쟁이 미술,공예",0.0,0건,리뷰 0,(지번) 동홍동 511-23,064-762-0136,
오로르,0.0,0건,리뷰 0,제주특별자치도 제주시 아란서길 101-2,(지번) 아라일동 6063-1,연락처 없음,
모던액자,0.0,0건,리뷰 0,제주특별자치도 제주시 탑동로5길 14,(지번) 삼도2동 1174-11,064-758-7171,
에이팩토리커피,3.0,3건,리뷰 19,제주특별자치도 제주시 탑동로 11,(지번) 삼도2동 1192-17,064-702-2926,
아코에공방 수예점,0.0,0건,리뷰 0,제주특별자치도 제주시 신설로11길 53,(지번) 이도2동 1955-2,064-727-5878,
반지마을 제주2호점,1.0,1건,리뷰 5,제주특별자치도 서귀포시 안덕면 사계북로41번길 189,(지번) 안덕면 사계리 1036,064-727-5878,http://banjlmaeulsanbangsan.modoo.at/
자매작업실,0.0,0건,리뷰 1,제주특별자치도 제주시 연삼로 454 2층,(지번) 이도이동 397-5,010-8682-0106,
고,0.0,0건,리뷰 0,제주특별자치도 제주시 노형로 337,(지번) 노형동 2519-23,064-744-5644,http://sb.wazzang.net/0647445644/
마마메이드,0.0,0건,리뷰 0,제주특별자치도 제주시 화삼북로 40 2층,(지번) 화북일동 1004-1,064-702-5945,
손방둥이,0.0,0건,리뷰 2,제주특별자치도 제주시 진군남2길 10-4 101호,(지번) 노형동 1553,070-4038-2947,http://blog.naver.com/son-bang
제품 제주를품다,4.0,2건,리뷰 0,제주특별자치도 제주시 한경면 연명로 386 1층,(지번) 한경면 청수리 157-3,070-7774-9044,http://instagram.com/_jepoom
아름데이솝,0.0,0건,리뷰 19,제주특별자치도 제주시 애월읍 하귀9길 54-5 2층,(지번) 애월읍 하귀1리 162-2,010-7695-5959,https://blog.naver.com/7youlolo
바람,5.0,3건,리뷰 4,제주특별자치도 제주시 구좌읍 월정1길 46-9,(지번) 구좌읍 월정리 454,연락처 없음,https://www.facebook.com/Vharam-%EB%B0%94%EB%9E%8C-775958522584965/
공간사랑,0.0,0건,리뷰 0,제주특별자치도 제주시 서사로 160,(지번) 오라일동 2449-2,064-757-4638,
라이공방,0.0,0건,리뷰 35,제주특별자치도 제주시 서해안로 342 1층 카페도두 내,(지번) 도두이동 705-1,010-4993-6794,https://blog.naver.com/cscs0319
,"D 예향화랑 액자,표구",1.0,1건,리뷰 0,(지번) 도두이동 705-1,010-4993-6794,http://www.jejuyehyang.co.kr/
제주팩토리,0.0,0건,리뷰 1,제주특별자치도 제주시 월광로 140 2층 202호,(지번) 노형동 2574-2,연락처 없음,https://blog.naver.com/hand_green
비누박사,0.0,0건,리뷰 2,제주특별자치도 제주시 한림읍 금능남로 411,(지번) 한림읍 금능리 372-1,064-772-5886,
율13,0.0,0건,리뷰 0,제주특별자치도 서귀포시 안덕면 난드르로 13,(지번) 안덕면 창천리 815-7,064-739-1311,
아이리스십자수,0.0,0건,리뷰 0,제주특별자치도 제주시 국기로3길 5-11,(지번) 연동 1501-2,064-721-0010,
헬로반디,5.0,4건,리뷰 4,제주특별자치도 제주시 한경면 청수동8길 4,(지번) 한경면 청수리 745-1,064-721-0010,
비즈마마,3.0,1건,리뷰 2,제주특별자치도 제주시 구좌읍 중산간동로 2274,(지번) 구좌읍 송당리 1467-1,연락처 없음,
림드로우 그,0.0,0건,리뷰 0,제주특별자치도 제주시 구좌읍 세화8길 7,(지번) 구좌읍 세화리 1318-3,연락처 없음,http://www.rimdraw.com/
섬섬옥수,0.0,0건,리뷰 3,제주특별자치도 제주시 고사마루길 106 1층,(지번) 노형동 2043-3,010-2696-0958,https://instagram.com/sumsum_ocksu
느리게가게,4.5,6건,리뷰 2,제주특별자치도 제주시 조천읍 신촌북3길 1,(지번) 조천읍 신촌리 2202-1,010-2696-0958,http://www.instagram.com/slowshop_jeju
나무사랑,0.0,0건,리뷰 0,제주특별자치도 제주시 죽성서길 71,(지번) 오등동 934,010-9966-6505,https://blog.naver.com/mytreelove
몸냥공작소,0.0,0건,리뷰 0,제주특별자치도 제주시 애월읍 하소로 595,(지번) 애월읍 유수암리 2503-1,010-9966-6505,https://www.instagram.com/momnyang595/
향기다움,5.0,1건,리뷰 3,제주특별자치도 서귀포시 표선면 표선관정로 10,(지번) 표선면 표선리 2059-8,연락처 없음,https://www.instagram.com/hyanggidaum/
이하미술공방,0.0,0건,리뷰 14,제주특별자치도 제주시 남광북3길 14 2층,(지번) 이도이동 1078,010-7405-0226,http://blog.naver.com/hyr02166
노꼬메공방,5.0,1건,리뷰 0,제주특별자치도 제주시 동문로21길 19-2 1층,(지번) 건입동 1043-2,연락처 없음,https://www.instagram.com/nokome78/
,D 하올람메이커스 목공예,0.0,0건,리뷰 0,(지번) 건입동 1043-2,연락처 없음,http://www.haolammakers.com/
아우르다,5.0,1건,리뷰 3,제주특별자치도 제주시 수덕5길 85-3,(지번) 노형동 2594-4,연락처 없음,https://www.instagram.com/aurda_/
더온도자기공방,0.0,0건,리뷰 0,제주특별자치도 서귀포시 안덕면 일주서로 1613-54 1층,(지번) 안덕면 화순리 174-1,010-3696-6084,https://theontheon.modoo.at/
시,0.0,0건,리뷰 0,제주특별자치도 제주시 중앙로 119,(지번) 이도1동 1567-1,064-752-6993,
,0.0,0건,리뷰 0,제주특별자치도 제주시 일도2동 341-34,(지번) 이도1동 1567-1,연락처 없음,
어쉘,0.0,0건,리뷰 0,제주특별자치도 서귀포시 하예하동로21번길 14,(지번) 하예동 1737-1,연락처 없음,
저,0.0,0건,리뷰 0,제주특별자치도 제주시 한경면 중산간서로 3674-1,(지번) 한경면 저지리 1859-1,연락처 없음,
메모아,5.0,1건,리뷰 0,제주특별자치도 제주시 대원길 49,(지번) 아라일동 2830-4,연락처 없음,http://memoire.co.kr/
비누공방 소낭,5.0,4건,리뷰 0,제주특별자치도 제주시 조천읍 함와로 566-27 스위스마을 107동 1층,(지번) 조천읍 와산리 1559-18,연락처 없음,https://www.instagram.com/sonang_soap/
,0.0,0건,리뷰 0,제주특별자치도 제주시 조천읍 남조로 2023,(지번) 조천읍 교래리 산 119,064-727-7790,
모록밭목공,0.0,0건,리뷰 0,제주특별자치도 서귀포시 안덕면 병악로 421,(지번) 안덕면 상천리 470-2,연락처 없음,
목공방우리,0.0,0건,리뷰 0,제주특별자치도 서귀포시 남원읍 태위로940번길 12-2 1층,(지번) 남원읍 태흥리 495-6,064-764-8086,
갤러,5.0,1건,리뷰 0,제주특별자치도 제주시 한림읍 명재로 38-42,(지번) 한림읍 협재리 1181-4,연락처 없음,
다니엘스토리,0.0,0건,리뷰 0,제주특별자치도 제주시 무근성1길 16,(지번) 삼도2동 1133,연락처 없음,
제,0.0,0건,리뷰 0,제주특별자치도 서귀포시 효돈로 94 1층,(지번) 신효동 1121-2,연락처 없음,
,"D ARA도예 미술,공예",0.0,0건,리뷰 0,(지번) 신효동 1121-2,연락처 없음,
퀸뜨개방,0.0,0건,리뷰 0,제주특별자치도 제주시 우령서로 57 갤럭시타운 B101호,(지번) 외도일동 534-1,064-713-1420,
그레이스톤,0.0,0건,리뷰 5,제주특별자치도 서귀포시 쇠소깍로 151-10 2층,(지번) 하효동 1028-3,010-9922-1635,https://blog.naver.com/graystone151
재주그림관,0.0,0건,리뷰 0,제주특별자치도 제주시 조천읍 함덕남10길 57 B동 1층,(지번) 조천읍 함덕리 72-14,010-9922-1635,https://www.instagram.com/_jiiiiiiiiin/
웨어하우스,0.0,0건,리뷰 0,제주특별자치도 서귀포시 성산읍 신산중앙로 36,(지번) 성산읍 신산리 436,010-9922-1635,https://www.instagram.com/_warehaus/
퀼트인,0.0,0건,리뷰 0,제주특별자치도 제주시 수덕9길 41,(지번) 노형동 2613-6,064-747-4522,
,5.0,3건,리뷰 0,제주특별자치도 제주시 월랑로 62,(지번) 노형동 1243-13,064-747-4522,https://www.instagram.com/nanggallery
블리스제주,0.0,0건,리뷰 0,제주특별자치도 제주시 고마로15길 27 1층,(지번) 일도이동 370-19,064-757-2014,
공방노아,5.0,2건,리뷰 0,제주특별자치도 제주시 애월읍 번대동2길 24-17,(지번) 애월읍 수산리 668-1,064-757-2014,https://www.instagram.com/pottery_noa/
나무로제주목,0.0,0건,리뷰 0,제주특별자치도 제주시 구좌읍 평대9길 13,(지번) 구좌읍 평대리 468-21,연락처 없음,http://instagram.com/namuro.jeju
반지여행 제주노형점,0.0,0건,리뷰 0,제주특별자치도 제주시 원노형5길 7 영재주택 1층,(지번) 노형동 908-1,연락처 없음,
봉쥬르봉봉,0.0,0건,리뷰 2,제주특별자치도 제주시 한림읍 한림로 408-2,(지번) 한림읍 협재리 1587,연락처 없음,http://www.instagram.com/bonjour_bon_bon
차르르,0.0,0건,리뷰 1,제주특별자치도 서귀포시 천제연로 295 3호,(지번) 대포동 724-1,연락처 없음,http://www.instagram.com/charr_charr_charr/
멘글앙,5.0,1건,리뷰 1,제주특별자치도 제주시 인다5길 11-7 1층 102호,(지번) 아라일동 6112-16,연락처 없음,https://blog.naver.com/atrantys
제주n세미공방,0.0,0건,리뷰 0,제주특별자치도 제주시 국기로 19 2층,(지번) 연동 1497,연락처 없음,http://www.instagram.com/semi_studio
핸드아트제주,0.0,0건,리뷰 1,제주특별자치도 제주시 조천읍 함덕서1길 7,(지번) 조천읍 함덕리 2943-9,010-3933-7300,
감수다,5.0,1건,리뷰 0,제주특별자치도 제주시 한림읍 월림9길 9,(지번) 한림읍 월림리 2099-2,연락처 없음,http://blog.naver.com/gozilla75
퀼트하우스,0.0,0건,리뷰 0,제주특별자치도 제주시 수덕9길 59-7,(지번) 노형동 2525-4,연락처 없음,
인형만들기체험장,0.0,0건,리뷰 1,제주특별자치도 제주시 애월읍 곽지1길 26-7,(지번) 애월읍 곽지리 1581-7,064-799-6222,
이로이로공방,5.0,1건,리뷰 2,제주특별자치도 제주시 구좌읍 하도7길 16-11,(지번) 구좌읍 하도리 1249,0507-1423-0729,http://iroiro.one/
거암,5.0,1건,리뷰 0,제주특별자치도 제주시 연수로 5,(지번) 일도2동 59-4,064-751-2080,
조앤홈,0.0,0건,리뷰 0,제주특별자치도 제주시 인다13길 61 1층,(지번) 아라일동 6125-7,연락처 없음,
바이맹작업실,5.0,1건,리뷰 0,제주특별자치도 서귀포시 중정로 1,(지번) 서귀동 323-19,연락처 없음,http://blog.naver.com/boradoriim
한담스토리,3.0,1건,리뷰 4,제주특별자치도 제주시 애월읍 애월로1길 3,(지번) 애월읍 애월리 2483,연락처 없음,
곱뜨락아띠,0.0,0건,리뷰 1,제주특별자치도 서귀포시 안덕면 사계중앙로3번길 22,(지번) 안덕면 사계리 2266-1,010-9145-0002,https://blog.naver.com/g_atti
레진,0.0,0건,리뷰 0,제주특별자치도 서귀포시 중산간동로 8037,(지번) 서홍동 256-2,010-4748-7488,https://www.instagram.com/resinwood_jeju/
은공소,0.0,0건,리뷰 0,제주특별자치도 서귀포시 남원읍 태위로 247 1층,(지번) 남원읍 위미리 940,연락처 없음,http://engongso.modoo.at/
니들코티지,0.0,0건,리뷰 0,제주특별자치도 제주시 노형3길 6-10,(지번) 노형동 3804-5,연락처 없음,https://www.instagram.com/needle_cottage/
페인팅마수리 제주마카쥬야,5.0,2건,리뷰 0,제주특별자치도 제주시 한라대학로 86,(지번) 노형동 1561-4,연락처 없음,https://www.instagram.com/painting_masuri
셀피쉬,5.0,1건,리뷰 3,제주특별자치도 제주시 조천읍 조천7길 25 1층,(지번) 조천읍 조천리 2422-2,연락처 없음,http://www.instagram.com/selfishwood_jeju
곱들락손글씨,0.0,0건,리뷰 0,제주특별자치도 제주시 구남동2길 29,(지번) 이도2동 2002-14,064-756-7674,
요보록소보록,0.0,0건,리뷰 0,제주특별자치도 제주시 관덕로6길 16,(지번) 삼도2동 927-2,064-721-7041,http://cf7041a.allthru.kr/
그리고일랑,5.0,1건,리뷰 3,제주특별자치도 제주시 구좌읍 계룡길 34,(지번) 구좌읍 한동리 10-30,064-721-7041,
나무그림목,0.0,0건,리뷰 0,제주특별자치도 제주시 조천읍 신와로 158,(지번) 조천읍 신촌리 1350-4,연락처 없음,http://blog.naver.com/wooddrawing
백제표구아트,0.0,0건,리뷰 0,제주특별자치도 제주시 성지로 73,(지번) 일도1동 1048-8,064-757-3323,
소도리공방,5.0,1건,리뷰 0,제주특별자치도 제주시 애월읍 장소로 88,(지번) 애월읍 장전리 1595-1,064-757-3323,
퀼트맘,0.0,0건,리뷰 0,제주특별자치도 서귀포시 동홍로 55,(지번) 동홍동 447-32,064-733-3322,
우리사이,0.0,0건,리뷰 1,제주특별자치도 제주시 조천읍 함와로 566-29 제주조천스위스마을 214동,(지번) 조천읍 와산리 1559-1,070-7767-3932,https://www.woori-sai.com/
브리얀떼플라워&캔들,0.0,0건,리뷰 1,제주특별자치도 제주시 과원로 18-1 1층,(지번) 노형동 59,010-6716-0365,http://www.instagram.com/brillante197
겁먹지마 그다지멀지않아,0.0,0건,리뷰 2,제주특별자치도 제주시 한경면 고산로 29,(지번) 한경면 고산리 2206-3,010-6716-0365,http://blog.naver.com/kokkiri_hand
블루제주솝,0.0,0건,리뷰 3,제주특별자치도 제주시 우정로15길 48,(지번) 외도일동 529-1,010-2598-4228,https://blog.naver.com/lsmlsm72
신용공,0.0,0건,리뷰 0,제주특별자치도 제주시 도련이동 566-3,(지번) 외도일동 529-1,연락처 없음,
파티오쿠진아트랩,0.0,0건,리뷰 0,제주특별자치도 제주시 아란서길 101-2 세인트빌 103호,(지번) 아라일동 6063-1,010-3496-3657,https://blog.naver.com/k2bora
유리멘탈스튜디오,0.0,0건,리뷰 0,제주특별자치도 제주시 한경면 낙수로 12,(지번) 한경면 조수리 1464-8,연락처 없음,https://instagram.com/jaemy_jeju
힘멜바움 원목가구공방,0.0,0건,리뷰 0,제주특별자치도 제주시 오등14길 8 1층,(지번) 오등동 621-3,연락처 없음,
,"D 서준공방 미술,공예",0.0,0건,리뷰 1,(지번) 오등동 621-3,연락처 없음,
연원도예공방,0.0,0건,리뷰 0,제주특별자치도 제주시 조천읍 함덕남4길 131,(지번) 조천읍 함덕리 728,연락처 없음,
서사라,0.0,0건,리뷰 0,제주특별자치도 제주시 서사로 91,(지번) 삼도1동 539,064-723-3658,
윤스손뜨개,0.0,0건,리뷰 0,제주특별자치도 제주시 신성로 91 성환상가 1층 15호,(지번) 도남동 923-13,064-722-2286,https://blog.naver.com/yoonknit
유럽풍십자수 서귀포점,0.0,0건,리뷰 0,제주특별자치도 서귀포시 서문로 8,(지번) 서귀동 300-10,064-733-6372,
루씨쏜아,0.0,0건,리뷰 0,제주특별자치도 서귀포시 보목로64번길 138,(지번) 보목동 1405-1,연락처 없음,
꽃나린공방,5.0,1건,리뷰 0,제주특별자치도 서귀포시 표선면 성읍정의현로56번길 13,(지번) 표선면 성읍리 886-1,연락처 없음,https://www.instagram.com/kkotnarin/
한라민,0.0,0건,리뷰 0,제주특별자치도 제주시 서광로 151,(지번) 용담1동 2651-6,064-753-5740,
나무망치,0.0,0건,리뷰 1,제주특별자치도 제주시 서문로 55,(지번) 용담일동 131-3,064-721-7739,
라일리공방,0.0,0건,리뷰 0,제주특별자치도 제주시 연사2길 8 남국하우스 502호,(지번) 오라이동 1474-1,010-4102-4332,https://smartstore.naver.com/rylee
필방,0.0,0건,리뷰 0,제주특별자치도 제주시 서사로 127,(지번) 삼도1동 535-3,064-757-9149,
퀼트샵,0.0,0건,리뷰 0,제주특별자치도 제주시 연화중길 15,(지번) 연동 1515-8,연락처 없음,
모모공방 큐,0.0,0건,리뷰 0,제주특별자치도 제주시 한림읍 귀덕6길 92-9,(지번) 한림읍 귀덕리 2723,연락처 없음,
제주라탄공방,0.0,0건,리뷰 0,제주특별자치도 제주시 구남동4길 36,(지번) 이도이동 2014-18,연락처 없음,
퀼트박스,0.0,0건,리뷰 0,제주특별자치도 제주시 신성로 91,(지번) 도남동 923-13,064-723-4207,
,D 각인 화랑,5.0,1건,리뷰 1,(지번) 도남동 923-13,064-723-4207,http://blog.naver.com/yunsl_jeju
충옥당표구사,0.0,0건,리뷰 0,제주특별자치도 제주시 오현길 39,(지번) 이도1동 1551-18,064-757-6017,
바느질로행복한하루,0.0,0건,리뷰 0,제주특별자치도 제주시 동광로13길 15,(지번) 일도2동 339-12,연락처 없음,
감각있네,0.0,0건,리뷰 1,제주특별자치도 제주시 서사로12길 45,(지번) 삼도1동 721-1,064-726-0077,https://www.instagram.com/her_sense
모티브,0.0,0건,리뷰 0,제주특별자치도 제주시 정실5길 50,(지번) 오라이동 664-23,064-747-4721,
탐라민,0.0,0건,리뷰 0,제주특별자치도 제주시 일주서로 7691,(지번) 이호이동 176-2,064-712-3356,
엘씨에로,0.0,0건,리뷰 0,제주특별자치도 제주시 오복3길 27-3,(지번) 이도2동 1037-4,064-712-3356,http://blog.naver.com/hangssi07
몽생,0.0,0건,리뷰 0,제주특별자치도 제주시 한림읍 한림로 301-7,(지번) 한림읍 협재리 2469-1,연락처 없음,
강부언,0.0,0건,리뷰 0,제주특별자치도 제주시 명림로 209,(지번) 봉개동 292-5,064-727-1253,
오드트아트,0.0,0건,리뷰 0,제주특별자치도 서귀포시 남원읍 남한로 250,(지번) 남원읍 남원리 777-1,064-727-1253,
아이허밍버드,0.0,0건,리뷰 0,제주특별자치도 제주시 조천읍 와흘상길 39-2,(지번) 조천읍 와흘리 1948,064-796-0252,http://www.ihummingbird.co.kr/
노형민,0.0,0건,리뷰 0,제주특별자치도 제주시 다호5길 11,(지번) 도두이동 353-2,064-746-2332,
아,5.0,1건,리뷰 0,제주특별자치도 서귀포시 중산간서로 1028,(지번) 색달동 1504-1,연락처 없음,
이준공,0.0,0건,리뷰 0,제주특별자치도 제주시 동광로16길 7,(지번) 일도2동 382-1,064-755-5662,
벨아벨지구생각작업실,0.0,0건,리뷰 0,제주특별자치도 서귀포시 표선면 성읍정의현로33번길 9,(지번) 표선면 성읍리 841,064-755-5662,https://instagram.com/belabel_studio
다시방프로젝트,0.0,0건,리뷰 0,제주특별자치도 제주시 조천읍 북촌12길 28,(지번) 조천읍 북촌리 740-16,064-901-2929,https://blog.naver.com/dasibangwork
태,0.0,0건,리뷰 0,제주특별자치도 제주시 노형로 222,(지번) 노형동 3209-1,064-748-2380,
현인,0.0,0건,리뷰 0,제주특별자치도 제주시 도령로 50 2층,(지번) 노형동 906-1,064-747-1500,http://www.hyuninngallery.com/
아꼬와,0.0,0건,리뷰 0,제주특별자치도 제주시 다랑곶2길 48-3 2층,(지번) 노형동 1040-6,064-747-1500,http://blog.naver.com/sh4654love
솝쿡,5.0,1건,리뷰 0,제주특별자치도 제주시 애월읍 평화로 2715 관광대 창업보육센터 본관 311호,(지번) 애월읍 광령리 2614-1,연락처 없음,
제주청계,0.0,0건,리뷰 0,제주특별자치도 서귀포시 안덕면 일주서로 1569,(지번) 안덕면 감산리 1469-1,연락처 없음,
모랑큼이랑,0.0,0건,리뷰 0,제주특별자치도 제주시 애월읍 고내동길 19 301동,(지번) 애월읍 고내리 117,연락처 없음,http://blog.naver.com/qkrtnrma1
숲속나무공방갤러리,0.0,0건,리뷰 2,제주특별자치도 서귀포시 안덕면 중산간서로 1815,(지번) 안덕면 서광리 279,064-805-8184,
채선자니트,0.0,0건,리뷰 0,제주특별자치도 제주시 중앙로 197,(지번) 이도1동 1259-9,064-722-3139,
소도리공방,0.0,0건,리뷰 0,제주특별자치도 제주시 애월읍 애월로 116-1,(지번) 애월읍 애월리 1595-1,연락처 없음,
효돈,0.0,0건,리뷰 0,제주특별자치도 서귀포시 일주서로 295,(지번) 도순동 259,064-738-3348,
제주동백공방,0.0,0건,리뷰 1,제주특별자치도 서귀포시 성산읍 일출로 269,(지번) 성산읍 성산리 153-3,연락처 없음,
나무새작,5.0,1건,리뷰 0,제주특별자치도 서귀포시 대정읍 중산간서로 2876,(지번) 대정읍 무릉리 629-7,연락처 없음,
꿈꾸는혜윰과숨비곰새기,0.0,0건,리뷰 0,제주특별자치도 제주시 인다13길 40,(지번) 아라일동 6156-6,연락처 없음,
나무이,0.0,0건,리뷰 0,제주특별자치도 서귀포시 안덕면 서광리 274-2,,연락처 없음,
,"D 성읍점빵 미술,공예",0.0,0건,리뷰 0,,연락처 없음,
하울랑의선물,0.0,0건,리뷰 0,제주특별자치도 서귀포시 효돈로 142,(지번) 신효동 841,연락처 없음,
인예당공방,0.0,0건,리뷰 0,제주특별자치도 제주시 벌랑길 73-1,(지번) 삼양삼동 2616,064-702-3989,http://inyedang.com/
서울화랑,0.0,0건,리뷰 0,제주특별자치도 제주시 중앙로21길 12,(지번) 이도1동 1701-3,064-757-3414,
사랑뜨게방,0.0,0건,리뷰 0,제주특별자치도 제주시 동문로 47,(지번) 일도1동 1069-4,064-722-6323,
제주도예,0.0,0건,리뷰 0,제주특별자치도 제주시 조천읍 선흘동2길 44-1,(지번) 조천읍 선흘리 1105-1,010-7174-0327,
아토공방,0.0,0건,리뷰 0,제주특별자치도 제주시 오복2길 35-2,(지번) 이도2동 1084-3,연락처 없음,
삼달,0.0,0건,리뷰 0,제주특별자치도 서귀포시 성산읍 삼달로210번길 47,(지번) 성산읍 삼달리 784-3,연락처 없음,https://blog.naver.com/greentee8017
,0.0,0건,리뷰 0,제주특별자치도 제주시 애월읍 구엄길 86,(지번) 애월읍 구엄리 1265,연락처 없음,
글씨놀이터,0.0,0건,리뷰 0,제주특별자치도 제주시 수정2길 21-1 그란치아 1층 102호,(지번) 외도일동 403-3,연락처 없음,
제주고장,0.0,0건,리뷰 1,제주특별자치도 서귀포시 중산간동로7913번길 7,(지번) 동홍동 1217-1,064-763-5519,http://blog.naver.com/jeju5519
반띵,0.0,0건,리뷰 1,제주특별자치도 제주시 무근성7길 11 리듬 2층,(지번) 삼도이동 1073,064-763-5519,http://blog.naver.com/banthingsilver
수북,0.0,0건,리뷰 0,제주특별자치도 서귀포시 신서로108번길 21-3,(지번) 강정동 118-4,연락처 없음,
지금내마음소프,0.0,0건,리뷰 2,제주특별자치도 서귀포시 이어도로 882,(지번) 법환동 1289-2,연락처 없음,https://blog.naver.com/dlaqhfk1206
안나의퀼트파티,0.0,0건,리뷰 0,제주특별자치도 제주시 태성로2길 30,(지번) 일도2동 89-9,연락처 없음,
,D 컨츄리가든 목공예,0.0,0건,리뷰 0,(지번) 일도2동 89-9,연락처 없음,
예림갤,0.0,0건,리뷰 0,제주특별자치도 제주시 노형7길 3-5,(지번) 노형동 3799-7,064-711-8857,
미니세라,0.0,0건,리뷰 2,제주특별자치도 제주시 아연로 438-18 1층,(지번) 오등동 688,010-3355-0467,http://blog.naver.com/minibicool
아트인네이쳐미술학원,5.0,1건,리뷰 0,제주특별자치도 제주시 중앙로 378,(지번) 이도2동 2018-4,064-702-6672,
오카리나제주공,0.0,0건,리뷰 0,제주특별자치도 제주시 정든로3길 4,(지번) 이도2동 430,064-796-8102,http://cafe.daum.net/hpiri
메이드바이핸즈목,0.0,0건,리뷰 0,제주특별자치도 제주시 조천읍 조천리 3351 1층,(지번) 이도2동 430,010-6533-2470,http://blog.naver.com/alex365c
한라표구사,0.0,0건,리뷰 0,제주특별자치도 제주시 중앙로21길 18,(지번) 이도일동 1696-13,010-7495-8800,
인우드목공,0.0,0건,리뷰 0,제주특별자치도 서귀포시 대정읍 중산간서로 2345,(지번) 대정읍 구억리 889-1,연락처 없음,http://cafe.naver.com/lnwood/20
수수공방,0.0,0건,리뷰 0,제주특별자치도 제주시 동화로1길 49-12,(지번) 화북일동 14-7,064-3456-7890,
자운당표구사,0.0,0건,리뷰 0,제주특별자치도 제주시 건주로4길 14-7,(지번) 도련일동 1963-12,064-756-8213,
갤러리,5.0,1건,리뷰 0,제주특별자치도 제주시 연북로 92,(지번) 연동 1374,064-748-8488,
오색공예,0.0,0건,리뷰 0,제주특별자치도 제주시 연삼로 498,(지번) 이도이동 416-3,연락처 없음,
사부작 테이블,0.0,0건,리뷰 0,제주특별자치도 제주시 한림읍 명상로 185,(지번) 한림읍 상명리 742,연락처 없음,
그릇이야기 최작,5.0,1건,리뷰 0,제주특별자치도 제주시 관덕로6길 6,(지번) 삼도2동 60-2,064-722-5735,
한국화랑(한국갤,0.0,0건,리뷰 0,제주특별자치도 제주시 진군남2길 5-2,(지번) 노형동 1562-5,064-742-0012,
,"D 인디바농샵 미술,공예",0.0,0건,리뷰 0,(지번) 노형동 1562-5,064-742-0012,
동명수예점,0.0,0건,리뷰 0,제주특별자치도 서귀포시 중앙로 123,(지번) 서홍동 397-53,064-762-8195,
한국모던마크라메공예협회,0.0,0건,리뷰 0,제주특별자치도 제주시 진남로4길 30-14,(지번) 화북일동 1950-8,064-722-7362,
일상예술가의 집,0.0,0건,리뷰 0,제주특별자치도 제주시 구좌읍 세화12길 1 3층,(지번) 구좌읍 세화리 1366-3,연락처 없음,
모다드렁,0.0,0건,리뷰 2,제주특별자치도 제주시 애월읍 유수암평화5길 20,(지번) 애월읍 유수암리 1042-29,연락처 없음,https://www.instagram.com/modadeureong/
아코하루,3.0,2건,리뷰 1,제주특별자치도 제주시 매촌2길 80,(지번) 도련일동 1731-13,연락처 없음,
갤러,0.0,0건,리뷰 1,제주특별자치도 서귀포시 일주동로 8167-2,(지번) 하효동 753-1,064-733-0593,
그림있는집,0.0,0건,리뷰 0,제주특별자치도 제주시 서사로 81,(지번) 삼도2동 595-6,연락처 없음,
제주병풍사,0.0,0건,리뷰 0,제주특별자치도 제주시 오현길 43,(지번) 이도1동 1551-19,064-758-9752,
올랑올랑,0.0,0건,리뷰 0,제주특별자치도 제주시 애월읍 중산간서로 5384,(지번) 애월읍 납읍리 2701-2,연락처 없음,
은답하라99.9,0.0,0건,리뷰 0,제주특별자치도 서귀포시 검은여로 191 BK 빌딩 1층,(지번) 토평동 1045-3,064-767-9909,http://blog.naver.com/silverring999
갤러리,0.0,0건,리뷰 2,제주특별자치도 제주시 중앙로25길 17,(지번) 이도1동 1695-10,연락처 없음,
디디공방,0.0,0건,리뷰 0,제주특별자치도 서귀포시 서문로38번길 34-1,(지번) 서귀동 331-8,연락처 없음,
안덕메이커스,5.0,1건,리뷰 0,제주특별자치도 서귀포시 안덕면 일주서로 1482,(지번) 안덕면 감산리 126-1,064-792-2481,
은공소,0.0,0건,리뷰 0,제주특별자치도 서귀포시 이어도로 936-1 1층,(지번) 법환동 326-4,064-792-2481,
하로클래스,0.0,0건,리뷰 0,제주특별자치도 서귀포시 색달로81번길 108 1층,(지번) 색달동 2074-2,연락처 없음,https://blog.naver.com/inonara
은하수예방,0.0,0건,리뷰 0,제주특별자치도 서귀포시 중정로91번길 36,(지번) 서귀동 279-6,064-733-2364,
골목공방,0.0,0건,리뷰 1,제주특별자치도 제주시 고마로9길 2-6,(지번) 일도2동 329-7,064-702-7798,https://blog.naver.com/bwry
장안도예공방,0.0,0건,리뷰 0,제주특별자치도 서귀포시 문부로 30,(지번) 동홍동 410-15,064-733-0327,
하우스갤러,0.0,0건,리뷰 0,제주특별자치도 서귀포시 안덕면 서광사수동로 1,(지번) 안덕면 서광리 1856-5,연락처 없음,
더 갤러,0.0,0건,리뷰 0,제주특별자치도 제주시 한경면 저지14길 15,(지번) 한경면 저지리 2120-38,064-772-3912,
수마노,0.0,0건,리뷰 0,제주특별자치도 제주시 아란5길 18,(지번) 아라일동 6097-15,064-756-0567,
코시롱캔들,0.0,0건,리뷰 3,제주특별자치도 제주시 서사로 20 1층,(지번) 용담1동 159-1,연락처 없음,http://blog.naver.com/jkk8214
제주담다,0.0,0건,리뷰 2,제주특별자치도 제주시 애월읍 번대동2길 77,(지번) 애월읍 하귀2리 2301-3,연락처 없음,
플라플라,5.0,1건,리뷰 1,제주특별자치도 서귀포시 신서로122번길 67,(지번) 강정동 141-4,010-8376-3585,
워크룸나인,0.0,0건,리뷰 0,제주특별자치도 서귀포시 성산읍 수시로10번길 17,(지번) 성산읍 수산리 669-1,연락처 없음,https://www.instagram.com/workroom_nine
제일표구사,0.0,0건,리뷰 0,제주특별자치도 제주시 중앙로21길 19,(지번) 이도1동 1698-1,064-758-9255,
민트블라썸,0.0,0건,리뷰 2,제주특별자치도 제주시 인다3길 20 1층,(지번) 아라일동 6112-10,064-758-9255,
오늘의정원,0.0,0건,리뷰 4,제주특별자치도 제주시 서문로 63-4,(지번) 용담일동 95-1,연락처 없음,http://jardindeldia.blog.me/
솝퍼리 제주점,0.0,0건,리뷰 3,제주특별자치도 제주시 삼성로18길 25 1층,(지번) 일도2동 163-10,연락처 없음,http://www.soapery.co.kr/
한지필방,0.0,0건,리뷰 0,제주특별자치도 제주시 중앙로8길 9,(지번) 삼도2동 22-2,064-722-7737,
담아봄(Damabom),0.0,0건,리뷰 0,제주특별자치도 서귀포시 효돈로 142,(지번) 신효동 841,연락처 없음,
아쉬,0.0,0건,리뷰 0,제주특별자치도 서귀포시 법환로 31,(지번) 법환동 1269,064-738-9363,
갖장이의작업실,5.0,1건,리뷰 0,제주특별자치도 서귀포시 남원읍 한신로 29-2,(지번) 남원읍 한남리 270-3,연락처 없음,
더솜라탄,0.0,0건,리뷰 0,제주특별자치도 제주시 노형1길 8-9,(지번) 노형동 3808-13,연락처 없음,
서,0.0,1건,리뷰 0,제주특별자치도 서귀포시 중앙로 110-1,(지번) 동홍동 1485-63,064-763-3024,
지소울,0.0,0건,리뷰 1,제주특별자치도 제주시 진남로10길 7 1층,(지번) 화북일동 1972-5,064-747-7205,http://jisoul.kr/
로사의프랑스자수,0.0,0건,리뷰 0,제주특별자치도 제주시 진군길 1-5,(지번) 노형동 730-3,064-745-0527,
모드락공작소,0.0,0건,리뷰 0,제주특별자치도 제주시 신설로9길 26 상가 1층 102호,(지번) 이도이동 1958-1,064-745-0527,https://smartstore.naver.com/modrak6999
뜨개생활,0.0,0건,리뷰 0,제주특별자치도 제주시 연사길 106-2,(지번) 오라이동 1970-1,연락처 없음,
소랑꽃,0.0,0건,리뷰 0,제주특별자치도 제주시 일주서로 7269 3층,(지번) 외도이동 2018-1,연락처 없음,
아트티,0.0,0건,리뷰 0,제주특별자치도 제주시 한림읍 옹포7길 25-4,(지번) 한림읍 옹포리 419-1,070-7789-8923,
클레이,0.0,0건,리뷰 0,제주특별자치도 제주시 구좌읍 한동로6길 8,(지번) 구좌읍 한동리 1856-3,070-7789-8923,https://instagram.com/klei_jeju
종이공예,0.0,0건,리뷰 0,제주특별자치도 제주시 한림읍 한림로 522,(지번) 한림읍 옹포리 217,064-796-8335,
소소한코,0.0,0건,리뷰 0,제주특별자치도 제주시 아란15길 17,(지번) 아라일동 6072-11,연락처 없음,
일루다,0.0,0건,리뷰 0,제주특별자치도 제주시 매촌4길 11 101호,(지번) 도련이동 462-3,010-9828-5245,https://blog.naver.com/minirau
탐라도,0.0,0건,리뷰 0,제주특별자치도 제주시 한림읍 정월길 25-12,(지번) 한림읍 금능리 675,연락처 없음,
프랑스자수줄리아,0.0,0건,리뷰 0,제주특별자치도 제주시 아연로 588,(지번) 아라일동 6043-2,070-4117-4412,
갤러리민들,0.0,0건,리뷰 0,제주특별자치도 제주시 한림읍 일주서로 5569,(지번) 한림읍 대림리 1461-1,연락처 없음,
라온제나제주,0.0,0건,리뷰 0,제주특별자치도 제주시 애월읍 하귀9길 2 모닝시티 532호,(지번) 애월읍 하귀1리 117-1,010-8835-6445,http://instagram.com/raonjena_jeju
애월위빙,0.0,0건,리뷰 0,제주특별자치도 제주시 애월읍 중산간서로 5649,(지번) 애월읍 상가리 1937-9,연락처 없음,http://aewolweaving.com/
은,0.0,0건,리뷰 0,제주특별자치도 서귀포시 동문로 51-2,(지번) 서귀동 258-21,064-762-5238,
화잠레더 성산포점,0.0,0건,리뷰 0,제주특별자치도 서귀포시 성산읍 고성동서로 33,(지번) 성산읍 고성리 1141-2,064-762-5238,https://blog.naver.com/h4942636
자연쏘잉공방,0.0,0건,리뷰 0,제주특별자치도 제주시 동광로13길 19,(지번) 일도2동 339-8,연락처 없음,http://blog.naver.com/5829ji
갤러,0.0,0건,리뷰 0,제주특별자치도 서귀포시 동문로 25,(지번) 서귀동 335,연락처 없음,
가내수공예,0.0,0건,리뷰 0,제주특별자치도 서귀포시 516로 351,(지번) 토평동 1762-9,연락처 없음,
오소록 점방,0.0,0건,리뷰 0,제주특별자치도 제주시 도남로 59-2,(지번) 도남동 84-13,연락처 없음,
시인의공방,0.0,0건,리뷰 1,제주특별자치도 서귀포시 동홍중앙로7번길 10,(지번) 동홍동 407-8,064-733-2012,
으,5.0,1건,리뷰 0,제주특별자치도 제주시 오현길 42,(지번) 이도1동 1551-6,064-752-5070,
트멍공방,1.0,2건,리뷰 0,제주특별자치도 서귀포시 이중섭로 28,(지번) 서귀동 511,064-767-7676,
,"D 빌롱빌롱크래프트샵 미술,공예",5.0,1건,리뷰 0,(지번) 서귀동 511,064-767-7676,http://www.belongbelong.co.kr/
베라벨거,0.0,0건,리뷰 0,제주특별자치도 서귀포시 중앙로 70-1,(지번) 서귀동 290-5,연락처 없음,
핑크&클레이,0.0,0건,리뷰 0,제주특별자치도 제주시 선덕로4길 27,(지번) 연동 318,070-4024-4533,
설레어제주,0.0,0건,리뷰 0,제주특별자치도 제주시 월구길 34 1층,(지번) 오라삼동 2330-8,070-4024-4533,http://blog.naver.com/seolleeojeju
라탄아뜰리에,0.0,0건,리뷰 0,제주특별자치도 제주시 일주서로 7867 108호,(지번) 연동 1974,연락처 없음,
37평작업실,0.0,0건,리뷰 0,제주특별자치도 서귀포시 성산읍 삼달리 2157-1,,연락처 없음,http://instagram.com/37PY_JEJU
란아뜰리에,0.0,0건,리뷰 0,제주특별자치도 제주시 우정로15길 12,(지번) 외도일동 560-2,064-743-9787,
현,0.0,0건,리뷰 0,제주특별자치도 제주시 중앙로 206,(지번) 이도1동 1774-1,064-726-5459,
공방찻집89,0.0,0건,리뷰 0,제주특별자치도 서귀포시 남원읍 태위로 773-19,(지번) 남원읍 태흥리 1760-13,연락처 없음,http://blog.naver.com/uuskyuu
캔들&플라워,0.0,0건,리뷰 3,제주특별자치도 제주시 신대로22길 40,(지번) 연동 279-2,064-773-9993,
사단법인대안공간,0.0,0건,리뷰 0,제주특별자치도 제주시 중앙로 27-1,(지번) 일도1동 1277-11,연락처 없음,
서하리,0.0,0건,리뷰 0,제주특별자치도 제주시 애월읍 부룡수길 51-11 1층,(지번) 애월읍 신엄리 2922-2,연락처 없음,http://www.instagram.com/ahoeseel
핑크공예,0.0,0건,리뷰 0,제주특별자치도 제주시 1100로 3342 소강빌딩 3층,(지번) 노형동 919-7,연락처 없음,http://cafe.daum.net/pinkcrafts
늘솜캔들,0.0,0건,리뷰 0,제주특별자치도 제주시 천수로 92,(지번) 일도이동 46,010-2637-8311,
니하예술심리상담센타,0.0,0건,리뷰 0,제주특별자치도 제주시 아란2길 27,(지번) 아라일동 6048-2,연락처 없음,
갤러리 빅,0.0,0건,리뷰 0,제주특별자치도 제주시 노형9길 9-3,(지번) 노형동 3789-7,062-722-3742,
곱들락,0.0,0건,리뷰 1,제주특별자치도 제주시 월광로 121-18,(지번) 노형동 2692,연락처 없음,http://blog.naver.com/hand_green
펠트샵인형샵,0.0,0건,리뷰 0,제주특별자치도 제주시 중앙로 93,(지번) 이도1동 1461,연락처 없음,
명아수예점,0.0,0건,리뷰 0,제주특별자치도 제주시 서광로 226,(지번) 삼도1동 572,064-753-2767,
국제,0.0,0건,리뷰 0,제주특별자치도 서귀포시 대정읍 서삼중로 117,(지번) 대정읍 무릉리 3296,064-792-7957,
연재쌤아트갤러리,0.0,0건,리뷰 0,제주특별자치도 제주시 원노형로 10 1층,(지번) 노형동 909-15,064-745-1472,
리나(Rina)공방,0.0,0건,리뷰 0,제주특별자치도 제주시 구좌읍 선유로 215,(지번) 구좌읍 김녕리 5245,연락처 없음,
아산티마크라메,0.0,0건,리뷰 0,제주특별자치도 서귀포시 안덕면 화순임중로37번길 19,(지번) 안덕면 화순리 943,010-9800-9263,https://www.instagram.com/asantimacrame/
희로,0.0,0건,리뷰 0,제주특별자치도 서귀포시 호근서호로 153,(지번) 호근동 1840-1,연락처 없음,
하루,0.0,0건,리뷰 0,제주특별자치도 제주시 한경면 고조로 492-12,(지번) 한경면 조수리 1644,연락처 없음,
아꼬펠트,0.0,0건,리뷰 0,제주특별자치도 제주시 고산동산1길 8 1층,(지번) 이도이동 1033-2,연락처 없음,http://xn--v52bn3rwskr0a.xn--3e0b707e/
푸른섬,0.0,0건,리뷰 0,제주특별자치도 서귀포시 남원읍 남원체육관로 261,(지번) 남원읍 남원리 1285-13,연락처 없음,https://blog.naver.com/jejudrawing/
무지개뜨게방,0.0,0건,리뷰 0,제주특별자치도 서귀포시 성산읍 고성동서로56번길 14,(지번) 성산읍 고성리 1132-6,064-782-3657,
조수문,0.0,0건,리뷰 0,제주특별자치도 제주시 한경면 조수3길 7,(지번) 한경면 조수리 338-2,064-742-9843,
소리나무샘,0.0,0건,리뷰 0,제주특별자치도 서귀포시 남원읍 중산간동로 5998,(지번) 남원읍 수망리 26-5,연락처 없음,
,"D 부곡산방 미술,공예",0.0,0건,리뷰 0,(지번) 남원읍 수망리 26-5,연락처 없음,https://blog.naver.com/withmusic621
닥종이예술원,0.0,0건,리뷰 0,제주특별자치도 제주시 청귤로4길 4,(지번) 이도2동 381-3,064-758-2121,
금하칠보개발연구소,0.0,0건,리뷰 0,제주특별자치도 서귀포시 효돈로99번길 18,(지번) 신효동 729-2,064-767-2616,
타라스와티,0.0,0건,리뷰 0,제주특별자치도 제주시 구좌읍 구좌로 52,(지번) 구좌읍 세화리 1419-2,064-767-2616,https://www.instagram.com/macrame_jewel_taraswati
이제야낭만 공방,0.0,0건,리뷰 0,제주특별자치도 서귀포시 성산읍 신고로22번길 39,(지번) 성산읍 고성리 208-7,연락처 없음,
꽃구름공방,5.0,1건,리뷰 0,제주특별자치도 제주시 애월읍 수산4길 11,(지번) 애월읍 수산리 895-1,연락처 없음,http://instagram.com/susan4_11_jeju
섭공방,0.0,0건,리뷰 0,제주특별자치도 서귀포시 이중섭로 26-1,(지번) 서귀동 511-3,연락처 없음,
이층작업실,4.0,1건,리뷰 0,제주특별자치도 서귀포시 태평로 417,(지번) 서귀동 551-4,연락처 없음,
핸온테이블,0.0,0건,리뷰 3,제주특별자치도 제주시 구좌읍 해맞이해안로 1142 2층,(지번) 구좌읍 평대리 2031-34,연락처 없음,
갤러,0.0,0건,리뷰 0,제주특별자치도 제주시 연북로 583,(지번) 이도이동 1986-13,연락처 없음,
솔,0.0,0건,리뷰 0,제주특별자치도 제주시 오현길 44,(지번) 이도1동 1551-8,연락처 없음,
작은쉼표,0.0,0건,리뷰 0,제주특별자치도 제주시 관덕로6길 20 1층,(지번) 삼도2동 140,064-755-5758,http://smallcomma.com/shop/main/index.php
공방들다 제주점,0.0,0건,리뷰 0,제주특별자치도 서귀포시 대정읍 무릉중앙로24번길 12-7,(지번) 대정읍 무릉리 3304-5,010-2012-5575,http://www.deulda.com/
아라공방,0.0,0건,리뷰 0,제주특별자치도 제주시 중앙로 451,(지번) 아라이동 1476-4,연락처 없음,
탐라도요,0.0,0건,리뷰 0,제주특별자치도 제주시 애월읍 곽지1길 17,(지번) 애월읍 곽지리 2059-3,064-799-1617,
,"D 영은공방 미술,공예",0.0,0건,리뷰 0,(지번) 애월읍 곽지리 2059-3,064-799-1617,
새연공방,5.0,1건,리뷰 0,제주특별자치도 제주시 애월읍 신용로 200-5,(지번) 애월읍 신엄리 1939-2,연락처 없음,
캘리랑퀼트랑,5.0,1건,리뷰 0,제주특별자치도 제주시 태성로5길 39 1층,(지번) 일도이동 101-17,연락처 없음,
담소아트스튜디오,0.0,0건,리뷰 0,제주특별자치도 제주시 은남4길 22,(지번) 연동 293-119,연락처 없음,http://artstudiodamso.com/
봉춘표구사,0.0,0건,리뷰 0,제주특별자치도 제주시 오현길 40,(지번) 이도1동 1554-14,064-752-3156,
아뜰리에다은,0.0,0건,리뷰 0,제주특별자치도 제주시 원노형5길 7,(지번) 노형동 908-1,064-901-7535,
캔비향공방,0.0,0건,리뷰 0,제주특별자치도 제주시 구남동4길 36,(지번) 이도이동 2014-18,064-702-5051,
우가네작업실,0.0,0건,리뷰 0,제주특별자치도 제주시 오복3길 11 2층,(지번) 이도이동 1052-3,010-9963-3632,https://www.instagram.com/wooga_studio/
고정당화랑,0.0,0건,리뷰 0,제주특별자치도 제주시 서광로3길 11-1,(지번) 용담1동 2824-2,연락처 없음,
서홍공방,0.0,0건,리뷰 0,제주특별자치도 서귀포시 홍중로 130,(지번) 서홍동 274,연락처 없음,http://www.instagram.com/jejunangman
반지만들기 은답하라99.9,0.0,0건,리뷰 0,제주특별자치도 서귀포시 검은여로 191 BK빌딩 1층,(지번) 토평동 1045-3,연락처 없음,https://blog.naver.com/silverring999
라미엔느스튜디오,5.0,1건,리뷰 0,제주특별자치도 제주시 삼봉로 16 203호,(지번) 삼양이동 2181-45,연락처 없음,http://instagram.com/la_mienne_studio
서툰공작소,0.0,0건,리뷰 0,제주특별자치도 제주시 해안마을길 75,(지번) 해안동 1977-6,연락처 없음,
아트진,0.0,0건,리뷰 0,제주특별자치도 서귀포시 부두로 6 1층,(지번) 서귀동 575-1,연락처 없음,
이리목,0.0,0건,리뷰 0,제주특별자치도 제주시 조천읍 신와로 158,(지번) 조천읍 신촌리 1350-4,연락처 없음,http://www.instagram.com/iri.woodstudio
너나들이,0.0,0건,리뷰 0,제주특별자치도 제주시 만덕로4길 25,(지번) 건입동 1135,064-759-9667,
참퀼트,0.0,0건,리뷰 0,제주특별자치도 서귀포시 동문로 24-1,(지번) 서귀동 279-29,연락처 없음,
꿈낭이공방,5.0,3건,리뷰 24,제주특별자치도 제주시 한경면 낙원로 92-48 1층,(지번) 한경면 조수리 2322,010-9543-0711,
김선혜닥종이문화원,0.0,0건,리뷰 0,제주특별자치도 제주시 한림읍 중산간서로 4064,(지번) 한림읍 상명리 1037,070-7571-1072,http://cafe.daum.net/gapado0202
콩앤콩공방,0.0,0건,리뷰 0,제주특별자치도 제주시 도두3길 28,(지번) 도두일동 1809-1,연락처 없음,http://blog.daum.net/_blog/BlogTypeMain.do?blogid=0QiA1
고즈,0.0,0건,리뷰 0,제주특별자치도 제주시 연삼로 521,(지번) 일도2동 69-2,064-752-5645,
나무야,0.0,0건,리뷰 0,제주특별자치도 제주시 우정로7길 7,(지번) 외도일동 479-3,064-743-3919,
유빈공방,0.0,0건,리뷰 4,제주특별자치도 제주시 서사로 134,(지번) 삼도일동 534-17,010-9939-6212,https://blog.naver.com/yoobin1992
펠롱벨,0.0,0건,리뷰 0,제주특별자치도 제주시 조천읍 북촌5길 29,(지번) 조천읍 북촌리 1348-1,연락처 없음,https://instagram.com/yeha.pellongbell?igshid=1vvwhizqiefzy
도도공방,0.0,0건,리뷰 0,제주특별자치도 서귀포시 안덕면 서광서문로 55-12,(지번) 안덕면 덕수리 214,010-4220-6846,https://blog.naver.com/duckiee/
갤러,0.0,0건,리뷰 0,제주특별자치도 제주시 서사로 43,(지번) 삼도2동 801-7,연락처 없음,
라떼르,0.0,0건,리뷰 0,제주특별자치도 제주시 서흘길 30,(지번) 삼양일동 1580,064-751-2714,
강부언,0.0,0건,리뷰 0,제주특별자치도 제주시 동문로 58,(지번) 일도2동 994-14,연락처 없음,
코리아보타니컬아트 제주지부,0.0,0건,리뷰 0,제주특별자치도 제주시 오복3길 26,(지번) 이도2동 1039-8,064-702-7708,http://cafe.daum.net/Botanical
섬.올레특산물전시장,0.0,0건,리뷰 0,제주특별자치도 제주시 선덕로 32,(지번) 연동 324-1,연락처 없음,
,"D 시올공방 미술,공예",0.0,0건,리뷰 0,(지번) 연동 324-1,연락처 없음,
자연온실,0.0,0건,리뷰 0,제주특별자치도 제주시 구좌읍 종달논길 54,(지번) 구좌읍 종달리 814-44,연락처 없음,https://www.instagram.com/natural.onsil/
상상쏘잉,0.0,0건,리뷰 0,제주특별자치도 제주시 중앙로14길 21 제주대학교 창업보육센터 202호,(지번) 삼도2동 154,064-900-9980,http://www.sssw.co.kr/
파란마음도예공방,5.0,1건,리뷰 0,제주특별자치도 제주시 애월읍 세비데미길 90,(지번) 애월읍 고성리 791-1,064-799-4278,
초록지붕앤,0.0,0건,리뷰 0,제주특별자치도 제주시 거로길 41-4 인성빌라,(지번) 화북이동 4983-3,연락처 없음,https://blog.naver.com/anncountry
공감89,0.0,0건,리뷰 0,제주특별자치도 제주시 조천읍 신북로 220,(지번) 조천읍 조천리 2229-15,연락처 없음,
제주별작업실,0.0,0건,리뷰 1,제주특별자치도 제주시 애월읍 하귀동남3길 10,(지번) 애월읍 하귀1리 201-5,010-2588-1948,
아트스튜디오그리메,0.0,0건,리뷰 0,제주특별자치도 제주시 애월읍 곽봉로 214-14,(지번) 애월읍 봉성리 3568-1,연락처 없음,http://blog.daum.net/seorahb
아트하우스,0.0,0건,리뷰 0,제주특별자치도 서귀포시 월드컵로 108,(지번) 강정동 418,064-738-9408,
벼리누리,0.0,0건,리뷰 0,제주특별자치도 제주시 신산로9길 30-9,(지번) 일도이동 317,연락처 없음,
문화예술기,0.0,0건,리뷰 0,제주특별자치도 제주시 신성로12길 21-2,(지번) 이도2동 1017,연락처 없음,
별하공방,0.0,0건,리뷰 0,제주특별자치도 제주시 연사3길 14,(지번) 오라이동 1477,연락처 없음,
솜씨공방,0.0,0건,리뷰 0,제주특별자치도 서귀포시 토평로 59,(지번) 토평동 1438-2,연락처 없음,
샛별공방,0.0,0건,리뷰 0,제주특별자치도 제주시 태성중2길 24-1,(지번) 일도이동 103,연락처 없음,
보석십자수 성산지점,0.0,0건,리뷰 0,제주특별자치도 서귀포시 성산읍 동류암로39번길 3,(지번) 성산읍 고성리 2747-18,연락처 없음,
귤림공방,5.0,1건,리뷰 0,제주특별자치도 서귀포시 효돈로123번길 21-1,(지번) 신효동 620,연락처 없음,http://blog.naver.com/gyullim_gongbang
투비공방,0.0,0건,리뷰 1,제주특별자치도 제주시 조천읍 함와로 566-29 스위스마을 210동,(지번) 조천읍 와산리 1559-1,연락처 없음,
삼다민속,0.0,0건,리뷰 0,제주특별자치도 제주시 해안동 2101,,연락처 없음,
펜클럽,0.0,0건,리뷰 0,제주특별자치도 제주시 관덕로6길 20 2층,(지번) 삼도이동 140,연락처 없음,
공방노나메,5.0,2건,리뷰 0,제주특별자치도 서귀포시 대정읍 형제해안로 258,(지번) 대정읍 상모리 77-1,연락처 없음,
탐라표류기,0.0,0건,리뷰 0,제주특별자치도 제주시 한경면 저지12길 3,(지번) 한경면 저지리 산 13-12,연락처 없음,http://tamnaboat.tistory.com/
서울수예,0.0,0건,리뷰 0,제주특별자치도 제주시 동문로4길 13,(지번) 일도일동 1103-7,064-712-7576(팩스),
곱들락 제주 핸드메이드,0.0,0건,리뷰 0,제주특별자치도 제주시 천수로9길 10,(지번) 일도이동 408,064-900-2641,
근화공방,0.0,0건,리뷰 0,제주특별자치도 서귀포시 솔동산로 6-1,(지번) 서귀동 584-3,064-732-2493,
비바글라스,0.0,0건,리뷰 0,제주특별자치도 서귀포시 쇠소깍로 151-8,(지번) 하효동 999,010-4587-5535,https://instagram.com/viva_glasss
보르미아트,0.0,0건,리뷰 0,제주특별자치도 제주시 구남동6길 31,(지번) 이도이동 2013,연락처 없음,
수에룬,0.0,0건,리뷰 0,제주특별자치도 제주시 연삼로 465,(지번) 이도이동 388-2,연락처 없음,http://suelun.co.kr/
제주,5.0,1건,리뷰 0,제주특별자치도 제주시 애월읍 납읍동3길 16-20,(지번) 애월읍 납읍리 1935,010-3692-1225,
파트론센터,0.0,0건,리뷰 0,제주특별자치도 제주시 중앙로 217 제주벤처마루 4층,(지번) 이도2동 1176-67,064-757-7720,http://patron.center/
야소미술,0.0,0건,리뷰 0,제주특별자치도 제주시 연화로2길 17-7 2층,(지번) 연동 1515-3,연락처 없음,
,"D 소소 미술,공예",0.0,0건,리뷰 0,(지번) 연동 1515-3,연락처 없음,http://www.instagram.com/scent_soso
신용공예사,0.0,0건,리뷰 0,제주특별자치도 서귀포시 토평서로11번길 150,(지번) 동홍동 774-3,064-755-6264,
화우 포슬린,0.0,0건,리뷰 0,제주특별자치도 제주시 월구길 34 1층,(지번) 오라삼동 2330-8,064-755-6264,http://www.hwawooporcelain.com/
중앙초상화실,0.0,0건,리뷰 0,제주특별자치도 제주시 중앙로 85,(지번) 이도1동 1469-2,064-752-7255,
리디아공방,0.0,0건,리뷰 0,제주특별자치도 제주시 남광로 220,(지번) 건입동 46-1,064-747-8360,
옐로우아트스,0.0,0건,리뷰 0,제주특별자치도 제주시 한림읍 귀덕7길 5,(지번) 한림읍 귀덕리 3118,연락처 없음,
바농그림,0.0,0건,리뷰 0,제주특별자치도 제주시 관덕로6길 20,(지번) 삼도2동 140,연락처 없음,
쵸니네,0.0,0건,리뷰 0,제주특별자치도 서귀포시 대정읍 형제해안로 272,(지번) 대정읍 상모리 87-2,연락처 없음,
싯딤나무공방,0.0,0건,리뷰 0,제주특별자치도 서귀포시 성산읍 일주동로 5111,(지번) 성산읍 신산리 1038-6,064-782-7552,
예원공방,0.0,0건,리뷰 0,제주특별자치도 서귀포시 동홍중앙로66번길 4-3,(지번) 동홍동 436-2,070-8802-1255,
손끝세상,0.0,0건,리뷰 0,제주특별자치도 제주시 우정로15길 12,(지번) 외도일동 560-2,연락처 없음,
은로아트센터,0.0,0건,리뷰 0,제주특별자치도 제주시 신산로9길 50,(지번) 일도2동 319-4,연락처 없음,
아뜰리에말렌,0.0,0건,리뷰 0,제주특별자치도 제주시 한경면 고조로 295,(지번) 한경면 조수리 2876-2,연락처 없음,http://blog.naver.com/atelier_malen
종이접기영재교실 제주이도지부,0.0,0건,리뷰 0,제주특별자치도 제주시 동광로1길 11,(지번) 이도1동 1259-1,070-8147-9312,
바다쓰기,0.0,0건,리뷰 0,제주특별자치도 제주시 애월읍 예원로 30,(지번) 애월읍 수산리 402-1,010-9074-2781,http://usingsea.modoo.at/
,"D 도레맘 (doremom) 미술,공예",0.0,0건,리뷰 0,(지번) 애월읍 수산리 402-1,010-9074-2781,
라벨르슈,0.0,0건,리뷰 0,제주특별자치도 제주시 서해안로 162,(지번) 도두일동 2625,연락처 없음,
가마앤조이,0.0,0건,리뷰 0,제주특별자치도 제주시 관덕로6길 13,(지번) 삼도2동 108-27,064-752-2750,http://d22750d.allthru.kr/
소나이,0.0,0건,리뷰 0,제주특별자치도 서귀포시 동부로 24 1층,(지번) 서귀동 224-10,연락처 없음,
시사랑,0.0,0건,리뷰 0,제주특별자치도 제주시 중앙로 104,(지번) 삼도이동 214,연락처 없음,
모네의미술,0.0,0건,리뷰 0,제주특별자치도 서귀포시 대정읍 상모대서로 7,(지번) 대정읍 상모리 3868-2,연락처 없음,
천연상회,0.0,0건,리뷰 0,제주특별자치도 제주시 노형동 1281-9,(지번) 대정읍 상모리 3868-2,연락처 없음,
석화아뜰리에,0.0,0건,리뷰 0,제주특별자치도 서귀포시 토평로50번길 23,(지번) 토평동 1281,연락처 없음,
그레이트 윗치 (Great witch),0.0,0건,리뷰 0,제주특별자치도 서귀포시 대정읍 에듀시티로50번길 33,(지번) 대정읍 보성리 2396,연락처 없음,
프리마베라,0.0,0건,리뷰 0,제주특별자치도 제주시 해안마을14길 13,(지번) 해안동 1340-23,연락처 없음,https://www.instagram.com/lovelybom21
신샘공방,0.0,0건,리뷰 0,제주특별자치도 제주시 애월읍 수산4길 61,(지번) 애월읍 수산리 944-1,연락처 없음,http://blog.naver.com/ekdmatls
광복쟁이여우비,0.0,0건,리뷰 0,제주특별자치도 제주시 관덕로8길 40-1,(지번) 삼도2동 193-2,연락처 없음,
안길9공방,0.0,0건,리뷰 0,제주특별자치도 제주시 광평안길 9,(지번) 노형동 2944,연락처 없음,
스토리인공방,0.0,0건,리뷰 0,제주특별자치도 제주시 연삼로 454 2층,(지번) 이도이동 397-5,010-2438-7499,http://harangcalli.modoo.at/
토담토담공방,0.0,0건,리뷰 0,제주특별자치도 제주시 애월읍 하귀로23길 12-1,(지번) 애월읍 하귀2리 1905-2,010-2438-7499,
꼬맹이 펠트,0.0,0건,리뷰 0,제주특별자치도 제주시 설촌로 15,(지번) 삼양이동 2021,064-724-2478,
흙빚는도원,0.0,0건,리뷰 0,제주특별자치도 제주시 서광로32길 27-3 1층,(지번) 이도2동 1767-20,연락처 없음,http://dowon.poko.kr/
공방 핸드메이드,0.0,0건,리뷰 0,제주특별자치도 서귀포시 이중섭로 26-1,(지번) 서귀동 511-3,연락처 없음,
은로아트,0.0,0건,리뷰 0,제주특별자치도 제주시 전농로 20,(지번) 삼도1동 498-4,064-722-1085,
오드리공방,0.0,0건,리뷰 0,제주특별자치도 서귀포시 홍중로27번길 1,(지번) 서홍동 377,연락처 없음,
시선이머무는공방,0.0,0건,리뷰 0,제주특별자치도 서귀포시 516로 463,(지번) 상효동 1288-5,064-732-2511,
아이스제,0.0,0건,리뷰 0,제주특별자치도 제주시 동광로9길 5,(지번) 이도1동 1245-1,연락처 없음,
아트스페이스산,0.0,0건,리뷰 0,제주특별자치도 제주시 조천읍 양천못길 5 1층,(지번) 조천읍 조천리 1829-23,연락처 없음,http://blog.naver.com/artist_ks
루이공방,0.0,0건,리뷰 0,제주특별자치도 제주시 한북로 163,(지번) 오등동 460-2,연락처 없음,
이레아트,0.0,0건,리뷰 0,제주특별자치도 제주시 동광로17길 5,(지번) 일도2동 359,연락처 없음,
인중,0.0,0건,리뷰 0,제주특별자치도 서귀포시 남원읍 태위로 639,(지번) 남원읍 남원리 1343-3,연락처 없음,http://www.instagram.com/saramingaundezhong
NOLDA,0.0,0건,리뷰 0,제주특별자치도 제주시 애월읍 상가북6길 7,(지번) 애월읍 상가리 1230,연락처 없음,
단미아트,0.0,0건,리뷰 0,제주특별자치도 서귀포시 중앙로 111,(지번) 서홍동 397-99,연락처 없음,
러브클레이,0.0,0건,리뷰 0,제주특별자치도 서귀포시 문부로 34,(지번) 동홍동 410-2,070-4130-3416,
인티마스튜디오,0.0,0건,리뷰 0,제주특별자치도 제주시 연화로2길 8 1층,(지번) 연동 1527-3,연락처 없음,http://www.intima.co.kr/
,"D 천예 미술,공예",0.0,0건,리뷰 0,(지번) 연동 1527-3,연락처 없음,
큐티컨츄리,0.0,0건,리뷰 0,제주특별자치도 서귀포시 동홍중앙로66번길 36-9,(지번) 동홍동 419-9,064-762-0721,
광어공방 ,4.9,8건,리뷰 33,제주특별자치도 제주시 노형6길 20,(지번) 노형동 3799-5,064-762-0721,http://www.instagram.com/kwon566
머리,4.0,3건,리뷰 0,제주특별자치도 제주시 아연로 149,(지번) 오라이동 793-1,064-762-0721,
커피공,3.6,10건,리뷰 9,제주특별자치도 제주시 조천읍 선진길 88,(지번) 조천읍 선흘리 469-8,064-762-0721,
"제주사진공방 사진관,",5.0,37건,리뷰 0,제주특별자치도 제주시 연신로 78 A동 지하,(지번) 이도이동 1951-9,064-762-0721,http://xn--ob0b910a7ldutj95al8a.kr/
토끼떡공,4.7,6건,리뷰 3,제주특별자치도 서귀포시 일주서로 1290,(지번) 상예동 4640-3,064-762-0721,https://www.instagram.com/rabbit_ricecake
서양국,4.3,18건,리뷰 10,제주특별자치도 서귀포시 태평로371번길 32 1층,(지번) 서귀동 510,064-762-0721,
제주가,0.0,0건,리뷰 0,제주특별자치도 제주시 동화로 76,(지번) 화북이동 829-1,064-702-0999,http://www.nangsarang.com/
휴도자기공방카,5.0,1건,리뷰 3,제주특별자치도 서귀포시 대정읍 영어도시로 70,(지번) 대정읍 구억리 1018-3,064-792-0620,
광어공방,4.3,3건,리뷰 1,제주특별자치도 제주시 신설로2길 1-3,(지번) 이도이동 1970-18,064-792-0620,
토예랑도자기공방 도,5.0,3건,리뷰 2,제주특별자치도 제주시 애월읍 고하상로 104,(지번) 애월읍 하가리 1365-6,064-792-0620,http://blog.naver.com/toyerangdoye
제주해바라기카,4.5,6건,리뷰 0,제주특별자치도 제주시 조천읍 일주동로 1584 1층,(지번) 조천읍 북촌리 362,064-792-0620,https://blog.naver.com/smorry1203
그림공,0.0,0건,리뷰 0,제주특별자치도 제주시 신산로15길 36,(지번) 일도2동 360,064-723-3525,
틀가구공방 ,5.0,1건,리뷰 0,제주특별자치도 제주시 명림로 10-4,(지번) 봉개동 603-3,연락처 없음,
선흘공,0.0,0건,리뷰 0,제주특별자치도 제주시 남광북3길 11 지층,(지번) 이도이동 1067-11,연락처 없음,
미라인N네일,0.0,0건,리뷰 0,제주특별자치도 제주시 서광로 288,(지번) 이도2동 1776-3,연락처 없음,
효경공,0.0,0건,리뷰 0,제주특별자치도 제주시 월랑로4길 42,(지번) 노형동 1273-2,064-748-2658,
더와이공방 ,0.0,0건,리뷰 0,제주특별자치도 제주시 구남로6길 25,(지번) 이도이동 2002-10,064-758-0625,
포서네귤체험농장앤,0.0,0건,리뷰 0,제주특별자치도 서귀포시 남원읍 태수로70번길 27,(지번) 남원읍 태흥리 822,연락처 없음,
M&Z나,0.0,0건,리뷰 0,제주특별자치도 제주시 도령북길 8,(지번) 연동 2315-3,064-745-1214,
저지도예공방,5.0,1건,리뷰 0,제주특별자치도 제주시 한경면 저지4길 33,(지번) 한경면 저지리 1593,064-745-1214,
둘이,0.0,0건,리뷰 0,제주특별자치도 제주시 조천읍 신흥로2길 20-4,(지번) 조천읍 신흥리 55-1,연락처 없음,
해,0.0,0건,리뷰 0,제주특별자치도 제주시 동광로1길 25,(지번) 이도일동 1260-36,064-757-7257,
가는길에공방,5.0,2건,리뷰 0,제주특별자치도 제주시 동문로4길 14,(지번) 일도일동 1144-1,064-757-7257,http://ganeungil.cityfood.co.kr/
진선,0.0,0건,리뷰 0,제주특별자치도 제주시 서광로13길 22,(지번) 삼도1동 523,064-758-1924,
애월화가 그림공,0.0,0건,리뷰 0,제주특별자치도 제주시 애월읍 하소로 684-6,(지번) 애월읍 유수암리 2693,010-5100-1518,https://band.us/@jejuart
토끼네공방 ,0.0,0건,리뷰 0,제주특별자치도 제주시 아연로 295-1,(지번) 오등동 1692-10,연락처 없음,
반쪽이공방,0.0,0건,리뷰 0,제주특별자치도 제주시 서광로25길 19,(지번) 삼도일동 557,064-746-4580,
강정효사,0.0,0건,리뷰 0,제주특별자치도 제주시 애월읍 고성10길 11,(지번) 애월읍 광령리 3989-2,연락처 없음,
,D 차걸신찻집 전통찻집,5.0,1건,리뷰 0,(지번) 애월읍 광령리 3989-2,연락처 없음,https://www.instagram.com/chaqishen
모리가,0.0,0건,리뷰 2,제주특별자치도 서귀포시 효돈순환로 7-7,(지번) 신효동 651-19,연락처 없음,https://blog.naver.com/mory_jejuisland
홍춘열퀼트카페공방 ,0.0,0건,리뷰 0,제주특별자치도 서귀포시 성산읍 혼인지로 4,(지번) 성산읍 온평리 518-1,064-755-0357,
중섭문화공방,5.0,3건,리뷰 0,제주특별자치도 서귀포시 이중섭로 26,(지번) 서귀동 511-5,연락처 없음,
탱크공,0.0,0건,리뷰 0,제주특별자치도 제주시 구좌읍 덕평로 383,(지번) 구좌읍 덕천리 261,연락처 없음,
제주공방,0.0,0건,리뷰 0,제주특별자치도 제주시 애월읍 하귀로15길 25,(지번) 애월읍 하귀1리 666-1,연락처 없음,
ok,0.0,0건,리뷰 0,제주특별자치도 제주시 남광로 75,(지번) 이도2동 439-12,064-752-5772,
휴도예공방 ,0.0,0건,리뷰 0,제주특별자치도 서귀포시 대정읍 영어도시로 70,(지번) 대정읍 구억리 1018-3,연락처 없음,
수정공,0.0,0건,리뷰 0,제주특별자치도 제주시 서사로14길 13,(지번) 삼도일동 527-3,연락처 없음,
"마린사진공방 사진관,",0.0,0건,리뷰 0,제주특별자치도 제주시 은수길 69,(지번) 연동 1320,연락처 없음,https://www.instagram.com/photobymarin/
하하공,0.0,0건,리뷰 0,제주특별자치도 제주시 한림읍 한림중앙로 113,(지번) 한림읍 동명리 1540-6,연락처 없음,
함지박한지공예방&천연염,0.0,0건,리뷰 0,제주특별자치도 제주시 조천읍 신촌북3길 27,(지번) 조천읍 신촌리 2358-1,064-782-9678,
손사랑공,0.0,0건,리뷰 0,제주특별자치도 제주시 신대로12길 51,(지번) 연동 272-33,연락처 없음,
금,0.0,0건,리뷰 0,제주특별자치도 서귀포시 성산읍 동류암로39번길 3,(지번) 성산읍 고성리 2747-18,064-782-4338,
지우한,0.0,0건,리뷰 0,제주특별자치도 제주시 승천로2길 17,(지번) 이도2동 1071-3,연락처 없음,
,D 김태연 천연염색공방 의류판매,0.0,0건,리뷰 0,(지번) 이도2동 1071-3,연락처 없음,
크,0.0,0건,리뷰 0,제주특별자치도 제주시 애월읍 하귀10길 11-12,(지번) 애월읍 하귀1리 520,연락처 없음,
숲속나무공,0.0,0건,리뷰 0,제주특별자치도 제주시 애월읍 유소길 34,(지번) 애월읍 유수암리 2440-1,연락처 없음,
륜공,0.0,0건,리뷰 0,제주특별자치도 제주시 지석14길 4,(지번) 삼양이동 2180-11,연락처 없음,
제주민속촌서각공,0.0,0건,리뷰 0,제주특별자치도 서귀포시 표선면 민속해안로 631-34,(지번) 표선면 표선리 40-1,연락처 없음,
흙토야도예공,0.0,0건,리뷰 0,제주특별자치도 제주시 어영길 45-6,(지번) 용담삼동 1129-2,연락처 없음,
동헌(東軒)공,0.0,0건,리뷰 0,제주특별자치도 제주시 월산남길 5,(지번) 노형동 3375-1,064-747-1022,
라벤더공방 인테,0.0,0건,리뷰 0,제주특별자치도 서귀포시 동홍로162번길 30,(지번) 동홍동 1230-1,연락처 없음,
휴럼 제주점 ,0.0,0건,리뷰 0,제주특별자치도 서귀포시 남원읍 신례동로 121-17,(지번) 남원읍 신례리 1575,064-767-1077,
아이아트,0.0,0건,리뷰 0,제주특별자치도 제주시 고마로15길 4,(지번) 일도2동 377,연락처 없음,
